{"type":"FeatureCollection","features":[{"type":"Feature","geometry":{"coordinates":[[[-1.57569574411352,47.2112779869579],[-1.57575919512457,47.2111764369698],[-1.57364061693672,47.2105637387474],[-1.57395337676827,47.2100323749013],[-1.57467772026881,47.2089289459122],[-1.5753684991218,47.2093091022583],[-1.57709550871878,47.20978773223],[-1.57718175387503,47.2096386249716],[-1.5771998802018,47.2096099046372],[-1.57776137099774,47.2087205841314],[-1.57865124813388,47.2073066166611],[-1.57885122731049,47.2073771025141],[-1.57869606008248,47.207626555297],[-1.57951149805463,47.2077736758947],[-1.57996451967549,47.2084555111477],[-1.58076799709101,47.2091198493371],[-1.58073868664625,47.2091458707453],[-1.58052745815497,47.2092718696212],[-1.58052682288944,47.2092722481902],[-1.58040878458525,47.2093426418124],[-1.58039719974826,47.2093541134744],[-1.58038939262496,47.2093618724258],[-1.58037477389197,47.209376402667],[-1.58024895869711,47.2095012809788],[-1.58015808491628,47.2096582275979],[-1.58015660631961,47.2096607808003],[-1.58015866181944,47.209665297999],[-1.5804015187771,47.2101988204806],[-1.58040247920564,47.2102009339842],[-1.58042200130629,47.2102438826872],[-1.58043098121989,47.2102636603476],[-1.58043903455468,47.2102815799658],[-1.58098959085393,47.2115038176812],[-1.58102109386125,47.2115737519176],[-1.58021899074573,47.2117903397361],[-1.58014588097705,47.2118117190544],[-1.57906719394725,47.212127154343],[-1.57704871727573,47.2115515998583],[-1.57690170258592,47.211722240972],[-1.57626074084233,47.21184281945],[-1.57609532182634,47.2117841227164],[-1.57597658046646,47.211741948935],[-1.57575969813071,47.211628531907],[-1.57572339993735,47.2115586992623],[-1.57570871107456,47.2115150626264],[-1.57568334603471,47.2114392751586],[-1.57569574411352,47.2112779869579]]],"type":"Polygon"},"properties":{"gid":"6080","idbureau":"1090445","commune":"Nantes","code_insee":"44109","numero_bureau":"445","lien_lieu_vote":"109023","nom":"Leloup Bouhier","site":"Ecole Elementaire","num_canton":"4"}},{"type":"Feature","geometry":{"coordinates":[[[-1.57511063673571,47.2043970876861],[-1.5754402974049,47.2046145853083],[-1.57580278905617,47.2048057459048],[-1.57641503288105,47.2051933368164],[-1.57668065265892,47.205500187683],[-1.57668730852447,47.2055080718717],[-1.57702904543961,47.2059068254417],[-1.57717311362849,47.2058345603839],[-1.57719751122126,47.2058664245571],[-1.57722894083902,47.205911200408],[-1.57731926165587,47.2060365751498],[-1.57740476601424,47.2061594097241],[-1.57741846899597,47.2061768663997],[-1.57748049218956,47.2062659115705],[-1.57753450948008,47.2063412656788],[-1.57760284171583,47.2064443289919],[-1.57815028270752,47.207138182451],[-1.57865124813388,47.2073066166611],[-1.57776137099774,47.2087205841314],[-1.5771998802018,47.2096099046372],[-1.57718175387503,47.2096386249716],[-1.57709550871878,47.20978773223],[-1.5753684991218,47.2093091022583],[-1.57467772026881,47.2089289459122],[-1.57407683823777,47.2085253782443],[-1.57365924855757,47.2082461926593],[-1.57331801147239,47.2083570264388],[-1.57122999375008,47.2080739568309],[-1.57092129963382,47.2078087235301],[-1.56976943269724,47.206799364308],[-1.56995109510468,47.2067232238771],[-1.57006977301682,47.2066514164219],[-1.57011069499396,47.2066266568097],[-1.5702141252708,47.2065640740476],[-1.57035794230038,47.206483945259],[-1.57040743181637,47.2064563719358],[-1.57072641005458,47.2062850549049],[-1.5707610105585,47.2062665064644],[-1.5709769781701,47.20615073219],[-1.57114497731223,47.2060259648102],[-1.57147779357928,47.205816165959],[-1.57171163436591,47.2056410690408],[-1.57204888314617,47.2053580711755],[-1.57223263472196,47.2051848512279],[-1.57245850203077,47.2049929079027],[-1.5726733042154,47.2047490090413],[-1.57273272069573,47.2046685426634],[-1.57388477944458,47.2049105633805],[-1.57408827273331,47.2050112909378],[-1.57433763042128,47.2051354999638],[-1.57447051196112,47.2052013391693],[-1.57459266992843,47.2052615924822],[-1.57472107250931,47.2051394232769],[-1.57504928172978,47.2045141890769],[-1.57511063673571,47.2043970876861]]],"type":"Polygon"},"properties":{"gid":"6006","idbureau":"1090444","commune":"Nantes","code_insee":"44109","numero_bureau":"444","lien_lieu_vote":"109023","nom":"Leloup Bouhier","site":"Ecole Elementaire","num_canton":"4"}},{"type":"Feature","geometry":{"coordinates":[[[-1.60951951671272,47.2110312498933],[-1.60948264739704,47.2110737269024],[-1.60939285321922,47.2111771772951],[-1.60878678207012,47.2109822388591],[-1.60879291850654,47.2109700348083],[-1.60885249246452,47.2108515471319],[-1.60888720069332,47.210782626502],[-1.60792372139871,47.2105997949861],[-1.60710291007766,47.2105088998093],[-1.60488623339085,47.2102633560991],[-1.6035266213704,47.2101126788217],[-1.60353762548146,47.2100987922204],[-1.60369307060206,47.2099012665696],[-1.60381467878521,47.2097468699947],[-1.6039414821543,47.209594819613],[-1.60406004620639,47.2094350326691],[-1.60406017759639,47.209434854388],[-1.60409936487442,47.2093819875037],[-1.60424964888616,47.2090982594681],[-1.60436502342193,47.2088682349896],[-1.60454480420866,47.2089384684553],[-1.60483599821789,47.2090522757068],[-1.60538505993344,47.2092668628171],[-1.60551630594215,47.2091124047323],[-1.60554366913439,47.2090801243163],[-1.60625268429531,47.2082565794631],[-1.60628627447547,47.2082173294458],[-1.60640733863043,47.2080700657142],[-1.6065283946256,47.207920908914],[-1.607064337191,47.2073046892426],[-1.60981541074925,47.2083966557349],[-1.60936676353896,47.2089340697367],[-1.61004946064116,47.2091974783728],[-1.61024080586735,47.2093455782679],[-1.61079888406922,47.2095515396134],[-1.61075925041546,47.2095973973687],[-1.61075791360012,47.2095989432911],[-1.61058427949009,47.2097998420542],[-1.6104100169699,47.2100003854529],[-1.6104026438532,47.2100090483235],[-1.61033725848043,47.2100858613043],[-1.61000922035942,47.2104654258105],[-1.60996297374609,47.2105189360376],[-1.60989388369019,47.2105988765126],[-1.60967908343127,47.2108474127006],[-1.60951951671272,47.2110312498933]]],"type":"Polygon"},"properties":{"gid":"6068","idbureau":"1090471","commune":"Nantes","code_insee":"44109","numero_bureau":"471","lien_lieu_vote":"109048","nom":"Jean Zay","site":"Groupe Scolaire","num_canton":"4"}},{"type":"Feature","geometry":{"coordinates":[[[-1.57764608799765,47.1973977293538],[-1.57762362138015,47.1974255669921],[-1.57731084721554,47.1978131363049],[-1.57634930053349,47.1992787137151],[-1.57611193232128,47.1996400690533],[-1.57600146127351,47.1998082422116],[-1.57483757626351,47.2015824078739],[-1.57397445529825,47.2028980656265],[-1.57397421474187,47.202898436547],[-1.57396294942239,47.2029156059662],[-1.57394221308674,47.2029472484433],[-1.57347187549261,47.2036641301661],[-1.57310489816795,47.2042234064506],[-1.57297885838105,47.204369953325],[-1.57297723167939,47.2043718455222],[-1.57288388986634,47.2044780565823],[-1.57281799098414,47.2045530647076],[-1.57273271937798,47.2046685427159],[-1.57267330561015,47.2047490098868],[-1.57245850327153,47.2049929069522],[-1.57223263611671,47.2051848520734],[-1.57204888454083,47.2053580720211],[-1.57171163297115,47.2056410681952],[-1.57147779489706,47.2058161659066],[-1.57114497591747,47.2060259639646],[-1.5709769781701,47.20615073219],[-1.57076100637431,47.2062665039276],[-1.57072640865982,47.2062850540593],[-1.57040743321113,47.2064563727814],[-1.57036006412571,47.2064827524672],[-1.57035918032184,47.2064832399908],[-1.57035794230038,47.206483945259],[-1.57021412534776,47.2065640749456],[-1.57011069507092,47.2066266577078],[-1.57006977309378,47.2066514173199],[-1.56995109649944,47.2067232247227],[-1.56976943269724,47.206799364308],[-1.56976505833844,47.2068011972962],[-1.56956391068707,47.2068855044489],[-1.56932310693349,47.2069635579127],[-1.56902561861257,47.2070907282793],[-1.56870895455819,47.2072268354282],[-1.56841079742687,47.2073612339748],[-1.56813003963256,47.2074678420366],[-1.56799038680075,47.2075374216129],[-1.56785540566721,47.2076148627652],[-1.5676244064464,47.2077150982125],[-1.56731340323061,47.2078238074004],[-1.56727406588719,47.2078281113261],[-1.56730243373911,47.2078705577082],[-1.56601175278653,47.2083566952468],[-1.56325067249064,47.2091354865037],[-1.56256385314756,47.2091542757475],[-1.5615724332266,47.2047543968118],[-1.55799613111773,47.2051170520672],[-1.55787827242108,47.2042677003557],[-1.55513909513532,47.2045625530388],[-1.5545918812098,47.2017674990196],[-1.55655182640555,47.1999903825549],[-1.55722249553909,47.1980334398841],[-1.56172765922293,47.1980483550928],[-1.56202533564716,47.1980493224209],[-1.56317641441114,47.1980535876361],[-1.56381673498584,47.1980541770355],[-1.56543523642843,47.1980577695007],[-1.56618994861236,47.1980602845861],[-1.56718611113839,47.1980617501731],[-1.56774096886901,47.1980647262851],[-1.56909321288846,47.1980683174962],[-1.56981594891531,47.1980694681974],[-1.57061414019,47.1980717554522],[-1.57085304765502,47.1980718857444],[-1.57120267671977,47.1980681477519],[-1.57143516886879,47.1980623615982],[-1.57157087838806,47.198058983477],[-1.5721418442977,47.1980431850068],[-1.57274376410093,47.1980137157507],[-1.57396418068232,47.1979523050881],[-1.57403022916397,47.1979470289758],[-1.57412844504319,47.1979391826643],[-1.57436501046981,47.1979120057321],[-1.5746897607121,47.1978632926152],[-1.57564682735078,47.1977141380061],[-1.57670577108132,47.1975505513957],[-1.57725019647503,47.1974643284952],[-1.5775232026812,47.1974135251071],[-1.57762018510451,47.1974020890138],[-1.57764608799765,47.1973977293538]]],"type":"Polygon"},"properties":{"gid":"6178","idbureau":"1090343","commune":"Nantes","code_insee":"44109","numero_bureau":"343","lien_lieu_vote":"109054","nom":"Aim\u00e9 C\u00e9saire","site":"Ecole Primaire","num_canton":"3"}},{"type":"Feature","geometry":{"coordinates":[[[-1.53884593927746,47.256025901727],[-1.53877455476359,47.2561076531824],[-1.53842361210626,47.2565089650725],[-1.53790210548285,47.2569471204002],[-1.53789672292071,47.2569516426565],[-1.53728954198415,47.2575161559067],[-1.53673369997095,47.2582656077359],[-1.53646406785972,47.2585092623159],[-1.53635210945307,47.2586306377466],[-1.53607816812196,47.2594219873173],[-1.53607783677066,47.2594229455985],[-1.53630681344237,47.2599405748884],[-1.5282708918077,47.258956907948],[-1.52430172040457,47.258848354874],[-1.52153841679918,47.2587834626095],[-1.51824805649929,47.2584322410709],[-1.51802832691557,47.258177314475],[-1.51798936048742,47.2580092034164],[-1.51865633685762,47.2573718565723],[-1.5191008331241,47.2575278553078],[-1.51963708705721,47.2570757275672],[-1.51917925207219,47.2561054469784],[-1.51880106468276,47.2548947358502],[-1.51839074482863,47.2532655695278],[-1.51865497779098,47.2532738499327],[-1.52239116697452,47.2542734732909],[-1.52240683318005,47.254276011417],[-1.52254388093494,47.25429808534],[-1.52256048073076,47.2543007705229],[-1.52554237581893,47.2509497828677],[-1.52677362759411,47.2516569892916],[-1.52782569129495,47.2522875168521],[-1.52811528179528,47.2524435333767],[-1.52845360742891,47.2526259291512],[-1.52869041385755,47.2527323750591],[-1.52903837501473,47.2528888655263],[-1.52965520005247,47.2530736328352],[-1.52989415636351,47.2531383955938],[-1.53184815825648,47.2536678560662],[-1.53288172903228,47.2539774206109],[-1.53362163016355,47.2541990169296],[-1.53443034713986,47.2544246949137],[-1.53450069302524,47.254444311628],[-1.53467789315862,47.2535919239023],[-1.53652502222277,47.2536639343704],[-1.53914561595398,47.252992910261],[-1.53914324957854,47.2535516706307],[-1.53917715401056,47.2543772501799],[-1.53920012676564,47.254896947199],[-1.53915264731938,47.2552778967556],[-1.53910221642035,47.2556739203227],[-1.53909548822825,47.2556881524073],[-1.53907563964491,47.2557223654603],[-1.53906936620477,47.2557326149363],[-1.53903482535331,47.2557776802502],[-1.53903458450211,47.2557779600788],[-1.5389063248312,47.255961073899],[-1.53885060279075,47.2560208951129],[-1.53884593927746,47.256025901727]]],"type":"Polygon"},"properties":{"gid":"6176","idbureau":"1090755","commune":"Nantes","code_insee":"44109","numero_bureau":"755","lien_lieu_vote":"109036","nom":"Beaujoire","site":"Ecole Elementaire","num_canton":"7"}},{"type":"Feature","geometry":{"coordinates":[[[-1.52968370544778,47.2746454610037],[-1.52952180732544,47.27485736753],[-1.52938830211441,47.2750335929833],[-1.52938706541409,47.2750352257386],[-1.52933861732306,47.2751038116092],[-1.52925152337434,47.275224063864],[-1.52925034931463,47.2752256860406],[-1.52913231334136,47.2753773862079],[-1.52911154561361,47.2754040642571],[-1.52904747372271,47.2754952319764],[-1.52904635293221,47.2754968268228],[-1.52900778155568,47.2755475359885],[-1.52895739967171,47.2756137722106],[-1.52575328504503,47.2758240643132],[-1.52430942121405,47.2759423626705],[-1.51716383384354,47.2730598591858],[-1.51625080959985,47.2721828590256],[-1.5159508666959,47.2719466356608],[-1.51688265346669,47.2712755299323],[-1.51829580359455,47.2705758155744],[-1.51884206201406,47.2703334664136],[-1.51910789601054,47.2701205890582],[-1.51949499243976,47.2697690955362],[-1.51969682362103,47.2694485687246],[-1.52000883125952,47.2690486098704],[-1.52019632210321,47.2688081715475],[-1.5204093614703,47.2687073852438],[-1.52077177540053,47.2688356783861],[-1.52140496178432,47.2685555696203],[-1.52182894607326,47.2690218010856],[-1.52175806785378,47.2699831789344],[-1.52152736366985,47.2704021315682],[-1.52204663315969,47.270604255703],[-1.522440114338,47.2700627772087],[-1.5239749078775,47.2705883874795],[-1.52352366253274,47.2711818837003],[-1.53033811152816,47.2738687461728],[-1.5301746322179,47.2740480451305],[-1.53001241483061,47.2742259587354],[-1.53001079580774,47.2742277345112],[-1.52989646507524,47.2743746943561],[-1.52968370544778,47.2746454610037]]],"type":"Polygon"},"properties":{"gid":"6177","idbureau":"1090763","commune":"Nantes","code_insee":"44109","numero_bureau":"763","lien_lieu_vote":"109037","nom":"Louis Pergaud","site":"Ecole Maternelle","num_canton":"7"}},{"type":"Feature","geometry":{"coordinates":[[[-1.50960432559216,47.2764210200093],[-1.50960481438665,47.2764044966394],[-1.5096101156096,47.2762252095514],[-1.50961227974412,47.276152046485],[-1.50961237836433,47.2761486925807],[-1.50962369810099,47.2757658822081],[-1.50962371752596,47.2757652047712],[-1.50963264934665,47.2754636727992],[-1.50963265010806,47.2754631267439],[-1.50963266355062,47.2754626522738],[-1.50963316558973,47.2752741114473],[-1.50963346542404,47.2751613895825],[-1.50963398040108,47.2749684674153],[-1.50862061761825,47.274829850907],[-1.50850726032382,47.2748143434369],[-1.50850507036705,47.274814043667],[-1.50849782511869,47.2748130482994],[-1.5084510041439,47.2748066379698],[-1.50753372269494,47.2746883454016],[-1.50683839220166,47.2745978458802],[-1.50667874192922,47.2745770636885],[-1.50627125798128,47.2745228335673],[-1.50622190057345,47.2745159171683],[-1.50604266414122,47.2744908037023],[-1.50600198847768,47.2744851030493],[-1.50576329458256,47.2744502040317],[-1.50570214460257,47.2744412590946],[-1.50557544414079,47.274421022286],[-1.50551598557208,47.2744115226143],[-1.50530351460807,47.2743678588599],[-1.50509383297388,47.2743227338905],[-1.50478865039976,47.27423476707],[-1.50465989041308,47.2741924077201],[-1.50465176874942,47.2741897353989],[-1.5045774668252,47.2741652821558],[-1.50447990420837,47.2741296663649],[-1.50447280340918,47.2741270738742],[-1.50430067316997,47.2740642182032],[-1.50370151883887,47.273828900783],[-1.50370116417779,47.2738287615003],[-1.50358328838708,47.2737824570599],[-1.5033874932694,47.2736999169184],[-1.50289147388578,47.2735037629478],[-1.50283607800827,47.2734818551651],[-1.50230441949031,47.2732734565959],[-1.49992813251857,47.2723356010337],[-1.49946185095999,47.2721455486941],[-1.49943662447132,47.2721352730966],[-1.49943674590204,47.2721351277844],[-1.4995755320748,47.2719680865181],[-1.49957574358765,47.2719678322603],[-1.49963177109281,47.2719003971552],[-1.50008954976517,47.2713532129099],[-1.50039592202333,47.2709792603219],[-1.50101615999995,47.2702266121495],[-1.50122890591823,47.2699508543862],[-1.50137002167194,47.2697616206025],[-1.50141972672613,47.2696949734708],[-1.50157662053319,47.2694431200523],[-1.50187171024456,47.2688607639223],[-1.50191824153633,47.2687644771075],[-1.50195433672743,47.2687736309261],[-1.51037918507596,47.2711771302201],[-1.510498772731,47.271189537579],[-1.51005675902455,47.2718909249452],[-1.51166189260674,47.2722613344449],[-1.51247668174377,47.2721120653456],[-1.51402478101561,47.2725598708801],[-1.51434095118972,47.2722915539843],[-1.51516097060746,47.2725980531536],[-1.51551654034236,47.2722051201398],[-1.5159508666959,47.2719466356608],[-1.51625080959985,47.2721828590256],[-1.51716383384354,47.2730598591858],[-1.52430942121405,47.2759423626705],[-1.52303185095773,47.2760469749215],[-1.52016577555016,47.2767966736608],[-1.5189357664239,47.2772217230849],[-1.51514245371295,47.2790099956183],[-1.51491168154572,47.2791978267319],[-1.51061389220306,47.2831070966859],[-1.51051047468521,47.2828521156977],[-1.51048381550052,47.2827863706322],[-1.51048194663291,47.2827817838027],[-1.51045524389203,47.2827160395395],[-1.51030562863064,47.2823473420227],[-1.51020757431057,47.2821059344434],[-1.51008424780499,47.2818019880961],[-1.5100653029897,47.2817553540089],[-1.51001850966816,47.2816402056948],[-1.50992966241584,47.2815151257357],[-1.50982653718336,47.2813699594577],[-1.50981256811143,47.2813504143118],[-1.50972267661978,47.2812239209108],[-1.50964178354367,47.2811098692002],[-1.50962957272182,47.2810926977775],[-1.50962570344515,47.2810872523147],[-1.50961954118699,47.2810785737734],[-1.50961021454961,47.2810654249722],[-1.50960089179988,47.2810522751168],[-1.50958505437322,47.2810299748831],[-1.50956828268262,47.2810063516305],[-1.50956821655564,47.2810062587144],[-1.50951536070632,47.2809319177986],[-1.50944289291576,47.2808297895862],[-1.50935689819414,47.280708639425],[-1.50931992488718,47.2806566581959],[-1.50917737065604,47.2804583153221],[-1.5091686383858,47.280446163151],[-1.50915107545638,47.2804217130944],[-1.50913081149551,47.2803934945192],[-1.50911898101403,47.2803770424777],[-1.50908204855904,47.2803256632744],[-1.50905801771268,47.2802921898184],[-1.50890329400963,47.2800768690941],[-1.5088600539758,47.2800166664853],[-1.50878352593499,47.2799101361211],[-1.50868864073524,47.279778038829],[-1.50861622255569,47.279677334575],[-1.50860640936882,47.2796636875926],[-1.50878417237233,47.2794066725988],[-1.50879595897762,47.2793861580038],[-1.50880806277635,47.2793650894503],[-1.5089531110804,47.2791126195015],[-1.50898184807205,47.2789645417455],[-1.50901081791036,47.2788153222439],[-1.5090171778089,47.2787824924788],[-1.50919212625006,47.2781807497657],[-1.50923624771105,47.2780305566293],[-1.50926851802439,47.2779206745186],[-1.50942149989276,47.2773999528099],[-1.50954067967985,47.2769733266171],[-1.50956698097157,47.276866266205],[-1.50958509216485,47.276792539892],[-1.50959243228325,47.2766506044238],[-1.50960432559216,47.2764210200093]]],"type":"Polygon"},"properties":{"gid":"6168","idbureau":"1090773","commune":"Nantes","code_insee":"44109","numero_bureau":"773","lien_lieu_vote":"109056","nom":"Germaine Tillion","site":"Ecole Primaire","num_canton":"7"}},{"type":"Feature","geometry":{"coordinates":[[[-1.50877623080144,47.2414444902861],[-1.50739475784869,47.2418293702857],[-1.50682504031282,47.2422254592306],[-1.5066880981607,47.242145454156],[-1.50658182822393,47.2422254587499],[-1.5063455468711,47.2421931675864],[-1.50614260621822,47.2424076177526],[-1.50565754268023,47.2429200355247],[-1.50519603321703,47.2433996937436],[-1.50495469828571,47.2436505483034],[-1.50436623304796,47.2441249745111],[-1.50336114976436,47.2435401539594],[-1.50326265751816,47.2434669663126],[-1.50237263888638,47.2429702603648],[-1.50153809603872,47.2418290842953],[-1.50059962183652,47.2405457353576],[-1.50097998409053,47.2402879186992],[-1.50140726165495,47.2399319078514],[-1.50174171091181,47.2397623502967],[-1.5036319136706,47.2389075716154],[-1.50455356422859,47.2385250808257],[-1.50496218856172,47.2384143838365],[-1.50538433304372,47.2383577193207],[-1.50736849552312,47.2380794901286],[-1.50743790838082,47.2375861395739],[-1.50782469735525,47.2377238391564],[-1.50793425823619,47.2377450427963],[-1.50928552440089,47.2380063865621],[-1.50970360516875,47.238086376624],[-1.50962919390576,47.2382304451951],[-1.50935477941318,47.2386735280769],[-1.50887349470607,47.2385423229774],[-1.50867041952655,47.2388926013464],[-1.50898100522983,47.238961682916],[-1.5091861211545,47.2390721094438],[-1.50835454347247,47.2396146481708],[-1.50813368911067,47.2397819711865],[-1.50903897181957,47.241110863065],[-1.50890931520155,47.2411727406974],[-1.50865208023303,47.2412443636075],[-1.50877623080144,47.2414444902861]]],"type":"Polygon"},"properties":{"gid":"6128","idbureau":"1090732","commune":"Nantes","code_insee":"44109","numero_bureau":"732","lien_lieu_vote":"109040","nom":"Maurice Mac\u00e9","site":"Ecole Maternelle","num_canton":"7"}},{"type":"Feature","geometry":{"coordinates":[[[-1.50049438347671,47.2315725135386],[-1.50062030049767,47.2314819012931],[-1.50321921316758,47.2296115739163],[-1.50323449245251,47.2296199808577],[-1.50369915274105,47.2298562377723],[-1.50460446765022,47.2301231154987],[-1.50531808841726,47.2302982033841],[-1.50596356478796,47.2304651996078],[-1.50690066225582,47.2306054499291],[-1.50773191315831,47.2307759708013],[-1.50882568589067,47.2310814750212],[-1.50890885677988,47.2311421973592],[-1.50828467209914,47.2315624505076],[-1.50872502756358,47.2317838308307],[-1.51014591070035,47.2324600167413],[-1.51077275740832,47.2327241646426],[-1.5115170391611,47.2324514670769],[-1.51194861248077,47.232912519409],[-1.51165949489839,47.2330146662021],[-1.51152715912086,47.2330830260883],[-1.51089344273818,47.2333193375549],[-1.50997499475867,47.233661787215],[-1.50995575415444,47.2336682839419],[-1.50970018222473,47.2338213636525],[-1.50965048832324,47.2338511212944],[-1.50936941113488,47.2341552832622],[-1.50883351669396,47.2348642268579],[-1.50881938040348,47.2348828871366],[-1.50875827362792,47.2349580586487],[-1.50793313635101,47.2359721470259],[-1.50702362870682,47.2359687827529],[-1.50661094581886,47.235967319198],[-1.50640870324058,47.2359665837809],[-1.50570754534474,47.2359293330641],[-1.5056627952621,47.2358475139635],[-1.50582673597272,47.2351751172339],[-1.50589885775293,47.2348794637755],[-1.50594879933952,47.2346744325946],[-1.50623184615029,47.2343145607752],[-1.50594107488093,47.2341747418325],[-1.50527696719584,47.2339901707858],[-1.50540339787833,47.2339039058609],[-1.50517089634932,47.2338039362306],[-1.50488925912902,47.2338335834673],[-1.5030253226984,47.232862714283],[-1.50279640299188,47.2327093872348],[-1.50256232057428,47.2326112650181],[-1.50049438347671,47.2315725135386]]],"type":"Polygon"},"properties":{"gid":"6055","idbureau":"1090734","commune":"Nantes","code_insee":"44109","numero_bureau":"734","lien_lieu_vote":"109040","nom":"Maurice Mac\u00e9","site":"Ecole Maternelle","num_canton":"7"}},{"type":"Feature","geometry":{"coordinates":[[[-1.57964438498071,47.2580108506047],[-1.57666049235507,47.2580180644816],[-1.57654103934941,47.2576801326114],[-1.57629876483581,47.2577502236253],[-1.57575049063577,47.2579087909937],[-1.5755175408014,47.2579761338091],[-1.5754377601317,47.2579633461897],[-1.57523763855304,47.2579314035721],[-1.575230399727,47.2579302283669],[-1.57412096859993,47.2577530159212],[-1.57236237743601,47.2574964805766],[-1.57116909359775,47.2573248026956],[-1.57103651203175,47.2572829113356],[-1.57076799055297,47.2572671443731],[-1.57076762568873,47.2571697939039],[-1.5707936857447,47.2566338232031],[-1.57079902959653,47.256522316839],[-1.5708188425816,47.2557921825074],[-1.57082040669292,47.2557357507035],[-1.57095472458965,47.2555190918177],[-1.57101363478012,47.2554997086373],[-1.57118772439465,47.255380148266],[-1.57187254170073,47.2550282849838],[-1.5721218026914,47.2549001379875],[-1.57217401990958,47.254876123058],[-1.57443510821432,47.2538376442507],[-1.57473299707049,47.2537324308144],[-1.57516706308469,47.2536406110778],[-1.57551002397803,47.2536018707596],[-1.5761924487127,47.253536925122],[-1.57624216626605,47.2538410599899],[-1.57637851091784,47.2541834484327],[-1.57645040325285,47.2543640459446],[-1.57661408196427,47.2545208042456],[-1.57668029356595,47.2545967419589],[-1.57673161016567,47.2546548907172],[-1.57677193153171,47.2547005918393],[-1.57685560583341,47.2547964688397],[-1.57692089484778,47.2548724431763],[-1.57694245913678,47.2548969949243],[-1.576991837184,47.2549541394861],[-1.57703854803359,47.2550079661376],[-1.57707960582018,47.2550560707626],[-1.57711025822425,47.2550908933215],[-1.57715692925761,47.2551473346556],[-1.57719267575934,47.2551890728705],[-1.57723492016032,47.2552386620311],[-1.5772877266921,47.2552987336235],[-1.57731581233499,47.2553314056551],[-1.57736816861509,47.2553923962301],[-1.57744577372378,47.2554807652802],[-1.57775158245147,47.2558298292034],[-1.57786077250893,47.2559546052307],[-1.57790246811078,47.2560024138801],[-1.57794964594372,47.2560570325944],[-1.57799137257202,47.2561052004137],[-1.57801457394411,47.2561318493825],[-1.57808358886734,47.2562110988682],[-1.57810587546503,47.2562363425274],[-1.57815734252998,47.2562946649734],[-1.57821252392216,47.256357705291],[-1.57825611234702,47.2564075109247],[-1.57827570008033,47.2564306093556],[-1.57828644776795,47.2564432469286],[-1.5783001189976,47.2564591020494],[-1.57839169315605,47.2565636742515],[-1.5784111498091,47.2565852460447],[-1.57845132533257,47.2566338359445],[-1.57856182154494,47.256759911005],[-1.57864272605211,47.2568527434613],[-1.5786648041025,47.2568770942547],[-1.57871832809373,47.2569362356308],[-1.57876848520932,47.2569947001396],[-1.57882276017461,47.2570579565372],[-1.57887782103146,47.2571164959757],[-1.57897705409884,47.2572239164555],[-1.5790037147121,47.2572553833971],[-1.57907425089495,47.2573399782723],[-1.57918336722261,47.25746998246],[-1.57946477181598,47.2578058678331],[-1.57964322242349,47.2580095209726],[-1.57964438498071,47.2580108506047]]],"type":"Polygon"},"properties":{"gid":"6148","idbureau":"1090662","commune":"Nantes","code_insee":"44109","numero_bureau":"662","lien_lieu_vote":"109031","nom":"Chauvini\u00e8re","site":"Ecole Maternelle","num_canton":"6"}},{"type":"Feature","geometry":{"coordinates":[[[-1.57235988650358,47.2574954623322],[-1.57411847762204,47.257751997715],[-1.57523514754551,47.2579303853901],[-1.57495367513085,47.2587740499142],[-1.57461074977096,47.2601594890456],[-1.5745311054058,47.2605955037124],[-1.57446475794717,47.2609582071228],[-1.57443265253703,47.261485199297],[-1.57423237620902,47.2613933632309],[-1.57242596748118,47.2613150761024],[-1.57118616578801,47.2614060756631],[-1.57039878522118,47.2615323598351],[-1.56758670149233,47.2620897880584],[-1.56717597434471,47.2621942086959],[-1.56704882792736,47.2610469991655],[-1.56872529951723,47.2595748431986],[-1.56962378643853,47.2591242533119],[-1.57038987425984,47.2591904506973],[-1.57060326864758,47.2584334969033],[-1.57076832680867,47.2579963933009],[-1.57076549966168,47.2572661260941],[-1.57103402113471,47.2572818930625],[-1.57116660269612,47.2573237844254],[-1.57235988650358,47.2574954623322]]],"type":"Polygon"},"properties":{"gid":"6149","idbureau":"1090663","commune":"Nantes","code_insee":"44109","numero_bureau":"663","lien_lieu_vote":"109031","nom":"Chauvini\u00e8re","site":"Ecole Maternelle","num_canton":"6"}},{"type":"Feature","geometry":{"coordinates":[[[-1.53946531319641,47.2068919413028],[-1.53824462881939,47.20539697608],[-1.53810482292014,47.2052257762196],[-1.53806581196343,47.205177913411],[-1.53781202638164,47.2048670625024],[-1.53663220614059,47.2034333958699],[-1.53648686909904,47.2032567037527],[-1.53516016501729,47.2016329674921],[-1.5351605139471,47.2016121481082],[-1.53545158211758,47.2014960894448],[-1.53959022320004,47.2002230961997],[-1.54095342085648,47.2020682039868],[-1.54014381082801,47.2023216922275],[-1.54102860659267,47.2035587309008],[-1.54241943388288,47.2030658171042],[-1.54238276061013,47.2034771331069],[-1.54237364861996,47.2038310427525],[-1.54225009118329,47.2056587176972],[-1.53946531319641,47.2068919413028]]],"type":"Polygon"},"properties":{"gid":"5979","idbureau":"1090354","commune":"Nantes","code_insee":"44109","numero_bureau":"354","lien_lieu_vote":"109055","nom":"Jane Vialle","site":"Ecole Elementaire","num_canton":"3"}},{"type":"Feature","geometry":{"coordinates":[[[-1.57985601438984,47.2162432792454],[-1.58131709325887,47.2170493779587],[-1.58185107558748,47.2173387227136],[-1.58151566686443,47.2180986055978],[-1.58104180777018,47.2190532351429],[-1.5807800933288,47.2196209171386],[-1.58070619790111,47.2197871746376],[-1.58155755870568,47.2199148712204],[-1.58151403767733,47.2200337096486],[-1.58149551530006,47.2201003598095],[-1.58142220081104,47.2201427547981],[-1.58130716753286,47.2202092600127],[-1.58119668014481,47.2205962635932],[-1.58109306887076,47.2207177751763],[-1.5809923160964,47.220842250765],[-1.58087244394372,47.2212491142443],[-1.58093638675176,47.2214940921386],[-1.58092896633888,47.2215155141872],[-1.58068607381699,47.2222195527165],[-1.58063943797777,47.2223446242153],[-1.58057159227324,47.222526706547],[-1.58024712109024,47.2225191747891],[-1.57920750271856,47.2221644042906],[-1.57801630499554,47.2217579391795],[-1.57783993236768,47.2216168431998],[-1.57761885356325,47.2214465537704],[-1.57741768769011,47.2212918891342],[-1.57707155057115,47.2210999968698],[-1.57669479075012,47.2209430957914],[-1.57625100875414,47.2207772083566],[-1.57604585885418,47.2207234663405],[-1.57625217949534,47.2205544575932],[-1.57634547082109,47.2204780370739],[-1.57716076591948,47.2198740974429],[-1.5772364415282,47.2198133415986],[-1.57725001783866,47.2198019856719],[-1.57730755628182,47.2197553544892],[-1.57748528679158,47.2196114245424],[-1.57775990315489,47.219385935328],[-1.57855019681755,47.2196152508222],[-1.57925358210669,47.2188681030491],[-1.57996372046646,47.218034703972],[-1.57989233866751,47.2179895745363],[-1.57928799137089,47.2176852245268],[-1.57965363551133,47.2172676704646],[-1.57990958458368,47.2169806594478],[-1.5796556126557,47.2162252299956],[-1.57964005528291,47.2161788331765],[-1.57985601438984,47.2162432792454]]],"type":"Polygon"},"properties":{"gid":"6036","idbureau":"1090541","commune":"Nantes","code_insee":"44109","numero_bureau":"541","lien_lieu_vote":"109020","nom":"Fraternit\u00e9","site":"Ecole El\u00e9mentaire","num_canton":"5"}},{"type":"Feature","geometry":{"coordinates":[[[-1.53602143591183,47.1891104181062],[-1.53623751554597,47.1894628475369],[-1.53629147291406,47.1895362248412],[-1.5364117219431,47.1896912323218],[-1.53649803618469,47.1897922551529],[-1.53654326115906,47.1898406574224],[-1.53666243269691,47.1899658818859],[-1.53680113493361,47.1901078150981],[-1.53687903429465,47.1901906983434],[-1.53694083633751,47.1902381749935],[-1.53713522082156,47.1903960186138],[-1.53734966201952,47.1905720817436],[-1.53754158403237,47.1907304726265],[-1.53753844730021,47.1907417698742],[-1.53762716265316,47.1908088168646],[-1.53774117909911,47.190901355104],[-1.53821353539907,47.1912733860476],[-1.53842689868491,47.1914366948331],[-1.53863597659905,47.1915946761706],[-1.53875117396824,47.1916746419643],[-1.53901340324914,47.1918544896651],[-1.53929588293968,47.1920346173737],[-1.53962976842964,47.192219199342],[-1.54018639642147,47.1925094072658],[-1.5402432076296,47.1925354540225],[-1.540453452244,47.192638151508],[-1.53970246494229,47.1930580297278],[-1.53766202529373,47.194160452868],[-1.53759668361453,47.1942070554633],[-1.53783841375348,47.1947261802622],[-1.53794142107251,47.1949115024576],[-1.53809196669693,47.1952607619194],[-1.53844069565669,47.1957737728921],[-1.53859475508324,47.1960838298038],[-1.53840522939601,47.1963571608582],[-1.53680792534181,47.1958098445685],[-1.53553165132087,47.1954310420985],[-1.53345204509781,47.1947202029973],[-1.53185776142049,47.194118227592],[-1.53024597861508,47.1935660831014],[-1.53180268134107,47.1930616037435],[-1.53276045760376,47.1927024985997],[-1.53297020422392,47.1926080909912],[-1.53357249353582,47.1924605087776],[-1.53461127839909,47.1918989846222],[-1.53486219938613,47.1917747272132],[-1.53492152488287,47.1915957500908],[-1.53620326542996,47.1906707318645],[-1.53548232082511,47.1901731100676],[-1.53521388257987,47.1899874938199],[-1.53484460842984,47.1897044796249],[-1.53437322115814,47.189642955318],[-1.53418693738486,47.1893781983925],[-1.53344326598403,47.1887319928867],[-1.53448820076798,47.1881578366814],[-1.5354783487686,47.1878846399247],[-1.53552306047665,47.1880215261066],[-1.53554793630737,47.1880933495497],[-1.53554825839704,47.1880941685095],[-1.53566209731695,47.1883835782814],[-1.5357383683651,47.188568617578],[-1.53585090145091,47.1888054771262],[-1.53592471888986,47.188939883118],[-1.53602143591183,47.1891104181062]]],"type":"Polygon"},"properties":{"gid":"6159","idbureau":"1090382","commune":"Nantes","code_insee":"44109","numero_bureau":"382","lien_lieu_vote":"109043","nom":"Ledru Rollin","site":"Ecole Elementaire","num_canton":"3"}},{"type":"Feature","geometry":{"coordinates":[[[-1.52893901992999,47.1857782186198],[-1.52966153151168,47.1862681698509],[-1.5301558991623,47.1866977761201],[-1.5305987008116,47.1864774696856],[-1.53078151545251,47.1865922941414],[-1.53031110114172,47.1868327107601],[-1.53033986041357,47.1868576849707],[-1.53163781958549,47.1879459905988],[-1.53103811852137,47.1882147990495],[-1.53085612793931,47.18826882717],[-1.53057085620167,47.1886289432194],[-1.52921254097775,47.1896815716926],[-1.52873778682969,47.1899831031265],[-1.52645065380911,47.1910043475182],[-1.52634500365734,47.1908769294589],[-1.52558664181324,47.1899619615536],[-1.52469676005018,47.1889670936464],[-1.52454097562491,47.1887929002127],[-1.52476044239417,47.1886959275552],[-1.52540479219283,47.1881005162281],[-1.52572218626828,47.1877677943139],[-1.5262513433673,47.1871729028765],[-1.52650952491769,47.1869571823991],[-1.52776596649455,47.1862542187689],[-1.5284115047893,47.1858664389086],[-1.52841024200433,47.1858361318714],[-1.52893901992999,47.1857782186198]]],"type":"Polygon"},"properties":{"gid":"6162","idbureau":"1090384","commune":"Nantes","code_insee":"44109","numero_bureau":"384","lien_lieu_vote":"109043","nom":"Ledru Rollin","site":"Ecole Elementaire","num_canton":"3"}},{"type":"Feature","geometry":{"coordinates":[[[-1.53492800233292,47.1863358405313],[-1.53492923692937,47.1863375830789],[-1.53492941420571,47.1863378337806],[-1.53495095205537,47.1863682328158],[-1.5349784312409,47.1864085062024],[-1.53505691679695,47.1865419172168],[-1.53510558043246,47.1866494743832],[-1.53512266638361,47.1866918704038],[-1.53512452617807,47.1866972510922],[-1.53526902700224,47.1871152666567],[-1.53530568847367,47.1872293351318],[-1.53535682581496,47.1874281628377],[-1.5354296677248,47.1877065983723],[-1.535463378022,47.1878388047878],[-1.53546419120274,47.1878412956497],[-1.5354783487686,47.1878846399247],[-1.53543469035403,47.1878966857784],[-1.53448820076798,47.1881578366814],[-1.53344326598403,47.1887319928867],[-1.53418693738486,47.1893781983925],[-1.53437322115814,47.189642955318],[-1.53484460842984,47.1897044796249],[-1.53521388257987,47.1899874938199],[-1.53548232082511,47.1901731100676],[-1.53620326542996,47.1906707318645],[-1.53492152488287,47.1915957500908],[-1.53486219938613,47.1917747272132],[-1.53461127839909,47.1918989846222],[-1.53357249353582,47.1924605087776],[-1.53297020422392,47.1926080909912],[-1.53276045760376,47.1927024985997],[-1.53180268134107,47.1930616037435],[-1.53024597861508,47.1935660831014],[-1.52791101120182,47.1927660874367],[-1.52645065380911,47.1910043475182],[-1.52873778682969,47.1899831031265],[-1.52921254097775,47.1896815716926],[-1.53057085620167,47.1886289432194],[-1.53085614886452,47.1882688245419],[-1.53103811852137,47.1882147990495],[-1.53163781958549,47.1879459905988],[-1.53490429978744,47.1863461039331],[-1.53492800233292,47.1863358405313]]],"type":"Polygon"},"properties":{"gid":"6161","idbureau":"1090383","commune":"Nantes","code_insee":"44109","numero_bureau":"383","lien_lieu_vote":"109043","nom":"Ledru Rollin","site":"Ecole Elementaire","num_canton":"3"}},{"type":"Feature","geometry":{"coordinates":[[[-1.55920773647765,47.2200504327955],[-1.5593820283964,47.2201330993277],[-1.55943942417797,47.2201603222013],[-1.55995175243042,47.2202862138537],[-1.56045345980511,47.220458578234],[-1.56049379753993,47.2204660414518],[-1.56076634772381,47.2205742743349],[-1.56161216634938,47.2209332414385],[-1.5615734365176,47.2213035614597],[-1.56151559341647,47.2218019719117],[-1.56150845771172,47.2218634619696],[-1.56203693137715,47.2218663130666],[-1.56239962416525,47.2218682688237],[-1.56243414118936,47.2218684548241],[-1.56256327783907,47.2218462533915],[-1.56263481363683,47.2219408400907],[-1.56306129821633,47.2225047402126],[-1.56309883634444,47.2225595006449],[-1.56261547938512,47.2227948906078],[-1.56276002355008,47.2229242909471],[-1.56225362285019,47.2231669516632],[-1.56101110833893,47.2237623460234],[-1.55914037816603,47.224680320881],[-1.55912453274794,47.2249384522228],[-1.55900757072075,47.2247756897536],[-1.55849452733766,47.2241393097909],[-1.55778092438997,47.2233192985936],[-1.55753621602763,47.2230215171189],[-1.55731028583845,47.2231035441594],[-1.55665993633096,47.2223275056583],[-1.55570465670502,47.2212249971674],[-1.55564131097128,47.2211519247831],[-1.55558111473975,47.2210823524772],[-1.55505249085482,47.2205305226021],[-1.55508980787601,47.2205037720316],[-1.55503763732244,47.2204481623336],[-1.55490868788446,47.2203038103954],[-1.55489070003968,47.2202818995574],[-1.55485937379004,47.2202437802135],[-1.55497423875167,47.2201726229568],[-1.55521156250166,47.2204383262569],[-1.55576259189632,47.2210545217064],[-1.55590382652819,47.2212022376279],[-1.55907680675033,47.2220292459737],[-1.5589360570167,47.2212018597997],[-1.55874858578217,47.2202537408223],[-1.55877281741241,47.2202451757618],[-1.55920773647765,47.2200504327955]]],"type":"Polygon"},"properties":{"gid":"6012","idbureau":"1090142","commune":"Nantes","code_insee":"44109","numero_bureau":"142","lien_lieu_vote":"109002","nom":"Noire","site":"Ecole Primaire","num_canton":"1"}},{"type":"Feature","geometry":{"coordinates":[[[-1.59178533858349,47.2218585189844],[-1.59141581347479,47.2219954107611],[-1.59159033003897,47.2222061687712],[-1.5916421330167,47.2222940257669],[-1.59175759906906,47.2223829520081],[-1.59262786210232,47.222650072442],[-1.59243326517516,47.2228394606843],[-1.5915666144271,47.2229492464581],[-1.59089427630789,47.2234567263873],[-1.58994588554678,47.2236132416561],[-1.58905009835614,47.2245246279871],[-1.58890946649128,47.2246604728695],[-1.58910538887692,47.2247574700853],[-1.58808049778536,47.2257731319151],[-1.58629694515625,47.2268490983265],[-1.58599584087741,47.2269423885961],[-1.58595809372172,47.227022755727],[-1.58527498806422,47.2268164041303],[-1.5845744060172,47.2266043448147],[-1.5839530563315,47.2265604444042],[-1.58334846851625,47.2264583263084],[-1.58307636571579,47.2264115572955],[-1.58316579990547,47.2262534183241],[-1.58483586405278,47.2233017914238],[-1.58536841264011,47.2223383908857],[-1.58573000583669,47.2222229621174],[-1.58771895647609,47.2220621380691],[-1.59030802116241,47.2219053394572],[-1.59178533858349,47.2218585189844]]],"type":"Polygon"},"properties":{"gid":"6064","idbureau":"1090512","commune":"Nantes","code_insee":"44109","numero_bureau":"512","lien_lieu_vote":"109047","nom":"Grand Carcouet","site":"Ecole Elementaire","num_canton":"5"}},{"type":"Feature","geometry":{"coordinates":[[[-1.57732233757772,47.2472338469497],[-1.57733245882692,47.2473394674085],[-1.57733512307439,47.2474153541784],[-1.57733655767252,47.24745637744],[-1.57733198088367,47.2475047677197],[-1.57733057761259,47.2475192409535],[-1.57732785629563,47.2475322348456],[-1.57731963787374,47.2475709060145],[-1.57731442183855,47.2475954033898],[-1.57731381343089,47.2475983029817],[-1.57730643415199,47.2476326785981],[-1.57730251070598,47.2476584977372],[-1.57730204894603,47.2476618104916],[-1.57729986160365,47.2476763221636],[-1.57729915941604,47.2476809799005],[-1.57729538967,47.247705923371],[-1.57729341622199,47.2477140828944],[-1.57729149160174,47.2477220097954],[-1.57727674805195,47.2477834346123],[-1.57727316439596,47.2477983596302],[-1.5772632136092,47.2478395561455],[-1.57724518769186,47.2479147928457],[-1.57723551129592,47.2479536229941],[-1.57722236022278,47.2480063519859],[-1.57721625882691,47.2480308341546],[-1.57720868301485,47.248061490703],[-1.57720633429827,47.2480709663348],[-1.57719807078131,47.2481041850211],[-1.57719095474761,47.2481298267461],[-1.57719092226597,47.2481299415764],[-1.57631843213736,47.2480191046742],[-1.57203527744893,47.2474251465125],[-1.57202951354444,47.2484087100226],[-1.57023570333744,47.2482233286531],[-1.57014943813711,47.2479568592615],[-1.57019050411504,47.2476570735397],[-1.57011141193492,47.2471772542556],[-1.5701671482791,47.2468303154677],[-1.57034849232951,47.246804991548],[-1.57043107178618,47.2466606936987],[-1.57138655995459,47.2453714225257],[-1.57134764810466,47.2451573834794],[-1.57224007694015,47.2451271426369],[-1.57236618576162,47.2451532183514],[-1.57251018303133,47.2451635601987],[-1.57259530272248,47.2451519372145],[-1.57272768771061,47.2451317824307],[-1.57277791354386,47.2451241348654],[-1.57292048530483,47.2451148893555],[-1.57306464349576,47.245127383096],[-1.57315511409493,47.2451509745583],[-1.57369526052182,47.244662056834],[-1.57434047655953,47.2442735114908],[-1.57523486530516,47.2439699991094],[-1.57535429818492,47.2441255490305],[-1.57726609422082,47.2433617475461],[-1.5770818752791,47.2442821958974],[-1.57629623312007,47.2451102857065],[-1.57640927609922,47.2452669551308],[-1.57721492479309,47.2464638253497],[-1.57742346315507,47.2468625977488],[-1.57748814960844,47.2469946934407],[-1.57738661932134,47.2470051949104],[-1.57737806666415,47.2470060771396],[-1.57737803605881,47.2470060828641],[-1.57739073186648,47.2470570425536],[-1.57739073961013,47.2470570710798],[-1.57740152524833,47.2471004746764],[-1.57741235143036,47.247157273971],[-1.57741236125692,47.2471573267436],[-1.57732339140667,47.2471548595265],[-1.57732335967899,47.2471548598892],[-1.57733484951359,47.2472008080339],[-1.57733680416136,47.2472174002245],[-1.57732233757772,47.2472338469497]]],"type":"Polygon"},"properties":{"gid":"6132","idbureau":"1090636","commune":"Nantes","code_insee":"44109","numero_bureau":"636","lien_lieu_vote":"109030","nom":"Muloti\u00e8re","site":"Groupe Scolaire","num_canton":"6"}},{"type":"Feature","geometry":{"coordinates":[[[-1.53816964108004,47.2411691796411],[-1.53828934108601,47.2413628534413],[-1.53868781642872,47.2415654437932],[-1.53932719454068,47.2418145162078],[-1.53953349459924,47.2418635077407],[-1.54005414571665,47.2419871474692],[-1.54044204921597,47.2420729102273],[-1.54044242456793,47.2420729674802],[-1.5405917097393,47.2420958888662],[-1.54077197552254,47.2420356983299],[-1.54090326407479,47.2420223671884],[-1.54115795389594,47.242058386677],[-1.54151407264716,47.2420741524743],[-1.54163500014783,47.2420784618922],[-1.5417669495205,47.2420742043585],[-1.54190999414541,47.2420424636585],[-1.54240011511226,47.2418725950476],[-1.54253219585864,47.241868332321],[-1.54261532577273,47.2418758884006],[-1.54267757385338,47.2418815460588],[-1.54283137227695,47.241935471877],[-1.54309853474152,47.2420291449269],[-1.54309919318665,47.242029154936],[-1.54329674258714,47.2420322037152],[-1.54372674939561,47.2419179418126],[-1.54457280160019,47.241916311262],[-1.54467458003386,47.2418681220119],[-1.54483171893532,47.2418629232131],[-1.5454742040047,47.2419684716113],[-1.54547469634496,47.2419686593797],[-1.54577453285637,47.2420829243081],[-1.54707395779519,47.242103118872],[-1.54710223905243,47.2421082909466],[-1.54750547180096,47.2421791040261],[-1.54680995784441,47.2436832907253],[-1.54680990311183,47.2436834091283],[-1.54537766075706,47.2461546088683],[-1.54518905696884,47.2463369461253],[-1.54481534061312,47.2466933088264],[-1.54464765584025,47.2468559377414],[-1.54219026247024,47.2486926565668],[-1.54090559046612,47.2496772281591],[-1.54087358599262,47.2497117282934],[-1.53869508027074,47.2491157448634],[-1.53767324584716,47.2487555822729],[-1.53806492398485,47.2480638645585],[-1.53854533607761,47.2481041937266],[-1.53893704119651,47.2480026803657],[-1.53931565273398,47.2475525903619],[-1.53795416523008,47.2469676905342],[-1.53751906721205,47.2468041598339],[-1.53737103724008,47.2467454548433],[-1.537667962789,47.2463581023242],[-1.5376107995136,47.245486740214],[-1.53777217870591,47.2455290518235],[-1.53795902320006,47.2449368004299],[-1.53823036728324,47.2447808754318],[-1.53673772204238,47.2438849628913],[-1.53790045613527,47.2413126917998],[-1.53781825739652,47.2412613239748],[-1.53798775058093,47.2412105972499],[-1.53816964108004,47.2411691796411]]],"type":"Polygon"},"properties":{"gid":"6138","idbureau":"1090711","commune":"Nantes","code_insee":"44109","numero_bureau":"711","lien_lieu_vote":"109035","nom":"Marsauderies","site":"Ecole Elementaire","num_canton":"7"}},{"type":"Feature","geometry":{"coordinates":[[[-1.533165066213,47.2451162220771],[-1.53510887360442,47.2456727138597],[-1.53524202548951,47.2454566766992],[-1.53580735050466,47.2456178297162],[-1.53593629799867,47.2456560996364],[-1.53622989128433,47.2457432427644],[-1.53648003943312,47.2451903027864],[-1.5376107995136,47.245486740214],[-1.537667962789,47.2463581023242],[-1.53737103724008,47.2467454548433],[-1.53751906721205,47.2468041598339],[-1.53795416523008,47.2469676905342],[-1.53931565273398,47.2475525903619],[-1.53893704119651,47.2480026803657],[-1.53854533607761,47.2481041937266],[-1.53806492398485,47.2480638645585],[-1.53767324584716,47.2487555822729],[-1.53869508027074,47.2491157448634],[-1.54087358599262,47.2497117282934],[-1.5403595078507,47.2502658869838],[-1.53993235692627,47.250728953173],[-1.53970695100197,47.2511030091075],[-1.53959243886651,47.2514393829036],[-1.53942174078327,47.2518985128998],[-1.53769968330604,47.2523379775972],[-1.53725535172846,47.2524858426119],[-1.53671512622904,47.2526503429227],[-1.53684579232117,47.2523724237413],[-1.53716261109589,47.2512530670421],[-1.53572973331549,47.2510002701517],[-1.53463595522724,47.2507300397366],[-1.53398692635325,47.2508952976002],[-1.53369573366476,47.2509694688415],[-1.53305730253876,47.250868128425],[-1.53319107180555,47.2506491924423],[-1.53162853284728,47.2501668865444],[-1.53229269760286,47.2491742360049],[-1.53034816285876,47.2490991260273],[-1.53047983812526,47.2486298798638],[-1.53130019345206,47.2475289634673],[-1.5312515953923,47.2475081686751],[-1.53112187268275,47.2474519047912],[-1.53224634884344,47.2464781307082],[-1.53277422378237,47.2458383383264],[-1.533165066213,47.2451162220771]]],"type":"Polygon"},"properties":{"gid":"6139","idbureau":"1090712","commune":"Nantes","code_insee":"44109","numero_bureau":"712","lien_lieu_vote":"109035","nom":"Marsauderies","site":"Ecole Elementaire","num_canton":"7"}},{"type":"Feature","geometry":{"coordinates":[[[-1.56720941670702,47.211461523474],[-1.56710513347288,47.2114507354035],[-1.56701327608533,47.2113257668219],[-1.56724132787007,47.2112810249486],[-1.56712188025422,47.2109301092081],[-1.56701956931768,47.2106201365646],[-1.56670362312872,47.2096752933781],[-1.56660177311053,47.2093788138994],[-1.56800791382758,47.2089264134924],[-1.56812848979447,47.2089757406498],[-1.56925048734445,47.2092993489738],[-1.57009402655592,47.2095509813911],[-1.57035833046823,47.2096298223267],[-1.5702855537011,47.2097228987258],[-1.57051400981266,47.2097779347055],[-1.5705409531957,47.2098767830033],[-1.57055047415229,47.2099117104618],[-1.57055588224571,47.2099262081668],[-1.57090425348356,47.2108600355204],[-1.57091218372352,47.2108812918993],[-1.57095325042542,47.2109964490237],[-1.57111196682253,47.2114415040878],[-1.57113575869537,47.2115070852327],[-1.5701832596951,47.2117041934812],[-1.56938411311639,47.2118604387091],[-1.56980099493885,47.2126804405334],[-1.56963858309283,47.2127172878617],[-1.56921760727126,47.2117831285483],[-1.56916519805645,47.2116807851478],[-1.56808447634139,47.211907354276],[-1.56799880653724,47.2119252974557],[-1.56796443264278,47.2119324974866],[-1.56775065512121,47.2119773000922],[-1.56744102199874,47.2115505933824],[-1.56720941670702,47.211461523474]]],"type":"Polygon"},"properties":{"gid":"6070","idbureau":"1090312","commune":"Nantes","code_insee":"44109","numero_bureau":"312","lien_lieu_vote":"109022","nom":"Andr\u00e9 Lermite","site":"Ecole Elementaire","num_canton":"3"}},{"type":"Feature","geometry":{"coordinates":[[[-1.5355076348639,47.2219210018446],[-1.53619984512932,47.2229236153844],[-1.53662199302065,47.2235491533623],[-1.53704412364038,47.2241746502207],[-1.53767866378953,47.2250902950329],[-1.53786800074977,47.2251378820879],[-1.53788869895576,47.2251460002426],[-1.53805837590771,47.2252125452986],[-1.53809441187678,47.225226268501],[-1.53816768823069,47.2252541736879],[-1.53982415795709,47.2262154366396],[-1.54043243698524,47.2258644298373],[-1.54080589422236,47.2261337885282],[-1.53985948758386,47.2267852766113],[-1.54024911846272,47.2269781924352],[-1.53992340920182,47.2277375222214],[-1.54122210915403,47.2282882467662],[-1.54137333324804,47.2283516080941],[-1.53838644711951,47.2312982390918],[-1.53832363086393,47.2311539900075],[-1.53818601776527,47.2313242465088],[-1.53734998366092,47.2308665219033],[-1.53633965951964,47.2306933979454],[-1.5355704985507,47.2302440379275],[-1.53557001184393,47.2297130654255],[-1.53500449424995,47.2294197764313],[-1.53352131284877,47.2284214914544],[-1.53318330988064,47.2284435072172],[-1.53236527904736,47.2278530881666],[-1.53213171450897,47.2272030901285],[-1.53273558049095,47.2270590764511],[-1.53317190094367,47.2269549059946],[-1.53599696915086,47.2259222705765],[-1.53676377838675,47.2256532404577],[-1.53518558159967,47.2242908500976],[-1.5351501341409,47.2240585892981],[-1.53532009893647,47.2227130436476],[-1.53545045864934,47.2220132602259],[-1.5355076348639,47.2219210018446]]],"type":"Polygon"},"properties":{"gid":"6097","idbureau":"1090242","commune":"Nantes","code_insee":"44109","numero_bureau":"242","lien_lieu_vote":"109008","nom":"Alice Guy","site":"Ecole Primaire","num_canton":"2"}},{"type":"Feature","geometry":{"coordinates":[[[-1.53172557754934,47.2266952342371],[-1.53213171450897,47.2272030901285],[-1.53236527904736,47.2278530881666],[-1.53318330988064,47.2284435072172],[-1.53324165585288,47.2288699932219],[-1.53273238757658,47.2288340338047],[-1.53177126595659,47.2293388672548],[-1.53160782189746,47.2293813218878],[-1.53141928656495,47.2294302939971],[-1.53125382611351,47.2296216506901],[-1.53229197915907,47.230918900022],[-1.53107955321931,47.2315787882594],[-1.5309166924011,47.2317824869119],[-1.53069195474148,47.231835864112],[-1.5290161863175,47.2306882813695],[-1.5273955372483,47.2294816840024],[-1.52626824562999,47.2285894734348],[-1.52630581983756,47.228454283801],[-1.52664657685815,47.2284453856916],[-1.52707098675253,47.2281632170094],[-1.52811647282747,47.2287364876607],[-1.52881125078406,47.2282745709343],[-1.52908485324466,47.2282989029174],[-1.529634412494,47.2280544081578],[-1.53112479755555,47.2270045028137],[-1.53172557754934,47.2266952342371]]],"type":"Polygon"},"properties":{"gid":"6003","idbureau":"1090244","commune":"Nantes","code_insee":"44109","numero_bureau":"244","lien_lieu_vote":"109008","nom":"Alice Guy","site":"Ecole Primaire","num_canton":"2"}},{"type":"Feature","geometry":{"coordinates":[[[-1.53172557754934,47.2266952342371],[-1.53112479755555,47.2270045028137],[-1.529634412494,47.2280544081578],[-1.52908485324466,47.2282989029174],[-1.52894467024739,47.2281685928208],[-1.52993923010127,47.227394627276],[-1.53004246556427,47.2273887325164],[-1.5301000810294,47.227355368592],[-1.52913281822844,47.2267904816198],[-1.5288212248032,47.2266428660159],[-1.52885705368599,47.2265769955353],[-1.52900582550639,47.2263266645986],[-1.52972388641816,47.2257940726779],[-1.53049488864432,47.2252607788614],[-1.5307642132167,47.2252535442717],[-1.53069011516373,47.2250770699484],[-1.5304969775304,47.2250408565201],[-1.53067023973028,47.2249173250896],[-1.53127929506258,47.224464935408],[-1.53208932310493,47.2239414909489],[-1.53304926009273,47.223343110244],[-1.53374723871038,47.2228978082575],[-1.53451709945393,47.2224045116767],[-1.53523486386118,47.2219607882787],[-1.5355076348639,47.2219210018446],[-1.53545045864934,47.2220132602259],[-1.53532009893647,47.2227130436476],[-1.5351501341409,47.2240585892981],[-1.53518558159967,47.2242908500976],[-1.53676377838675,47.2256532404577],[-1.53599696915086,47.2259222705765],[-1.53317190094367,47.2269549059946],[-1.53273558049095,47.2270590764511],[-1.53257467208333,47.2270974428487],[-1.53213171450897,47.2272030901285],[-1.53172557754934,47.2266952342371]]],"type":"Polygon"},"properties":{"gid":"6041","idbureau":"1090221","commune":"Nantes","code_insee":"44109","numero_bureau":"221","lien_lieu_vote":"109009","nom":"Louis Guiotton","site":"Ecole Maternelle","num_canton":"2"}},{"type":"Feature","geometry":{"coordinates":[[[-1.52279393454161,47.2259231364102],[-1.5247268572082,47.225292258872],[-1.52469261173788,47.2252299132318],[-1.52515748930605,47.2250615871557],[-1.52581619176118,47.2248220090566],[-1.52653372086306,47.2247654575772],[-1.52791581970946,47.2248288360144],[-1.5286520833367,47.2239591521735],[-1.52870919160595,47.2238639260536],[-1.52914684792631,47.2231379954485],[-1.53028741142879,47.2233850751483],[-1.53021299363321,47.2235791433642],[-1.5301651617325,47.2236966615961],[-1.53029007462121,47.2237182334339],[-1.52968798543954,47.2249312695696],[-1.52990603281983,47.2249299001635],[-1.5304969775304,47.2250408565201],[-1.53069011516373,47.2250770699484],[-1.5307642132167,47.2252535442717],[-1.53049488864432,47.2252607788614],[-1.52972388641816,47.2257940726779],[-1.52900582550639,47.2263266645986],[-1.52885705368599,47.2265769955353],[-1.5288212248032,47.2266428660159],[-1.52913281822844,47.2267904816198],[-1.5301000810294,47.227355368592],[-1.53004246556427,47.2273887325164],[-1.52993923010127,47.227394627276],[-1.52894467024739,47.2281685928208],[-1.52908485324466,47.2282989029174],[-1.52881125078406,47.2282745709343],[-1.52811647282747,47.2287364876607],[-1.52707098675253,47.2281632170094],[-1.52664657685815,47.2284453856916],[-1.52630581983756,47.228454283801],[-1.52567504337186,47.2280042785867],[-1.52465052635936,47.2272648352272],[-1.52398888588291,47.2267899176975],[-1.52318771754881,47.2262060950911],[-1.52293895851859,47.2260274466015],[-1.52279393454161,47.2259231364102]]],"type":"Polygon"},"properties":{"gid":"6082","idbureau":"1090224","commune":"Nantes","code_insee":"44109","numero_bureau":"224","lien_lieu_vote":"109009","nom":"Louis Guiotton","site":"Ecole Maternelle","num_canton":"2"}},{"type":"Feature","geometry":{"coordinates":[[[-1.53932627252703,47.2307517338704],[-1.54094279428991,47.2312941700517],[-1.54238316947476,47.2317355958094],[-1.54251009700983,47.2318011286232],[-1.54236879791093,47.2320425743678],[-1.54245133831947,47.2325554328519],[-1.54245045661601,47.2326545360531],[-1.54268139648338,47.2326299234921],[-1.54268202833817,47.2330652852833],[-1.54258589673626,47.2333589873454],[-1.54210628414844,47.2337638511192],[-1.54171458352536,47.2341868330756],[-1.54147262983996,47.2344883166582],[-1.54136176713653,47.2345606741665],[-1.54127771659513,47.2346233954321],[-1.54122974892454,47.2346166340512],[-1.53976534629643,47.2344101753901],[-1.53933554519911,47.2343495071445],[-1.53813995199224,47.2341809139599],[-1.53801957764459,47.2341639747959],[-1.53789206230571,47.234145202777],[-1.53698755542773,47.2340116687472],[-1.53603468048528,47.2338875910443],[-1.53588086226506,47.2338706888202],[-1.5356617550961,47.2338397718559],[-1.53578248774606,47.2336589150533],[-1.53614847570459,47.2332218666269],[-1.53702162606383,47.2324147228911],[-1.53762850118476,47.231807546819],[-1.53802382491515,47.2315075830967],[-1.53818601776527,47.2313242465088],[-1.53832363086393,47.2311539900075],[-1.53838644711951,47.2312982390918],[-1.53847099631659,47.2314925539612],[-1.53932627252703,47.2307517338704]]],"type":"Polygon"},"properties":{"gid":"6083","idbureau":"1090264","commune":"Nantes","code_insee":"44109","numero_bureau":"264","lien_lieu_vote":"109007","nom":"Coudray","site":"Ecole Elementaire","num_canton":"2"}},{"type":"Feature","geometry":{"coordinates":[[[-1.53587666174676,47.2115576443569],[-1.53582012762428,47.2115690321101],[-1.53576396536454,47.2115803456771],[-1.53574103429145,47.211581293723],[-1.53574077078127,47.2115813050317],[-1.53535668423424,47.2115999723289],[-1.53482907710094,47.2116684029415],[-1.53439771257307,47.2117168461369],[-1.5342655036932,47.2117329051481],[-1.53424392785348,47.2103434404946],[-1.53275967942986,47.2105056816797],[-1.53168951611539,47.2105725873801],[-1.53107483221255,47.2096241829921],[-1.53044021638927,47.2086339340394],[-1.53019338673109,47.2084445229409],[-1.52987918909599,47.2080325551244],[-1.52961955199213,47.2081196249672],[-1.52817613452281,47.208958280629],[-1.52776714953816,47.2091791502307],[-1.52731677790772,47.2083489736492],[-1.52779550288147,47.2081622431912],[-1.52809147826581,47.2076667685969],[-1.52830726387241,47.2073055684566],[-1.5290794003892,47.2070146978738],[-1.52910444993725,47.2070467337354],[-1.52928699636007,47.2072465017886],[-1.53052244391356,47.2067772388417],[-1.53103163779791,47.2065864128061],[-1.53278415211871,47.2058765803784],[-1.53353878832354,47.2067756030991],[-1.53374927003246,47.2067089112321],[-1.53642825487095,47.2057125637762],[-1.53346559427711,47.2022881156746],[-1.5351605139471,47.2016121481082],[-1.53516016501729,47.2016329674921],[-1.53648686909904,47.2032567037527],[-1.53663220614059,47.2034333958699],[-1.53781202638164,47.2048670625024],[-1.53806581196343,47.205177913411],[-1.53810482292014,47.2052257762196],[-1.53824462881939,47.20539697608],[-1.53946531319641,47.2068919413028],[-1.53983181581071,47.2073408547501],[-1.54153114118218,47.2093806367721],[-1.54212536696434,47.2101188328006],[-1.53871510217864,47.211234643749],[-1.53860133022281,47.2112534203408],[-1.53836006187177,47.211059329888],[-1.53833312817689,47.2110378108872],[-1.53824638443493,47.2110610821776],[-1.53791107365859,47.2111490913808],[-1.53779776806858,47.2111706447504],[-1.53587666174676,47.2115576443569]]],"type":"Polygon"},"properties":{"gid":"5984","idbureau":"1090364","commune":"Nantes","code_insee":"44109","numero_bureau":"364","lien_lieu_vote":"109017","nom":"Louise Michel","site":"Ecole Maternelle","num_canton":"3"}},{"type":"Feature","geometry":{"coordinates":[[[-1.52670429371704,47.2051594996597],[-1.52692570397416,47.2050607785563],[-1.52732570155862,47.2048824273592],[-1.52893902870802,47.2068351276775],[-1.52902421500205,47.2069441372753],[-1.5290794003892,47.2070146978738],[-1.52830726387241,47.2073055684566],[-1.52809147826581,47.2076667685969],[-1.52779550288147,47.2081622431912],[-1.52731677790772,47.2083489736492],[-1.52776714953816,47.2091791502307],[-1.52687588194315,47.2096604462515],[-1.52536555692911,47.2105657953243],[-1.52501248018307,47.2103638943968],[-1.52471803435553,47.2102252387454],[-1.52400638785958,47.209994102721],[-1.52391961169421,47.2098887457406],[-1.52414884682553,47.2097280455047],[-1.52263754843362,47.2086297686961],[-1.52169455804674,47.2079411651266],[-1.52263228525451,47.2072219555803],[-1.52394542344465,47.2063899145415],[-1.52394780539811,47.2063883790078],[-1.52509366536991,47.2058775627872],[-1.52509748922934,47.2058758802993],[-1.52527891047912,47.2057950242131],[-1.52670429371704,47.2051594996597]]],"type":"Polygon"},"properties":{"gid":"5982","idbureau":"1090362","commune":"Nantes","code_insee":"44109","numero_bureau":"362","lien_lieu_vote":"109017","nom":"Louise Michel","site":"Ecole Maternelle","num_canton":"3"}},{"type":"Feature","geometry":{"coordinates":[[[-1.52752476340223,47.2361766058899],[-1.52851197190719,47.2354156987044],[-1.52961644698127,47.235816752864],[-1.53032031985946,47.236072356277],[-1.53047674361501,47.2361252019572],[-1.52978079497643,47.23717583467],[-1.53079710267219,47.2374615789517],[-1.53063248289448,47.2377161343617],[-1.5298981277952,47.2386950136939],[-1.5293922547908,47.2400404440375],[-1.52975915941726,47.2402241714172],[-1.5301641360628,47.2404891071127],[-1.53034253033235,47.2406477872933],[-1.53029144243693,47.2406875070419],[-1.53026395819794,47.2407115540127],[-1.53026253527101,47.2407109397301],[-1.53025908567418,47.2407094727619],[-1.5302573327364,47.240708727322],[-1.53025157423616,47.2407062782309],[-1.53024418496902,47.2407031356491],[-1.53024190211263,47.2407021642131],[-1.530237248647,47.2407001851543],[-1.53013132685453,47.2406551384765],[-1.529571914331,47.2404118915816],[-1.5293101106493,47.2402589094624],[-1.52866709068438,47.2401542823518],[-1.52739650370325,47.2399721476405],[-1.52601442911625,47.2396762873528],[-1.52510320780997,47.2393278079097],[-1.52478765696453,47.2392072766481],[-1.52469412970065,47.2391715522874],[-1.524558220985,47.2391299892156],[-1.52474593326112,47.2387808234753],[-1.52536387735253,47.2378332559051],[-1.52544829839394,47.2377037999144],[-1.5252819218689,47.237608407948],[-1.52617116003,47.2371710779387],[-1.52674107250877,47.2367711811149],[-1.52752476340223,47.2361766058899]]],"type":"Polygon"},"properties":{"gid":"6120","idbureau":"1090254","commune":"Nantes","code_insee":"44109","numero_bureau":"254","lien_lieu_vote":"109038","nom":"Fran\u00e7ois Dallet","site":"Ecole Elementaire","num_canton":"2"}},{"type":"Feature","geometry":{"coordinates":[[[-1.5561174219386,47.2162091246748],[-1.55583424468204,47.2163106459918],[-1.55572685204655,47.2164154210409],[-1.55541794705151,47.2165339297595],[-1.55503722827013,47.2166520770849],[-1.5546402878843,47.2167908513344],[-1.55427310171327,47.2170144644734],[-1.55344438833641,47.217210238407],[-1.55340992859541,47.217348828317],[-1.55341701481629,47.2174208207405],[-1.55458936137002,47.2177430609197],[-1.55398527056055,47.2180601330185],[-1.55370108024455,47.2182224787306],[-1.55343666181061,47.2182276214456],[-1.55314274688912,47.2182102184267],[-1.55297028157967,47.2180150328268],[-1.55283029580287,47.2178514198577],[-1.55246947883331,47.2174287449155],[-1.55240677634347,47.2173553860304],[-1.5523794663639,47.2173233405546],[-1.55236616706399,47.2173077583077],[-1.55225433170565,47.2171766984619],[-1.5522339438627,47.2171527063111],[-1.55175170507925,47.2165851557796],[-1.55151191377422,47.2163050252507],[-1.55112045613426,47.2158460016255],[-1.55051934960646,47.2151339358249],[-1.55033763779656,47.2149635287446],[-1.55093115435245,47.2147995863243],[-1.55133475926426,47.2146871682914],[-1.55137464057929,47.2146757363473],[-1.55198663644123,47.2145569169255],[-1.55216836678949,47.2145146682632],[-1.55280587036994,47.2143849881249],[-1.55301401944358,47.2143424764863],[-1.55320515298089,47.2143006075312],[-1.5532289597124,47.2143461212852],[-1.55325751761002,47.2144044212417],[-1.55353391403574,47.2148571449485],[-1.55419063615442,47.2149172095314],[-1.55419383208478,47.2149356593661],[-1.55428089944302,47.2154350292498],[-1.55432661311957,47.215503828318],[-1.55449808817509,47.2154895718441],[-1.55481862047104,47.2156309682691],[-1.55511880027792,47.2158088041327],[-1.55599362986399,47.2158830215461],[-1.5561174219386,47.2162091246748]]],"type":"Polygon"},"properties":{"gid":"5993","idbureau":"1090112","commune":"Nantes","code_insee":"44109","numero_bureau":"112","lien_lieu_vote":"109014","nom":"Moli\u00e8re","site":"Ecole Maternelle","num_canton":"1"}},{"type":"Feature","geometry":{"coordinates":[[[-1.57575969813071,47.211628531907],[-1.57597658046646,47.211741948935],[-1.57609532182634,47.2117841227164],[-1.57626074084233,47.21184281945],[-1.57690170258592,47.211722240972],[-1.57704871727573,47.2115515998583],[-1.57906719394725,47.212127154343],[-1.57960379500809,47.2122832926571],[-1.57984271469455,47.212352811208],[-1.58031538967012,47.2124903434974],[-1.5810570586001,47.2127061394317],[-1.58285628412112,47.2132138573724],[-1.58291458869533,47.2132302490829],[-1.58231460916033,47.2140189163296],[-1.58223981058127,47.2141172312168],[-1.58144173410976,47.2138757259689],[-1.58105429469743,47.2137427516729],[-1.5805896703964,47.213681858709],[-1.58010740876225,47.2137238395542],[-1.57957676632476,47.2138394547983],[-1.57830856360685,47.2135696856316],[-1.57771784842499,47.2133520557418],[-1.57730403233188,47.2129885204519],[-1.57661605797611,47.2134479252844],[-1.57647600302457,47.2134489588187],[-1.57541070169064,47.2142553378995],[-1.57524978843141,47.2145573285635],[-1.57487520379153,47.2140677211628],[-1.57420044853096,47.2139170364479],[-1.57493385058852,47.2131956343617],[-1.57511636277465,47.2131141641099],[-1.57575969813071,47.211628531907]]],"type":"Polygon"},"properties":{"gid":"6022","idbureau":"1090441","commune":"Nantes","code_insee":"44109","numero_bureau":"441","lien_lieu_vote":"109023","nom":"Leloup Bouhier","site":"Ecole Elementaire","num_canton":"4"}},{"type":"Feature","geometry":{"coordinates":[[[-1.61079888406922,47.2095515396134],[-1.61024080586735,47.2093455782679],[-1.61004946064116,47.2091974783728],[-1.60936676353896,47.2089340697367],[-1.60981541074925,47.2083966557349],[-1.60706432215263,47.2073046835382],[-1.60707758888297,47.2072894532011],[-1.60713746025168,47.207215796433],[-1.60790682619901,47.2063419882411],[-1.60803489798926,47.2061984439071],[-1.60810541355544,47.206119304099],[-1.60816270943037,47.2060550008589],[-1.60658213403147,47.2054153637287],[-1.60676894496828,47.2050931804301],[-1.6068235954482,47.2049881789034],[-1.60755217982495,47.2049729712247],[-1.60959312894053,47.2055340511375],[-1.61093958631134,47.2032134546812],[-1.61123425405996,47.2031893105781],[-1.61198848529677,47.2034146781756],[-1.61226472792644,47.2034972663363],[-1.61307983413099,47.2036070500395],[-1.61373053717443,47.2035271024696],[-1.61419973517803,47.2033732078695],[-1.61475127280263,47.2033303375854],[-1.61601734795011,47.2032869207771],[-1.616014445516,47.2032897146905],[-1.61601435454302,47.203289809361],[-1.61590723827887,47.2034015282685],[-1.61578113962524,47.2035379808434],[-1.61578106477051,47.2035380631512],[-1.61570416171869,47.2036232574836],[-1.61564824436863,47.2036814648656],[-1.61549305061224,47.2038331441291],[-1.61537014828236,47.2039576630114],[-1.61536998407616,47.203957828209],[-1.61531336189826,47.204015004011],[-1.61530824434605,47.2040203767347],[-1.61530164918024,47.2040273002046],[-1.6152873033627,47.2040423560329],[-1.61496575122615,47.2043800024923],[-1.61496427491178,47.2043815531814],[-1.61492728328577,47.2046080492797],[-1.61491318692926,47.2046616673978],[-1.61491267462832,47.204663616382],[-1.61490966424875,47.204675065337],[-1.61490664403279,47.2046865534354],[-1.61490350757034,47.2046984859515],[-1.61489966367688,47.2047091195535],[-1.61489565772846,47.2047202030189],[-1.61489173172055,47.2047310642993],[-1.61488778866917,47.2047419731226],[-1.61488665150372,47.2047451204775],[-1.61488339492621,47.2047527162319],[-1.61487874882465,47.2047635532878],[-1.61487744947757,47.2047665837078],[-1.61486915850643,47.2047859233294],[-1.61486372772024,47.2047969829596],[-1.61485907123068,47.2048064624464],[-1.61485655200617,47.2048115928408],[-1.61484645015528,47.2048321622789],[-1.61484295167279,47.2048384602313],[-1.61483718587357,47.2048488421667],[-1.61483113626003,47.2048597338271],[-1.61482686102994,47.2048674308954],[-1.6148251106631,47.2048705821693],[-1.61482013771754,47.2048795373061],[-1.61481907929249,47.2048812721462],[-1.61481370526697,47.2048900848059],[-1.61480926809365,47.2048973621531],[-1.61480598178252,47.2049027504581],[-1.61479943472817,47.2049134863911],[-1.61479721032836,47.2049171343092],[-1.61479005186814,47.2049275740165],[-1.61478801016889,47.2049305522694],[-1.61478535322414,47.2049344275323],[-1.61477815369143,47.2049449274621],[-1.61477351734401,47.2049516910649],[-1.61477173266652,47.2049542931334],[-1.61476534593841,47.2049624355095],[-1.61475808992488,47.2049716869555],[-1.61475090775695,47.2049808444201],[-1.6147500586981,47.2049819274463],[-1.61473330494939,47.2050012043807],[-1.61472762414408,47.2050077405245],[-1.61472493167384,47.2050108386471],[-1.61468395525186,47.2050579874759],[-1.61468148393972,47.2050608298025],[-1.61468070227325,47.2050617289947],[-1.61467718489031,47.2050657767067],[-1.61362448500574,47.2062884483507],[-1.61304775878403,47.2069582666291],[-1.61304971238275,47.2069594497074],[-1.6129516964278,47.2070829709996],[-1.61272582577228,47.2073384325842],[-1.6125107993945,47.2075816254582],[-1.61250913236908,47.2075835108741],[-1.61234849249202,47.2077651918977],[-1.61169555868222,47.2085148325339],[-1.6114130915924,47.2088403953915],[-1.61140710391964,47.2088473374433],[-1.61129075487264,47.2089822137463],[-1.61124424632467,47.209036137027],[-1.61120011930257,47.2090872928438],[-1.61079888406922,47.2095515396134]]],"type":"Polygon"},"properties":{"gid":"6018","idbureau":"1090472","commune":"Nantes","code_insee":"44109","numero_bureau":"472","lien_lieu_vote":"109048","nom":"Jean Zay","site":"Groupe Scolaire","num_canton":"4"}},{"type":"Feature","geometry":{"coordinates":[[[-1.55169691691036,47.2110858096844],[-1.55274853833025,47.212148349766],[-1.55287784882745,47.2124603259767],[-1.55081083899242,47.2131074221105],[-1.54993422106792,47.2134507610682],[-1.5463168063231,47.2151943400974],[-1.54601411813948,47.2147794121188],[-1.54531326358295,47.2139485484119],[-1.54642171658295,47.2134138550035],[-1.54692768556925,47.2132092886903],[-1.54748479712707,47.212957332236],[-1.54741459175706,47.2128733210123],[-1.54952807176632,47.211919150125],[-1.54987562364068,47.2117850290065],[-1.54985642051688,47.21174091368],[-1.54984707450286,47.2117196113527],[-1.5498267861659,47.2116731917225],[-1.54981553630734,47.2116475387511],[-1.54988146389308,47.2115851531494],[-1.54981422129153,47.2114491646364],[-1.55082450638169,47.2110947217063],[-1.55133787957029,47.2109325788671],[-1.55169691691036,47.2110858096844]]],"type":"Polygon"},"properties":{"gid":"5991","idbureau":"1090331","commune":"Nantes","code_insee":"44109","numero_bureau":"331","lien_lieu_vote":"109016","nom":"Emile P\u00e9hant","site":"Ecole Elementaire","num_canton":"3"}},{"type":"Feature","geometry":{"coordinates":[[[-1.57655983589911,47.2508618683129],[-1.57578999443977,47.2507803329294],[-1.5754906465777,47.2507387875623],[-1.57507097595345,47.250513348701],[-1.57484073161002,47.2503784865976],[-1.57471387500539,47.2503675675059],[-1.57380420337837,47.2520846679064],[-1.57270705516313,47.2516540463445],[-1.57167668884302,47.2512174577599],[-1.57143571934365,47.2510967391658],[-1.57042232463805,47.2506567699001],[-1.57037754614197,47.2506377493185],[-1.57021120727436,47.2507365194156],[-1.56889088500979,47.250183363243],[-1.56893758483772,47.2501779942112],[-1.56922787101407,47.2501445702862],[-1.56933149432641,47.2501325928324],[-1.57000132340014,47.2497536870899],[-1.57007131743282,47.2493809596401],[-1.57028762776328,47.2483836947787],[-1.57023570333744,47.2482233286531],[-1.57202951354444,47.2484087100226],[-1.57203527744893,47.2474251465125],[-1.57631843213736,47.2480191046742],[-1.57719093832291,47.2481299436401],[-1.57718343239598,47.2481570237045],[-1.57718338281765,47.2481572013905],[-1.57718332942975,47.2481573963488],[-1.57713849813261,47.2483564399475],[-1.57712566729425,47.2484134074713],[-1.5770891111679,47.2485656453526],[-1.57701866976882,47.2488594107157],[-1.5769613956076,47.2490984964723],[-1.57694814970901,47.2491538098741],[-1.57684339461662,47.2495904116542],[-1.57675781552054,47.2499467740405],[-1.57675012308935,47.2499787520994],[-1.57675011189525,47.249978798951],[-1.57670979615953,47.25016575723],[-1.57670715244547,47.250178117239],[-1.57667601157768,47.2503224493266],[-1.57661887649508,47.2505878407713],[-1.57660904029456,47.2506335569321],[-1.57659466309235,47.2507003590416],[-1.57658074473328,47.2507648000598],[-1.57655983589911,47.2508618683129]]],"type":"Polygon"},"properties":{"gid":"6141","idbureau":"1090665","commune":"Nantes","code_insee":"44109","numero_bureau":"665","lien_lieu_vote":"109031","nom":"Chauvini\u00e8re","site":"Ecole Maternelle","num_canton":"6"}},{"type":"Feature","geometry":{"coordinates":[[[-1.59727865012204,47.2292486276472],[-1.59713400366328,47.2293216393491],[-1.59706761910976,47.2293555587514],[-1.59700342143344,47.229388361541],[-1.59696409977197,47.2294084446031],[-1.59693781132491,47.2294168441654],[-1.5969301523841,47.2294192880636],[-1.59692437223528,47.2294130080117],[-1.59687185620873,47.2292688869811],[-1.59686515598079,47.229166975664],[-1.5968368037001,47.2290762510908],[-1.59678147727661,47.2289999611258],[-1.59671193592357,47.2289389215912],[-1.59656134444343,47.2288456146114],[-1.59644597053437,47.2287996505461],[-1.59618004932459,47.2287347738333],[-1.59605744743541,47.2287272493889],[-1.5959297321617,47.2286860263938],[-1.59579516421465,47.2286019913117],[-1.5956902338102,47.2285020788519],[-1.59562244829981,47.2283910799675],[-1.59567874100869,47.2281009389593],[-1.5956893253985,47.2279552941737],[-1.59567330977215,47.2275592605937],[-1.59566683781313,47.2272751313024],[-1.59563527993928,47.2271407457804],[-1.59557555362405,47.227040550366],[-1.59546478158215,47.2269851533859],[-1.59514661695522,47.2268587371092],[-1.59567032212548,47.2263059491844],[-1.59621402741842,47.225730500984],[-1.59717692651331,47.2251128244331],[-1.59732530672242,47.2252588981456],[-1.5976245695175,47.2253855025466],[-1.59775282542868,47.2252632219969],[-1.59789276823587,47.2253178933378],[-1.59814286287926,47.2250886853625],[-1.59851152322289,47.225247418178],[-1.59875344445974,47.2253547176956],[-1.59942382283751,47.2246935942794],[-1.59997894992718,47.2241501649338],[-1.60086660013165,47.224566324524],[-1.60229375753846,47.2232355119093],[-1.60272392924999,47.2234458744248],[-1.60273645859954,47.2234879171741],[-1.60276128005031,47.2235588983791],[-1.60278089315185,47.2236149947631],[-1.60280969360922,47.2237018787295],[-1.60286244086345,47.2238516933039],[-1.60289989164774,47.2239625902125],[-1.60289994135047,47.2239627369033],[-1.6029234967845,47.2240364072546],[-1.60293072239951,47.2240599465515],[-1.60295368411984,47.2241347670731],[-1.60297381584078,47.2241973855817],[-1.60298894470928,47.2242444676528],[-1.60299170429713,47.2242581205612],[-1.60299426863931,47.2242708297257],[-1.6030004796388,47.224301398658],[-1.60300272203548,47.2243119265304],[-1.60300403223953,47.2243181078779],[-1.60300541898897,47.2243325592133],[-1.60301057170055,47.2243892143238],[-1.60300843323069,47.2244429410651],[-1.60300702430375,47.2244782938521],[-1.60299985192944,47.2245484169966],[-1.60299732242506,47.2245614483338],[-1.60299701265326,47.2245630385841],[-1.60297885829022,47.2246544335798],[-1.60297175142204,47.2246902057326],[-1.60296808097036,47.2247022483198],[-1.60294216553073,47.2247872663036],[-1.60290472758948,47.2248730208491],[-1.60287123429458,47.2249337630026],[-1.60286908423493,47.2249376626401],[-1.60284995025672,47.2249723569143],[-1.60279133679199,47.2250579678298],[-1.60278274303224,47.2250694904103],[-1.60274083262058,47.2251256812969],[-1.60271937825738,47.2251514124085],[-1.60270317980561,47.2251706242674],[-1.60266468807971,47.2252165911529],[-1.6026215282953,47.2252621142959],[-1.6025668240063,47.2253153665141],[-1.60256653120768,47.2253156521824],[-1.60254708940036,47.2253345749585],[-1.60251401632594,47.2253620295156],[-1.60247758703944,47.2253920542277],[-1.6023415667866,47.2254976449958],[-1.60233270422776,47.2255045240951],[-1.60223622189107,47.2255794203376],[-1.60217576886509,47.2256267976777],[-1.60210390171669,47.2256831252034],[-1.60204068615896,47.225731341235],[-1.60204058682624,47.225731416402],[-1.60199853618684,47.2257634899906],[-1.60189082995559,47.2258480178325],[-1.60188269572252,47.2258544018418],[-1.60174018740258,47.225966242267],[-1.60168248056824,47.2260115313667],[-1.60168200972141,47.2260118998579],[-1.60158989432769,47.2260828376942],[-1.60156614937865,47.2261011225665],[-1.60156258343199,47.2261038687093],[-1.60155393826256,47.2261105254692],[-1.60155388367145,47.2261105673047],[-1.60142738566215,47.2262051143995],[-1.60142061867277,47.2262100378782],[-1.60139042155114,47.2262320062715],[-1.60135880665848,47.226254989323],[-1.60129943076295,47.226298097706],[-1.60125655328209,47.2263289389534],[-1.60124039714417,47.2263405597682],[-1.60122345880537,47.2263527273445],[-1.6011806089216,47.2263835061791],[-1.60112094583823,47.2264263556295],[-1.60109314074327,47.2264464006799],[-1.60106191162227,47.2264689059195],[-1.60100110759126,47.2265122551565],[-1.60092746279848,47.2265647656764],[-1.60092682010264,47.2265652122345],[-1.60086714037972,47.2266067240618],[-1.60080770258367,47.2266480666686],[-1.6007744871176,47.2266711704141],[-1.60044841985125,47.2268979706829],[-1.60038923234666,47.2269391399207],[-1.6003469461741,47.2269685522804],[-1.60018545922094,47.2270811487611],[-1.60014356039952,47.2271103616987],[-1.60010326117212,47.2271384598744],[-1.60005356024539,47.2271731133999],[-1.6000181433724,47.2271978080955],[-1.59990999706548,47.2272732115424],[-1.59990916730824,47.2272737899371],[-1.59990814166604,47.2272745050337],[-1.59979350555133,47.2273544331593],[-1.59979228402078,47.2273552849566],[-1.59978973735576,47.2273570602825],[-1.59968129851319,47.2274326680357],[-1.59967022971536,47.2274403849609],[-1.59960941063332,47.2274827878065],[-1.59955077816644,47.2275259735268],[-1.59949025877302,47.2275705485747],[-1.59943477588935,47.2276128313653],[-1.59937656467203,47.2276571922763],[-1.59937654132959,47.2276572130352],[-1.59926681485754,47.2277435905186],[-1.59922600783853,47.2277764155868],[-1.59922447833137,47.2277776460063],[-1.5992165938813,47.2277839882601],[-1.59909982726818,47.2278810263344],[-1.59904596116368,47.2279269071604],[-1.5990271975988,47.2279428915253],[-1.59902609227641,47.2279438332765],[-1.59899348280546,47.2279716096233],[-1.59895247459483,47.2280076492073],[-1.59894169592675,47.2280171214989],[-1.59889327318454,47.228059677312],[-1.59883658500262,47.2281094970864],[-1.5987893641325,47.2281509900904],[-1.59876982476607,47.2281684102834],[-1.59867807600578,47.2282501845459],[-1.59867252736644,47.2282551293517],[-1.59867144498319,47.228256091807],[-1.59852532418888,47.2283853022495],[-1.5985024449765,47.228405534164],[-1.59847835749069,47.2284268335882],[-1.59847130858016,47.2284330495213],[-1.59841808391387,47.228479983846],[-1.59839470596601,47.2285005997453],[-1.59826140046741,47.2286181510609],[-1.59821577130336,47.2286583852126],[-1.59818881803869,47.2286811842725],[-1.5981050602831,47.2287520258536],[-1.59798982600079,47.228837737505],[-1.59788087465815,47.2289110705206],[-1.59786854952403,47.2289193655779],[-1.59781974641686,47.2289492494772],[-1.59775596954593,47.2289883003436],[-1.59772256050117,47.2290073892149],[-1.59763423667109,47.2290577283707],[-1.5976320112579,47.2290589969807],[-1.59762257364684,47.2290643758171],[-1.59727865012204,47.2292486276472]]],"type":"Polygon"},"properties":{"gid":"6065","idbureau":"1090531","commune":"Nantes","code_insee":"44109","numero_bureau":"531","lien_lieu_vote":"109046","nom":"Dervalli\u00e8res Ch\u00e9zine","site":"Ecole El\u00e9mentaire","num_canton":"5"}},{"type":"Feature","geometry":{"coordinates":[[[-1.54970867500314,47.1980792442499],[-1.54968261306529,47.1994205849051],[-1.54962694285107,47.1997567971273],[-1.54954841754381,47.2001460205003],[-1.54943374317055,47.2004523363789],[-1.54912375349921,47.2009153791152],[-1.54868538247639,47.2013576253411],[-1.54816842378077,47.201651293093],[-1.54787608785176,47.2018132737608],[-1.54789199974703,47.201821383012],[-1.54877977006902,47.202264854269],[-1.55000880811639,47.202870457108],[-1.55151076408254,47.2036141054361],[-1.55172048991107,47.2037176377888],[-1.54816632387133,47.204735830343],[-1.5477436411719,47.204069606208],[-1.54754594489726,47.2041099000077],[-1.54630144115278,47.2042931315898],[-1.54230945594569,47.204780606419],[-1.54237364861996,47.2038310427525],[-1.54238276061013,47.2034771331069],[-1.54241943388288,47.2030658171042],[-1.54454606493,47.2025306360689],[-1.54511167247547,47.2023789188762],[-1.54481581717988,47.20193475789],[-1.54538513562849,47.2017869659093],[-1.54699108345005,47.2015134482916],[-1.54735289117424,47.2014546928405],[-1.54725410037987,47.2012250390492],[-1.54706130225007,47.200980534385],[-1.5466539218631,47.2002970666309],[-1.54607223240762,47.1995246147225],[-1.54630520609587,47.1983546377178],[-1.54843441077882,47.1980876981322],[-1.54843604915506,47.1980912834793],[-1.54843968322645,47.1980920405823],[-1.54963866676179,47.1980799460682],[-1.54964482111226,47.1980792516469],[-1.54970867500314,47.1980792442499]]],"type":"Polygon"},"properties":{"gid":"5980","idbureau":"1090352","commune":"Nantes","code_insee":"44109","numero_bureau":"352","lien_lieu_vote":"109055","nom":"Jane Vialle","site":"Ecole Elementaire","num_canton":"3"}},{"type":"Feature","geometry":{"coordinates":[[[-1.58354117373941,47.2179949735008],[-1.5835724304807,47.2181202775784],[-1.58379489976829,47.2183238345989],[-1.5838973731388,47.218463017003],[-1.5852803014791,47.2181794520645],[-1.58538578131778,47.2181576704068],[-1.58551770553756,47.2181303949422],[-1.58586202330619,47.2187698804633],[-1.58618770087065,47.219346055103],[-1.58651384284504,47.2199789542897],[-1.58667638080955,47.220028455834],[-1.58663807450374,47.2200955988763],[-1.58545999780258,47.2221610828786],[-1.58536841264011,47.2223383908857],[-1.58483586405278,47.2233017914238],[-1.58316579990547,47.2262534183241],[-1.58307636571579,47.2264115572955],[-1.58233856321132,47.2262885641578],[-1.58165323448461,47.2260245359907],[-1.58130954857379,47.2258921093161],[-1.58127675577585,47.2258794394682],[-1.58027645820543,47.2254938007264],[-1.58020528433298,47.2254644193356],[-1.57959253108489,47.2250716386219],[-1.57955826448867,47.2250496548378],[-1.57954688536932,47.2250422996593],[-1.57961446398668,47.2248202331678],[-1.57939554906071,47.2243420181243],[-1.57947129536481,47.2241051725519],[-1.57893642547646,47.224084427491],[-1.57894084677776,47.2239695298737],[-1.57838004532919,47.2238365400446],[-1.57849808458612,47.2235597131413],[-1.57816597587907,47.2234929924804],[-1.57830059923013,47.22321875139],[-1.57855014953769,47.2229521369463],[-1.57920750271856,47.2221644042906],[-1.58024712109024,47.2225191747891],[-1.58057159227324,47.222526706547],[-1.58063943797777,47.2223446242153],[-1.58068607381699,47.2222195527165],[-1.58092896633888,47.2215155141872],[-1.58093638675176,47.2214940921386],[-1.58087244394372,47.2212491142443],[-1.5809923160964,47.220842250765],[-1.58109306887076,47.2207177751763],[-1.58119668014481,47.2205962635932],[-1.58130716753286,47.2202092600127],[-1.58142220081104,47.2201427547981],[-1.58149551530006,47.2201003598095],[-1.58151403767733,47.2200337096486],[-1.58172514631087,47.2200695915727],[-1.58175854822948,47.2199569471383],[-1.58266505905197,47.2200831232252],[-1.58295880396779,47.2201262737775],[-1.58300750128303,47.2199211547729],[-1.58315160882588,47.2193580031462],[-1.58328656166878,47.2188433502066],[-1.58345240629797,47.2182485670175],[-1.58353147029915,47.2179563019153],[-1.58354117373941,47.2179949735008]]],"type":"Polygon"},"properties":{"gid":"6035","idbureau":"1090545","commune":"Nantes","code_insee":"44109","numero_bureau":"545","lien_lieu_vote":"109020","nom":"Fraternit\u00e9","site":"Ecole El\u00e9mentaire","num_canton":"5"}},{"type":"Feature","geometry":{"coordinates":[[[-1.58354117373941,47.2179949735008],[-1.58353147029915,47.2179563019153],[-1.58389939286474,47.2178031017743],[-1.58426806162388,47.2174056918684],[-1.58451374055166,47.2169931956832],[-1.5845918911349,47.2168257099547],[-1.58496046557745,47.2163098610085],[-1.58501940967764,47.2162085981317],[-1.58514690625434,47.2160272743989],[-1.58501182566142,47.2159788187166],[-1.5842238702549,47.2157378472297],[-1.5839200876767,47.2155700213122],[-1.58369476315408,47.2157622342933],[-1.58359846725417,47.2158444133688],[-1.58345516150145,47.215799205552],[-1.58304129480403,47.2155776600823],[-1.58310848137721,47.2155203428363],[-1.58291663152148,47.2154277898661],[-1.58285818452787,47.2153480874479],[-1.58276067950177,47.2147459535282],[-1.58273254648438,47.2145729837854],[-1.58272698803055,47.2145387639544],[-1.58271304896045,47.2144529529692],[-1.5831033338015,47.214358078375],[-1.58337561019835,47.2143359376504],[-1.58458476696785,47.2144461306115],[-1.58476080807004,47.2144383396046],[-1.58557060487911,47.2142831579234],[-1.58595210503489,47.2141892909801],[-1.58601426460418,47.2143249847634],[-1.58604667962179,47.2143957537471],[-1.58608179110392,47.2144725632284],[-1.58696100828202,47.2162434954093],[-1.58759140152257,47.2175012072563],[-1.58764715727565,47.2176125228702],[-1.58780347271248,47.2178856108282],[-1.58765732665951,47.2183083286466],[-1.58746932678652,47.2186380765899],[-1.58728271479841,47.2189652591196],[-1.5872594019457,47.2190061367624],[-1.58667638080955,47.220028455834],[-1.58651384284504,47.2199789542897],[-1.58618770087065,47.219346055103],[-1.58586202330619,47.2187698804633],[-1.58551770553756,47.2181303949422],[-1.58538578131778,47.2181576704068],[-1.5852803014791,47.2181794520645],[-1.5838973731388,47.218463017003],[-1.58379489976829,47.2183238345989],[-1.5835724304807,47.2181202775784],[-1.58354117373941,47.2179949735008]]],"type":"Polygon"},"properties":{"gid":"5995","idbureau":"1090542","commune":"Nantes","code_insee":"44109","numero_bureau":"542","lien_lieu_vote":"109020","nom":"Fraternit\u00e9","site":"Ecole El\u00e9mentaire","num_canton":"5"}},{"type":"Feature","geometry":{"coordinates":[[[-1.54843441077882,47.1980876981322],[-1.54630520601932,47.1983546368198],[-1.5451411006356,47.1985986726539],[-1.54331470491561,47.1990785487156],[-1.54329344135501,47.199084125282],[-1.54257234518876,47.1980892845316],[-1.54151858481245,47.1977770927305],[-1.54039399403327,47.1971637422312],[-1.53913234291204,47.1966062452839],[-1.53840522939601,47.1963571608582],[-1.53859475508324,47.1960838298038],[-1.53844069565669,47.1957737728921],[-1.53809196669693,47.1952607619194],[-1.53794142107251,47.1949115024576],[-1.53783841375348,47.1947261802622],[-1.53759668361453,47.1942070554633],[-1.53766202529373,47.194160452868],[-1.53970246494229,47.1930580297278],[-1.540453452244,47.192638151508],[-1.54045464528137,47.1926387341699],[-1.54047956549268,47.1926519476062],[-1.54080004814918,47.192821866311],[-1.54141594264385,47.1931512638678],[-1.54185469287464,47.1933904413115],[-1.54208492574551,47.1935209506705],[-1.54209317754962,47.1935256278372],[-1.54233575632398,47.193687143434],[-1.54249222687029,47.1937906126714],[-1.54289400824178,47.1940829708509],[-1.54315555602029,47.1942715773892],[-1.54338004743071,47.1944317343349],[-1.54375528852101,47.1947026133727],[-1.54383605112812,47.1947630325781],[-1.54420552899322,47.1950639639265],[-1.54422938552842,47.1950755445333],[-1.54426938388234,47.1950950463854],[-1.54429915826023,47.1951093662725],[-1.54434934242159,47.1951336010253],[-1.54456975342798,47.1948501388979],[-1.54469396878856,47.1946913183294],[-1.5447849771119,47.1946699382555],[-1.5449430614077,47.1946327992202],[-1.54518610227271,47.1945730774293],[-1.54587587817363,47.1944069105259],[-1.54656399989493,47.1942399938509],[-1.54700516523639,47.1941349366772],[-1.54717719362323,47.1943184299411],[-1.54717807599139,47.1943194762813],[-1.54722501797215,47.1943692485419],[-1.54759550160976,47.1947623999343],[-1.54759579573768,47.1947627487133],[-1.54766250188112,47.1948334538268],[-1.54781468703023,47.1949950252323],[-1.54782578742462,47.1950073807684],[-1.54799118813873,47.1951828456551],[-1.54799554652907,47.1951874486945],[-1.54814642383257,47.1953491616458],[-1.54814758505604,47.1953503771475],[-1.54819670423053,47.1954024056137],[-1.54840575676058,47.1954275172075],[-1.54841388152158,47.1954284928611],[-1.54841526046082,47.195436601974],[-1.54842289472488,47.1954814794432],[-1.54843530131298,47.1955355029799],[-1.54843533960395,47.1955359520006],[-1.54846217040871,47.1956490552647],[-1.54846256410442,47.1956505714953],[-1.54846384474926,47.1956562876409],[-1.54855524803637,47.1960429221235],[-1.54855602012206,47.1960457749754],[-1.54860235877483,47.1962419053454],[-1.54860318447597,47.1962453868259],[-1.54860645664726,47.1962589535309],[-1.54860815400225,47.1962664553163],[-1.54861294582671,47.1962869902018],[-1.54861391860068,47.1962906460702],[-1.54861878403068,47.1963073935219],[-1.54868006577406,47.1964570670721],[-1.54871783045969,47.1965495529907],[-1.5487189901673,47.1965523003764],[-1.54882473230426,47.1968109544927],[-1.54847885347027,47.1971237774226],[-1.54839575071846,47.1971989377485],[-1.54837179528083,47.1972206043244],[-1.54827293163815,47.1973100177123],[-1.54826043467818,47.1973213202918],[-1.54824610521267,47.1973342795566],[-1.5481495560809,47.1974216007408],[-1.548135697895,47.1974341340337],[-1.54843441077882,47.1980876981322]]],"type":"Polygon"},"properties":{"gid":"6160","idbureau":"1090381","commune":"Nantes","code_insee":"44109","numero_bureau":"381","lien_lieu_vote":"109043","nom":"Ledru Rollin","site":"Ecole Elementaire","num_canton":"3"}},{"type":"Feature","geometry":{"coordinates":[[[-1.49418942824008,47.2588792367782],[-1.49419302589996,47.2588570732457],[-1.49419745974954,47.2588326631989],[-1.49420387200128,47.2587973625894],[-1.49421501978192,47.2587177265658],[-1.49424419598653,47.2586573082219],[-1.49428289615462,47.2586108239712],[-1.49432628635022,47.2585902058815],[-1.49436834861511,47.2585761559154],[-1.49447354474814,47.258541017633],[-1.49465645510922,47.2584798939896],[-1.49465965335486,47.2584787886123],[-1.49466056769388,47.2584784726398],[-1.49471706023376,47.2584609461545],[-1.49471832657333,47.2584586530812],[-1.49474658595757,47.2584075338786],[-1.49474833823081,47.2584043649271],[-1.49486495301725,47.2581934148153],[-1.4948870508595,47.2581405957003],[-1.49492079546978,47.2580599362331],[-1.49494105483679,47.2580115085166],[-1.49494359022525,47.2580054490789],[-1.49495190093992,47.2579810018037],[-1.49495864455868,47.2579611650925],[-1.49500057101498,47.2579482581744],[-1.49507295281769,47.2578624241047],[-1.49507426061038,47.2578608736528],[-1.49514915306773,47.2577720625596],[-1.49517626261723,47.2577465070541],[-1.49519831388959,47.2577257202692],[-1.49527710159655,47.2576764280397],[-1.49529863075986,47.2576629590667],[-1.49537541267311,47.2576117151937],[-1.49541464743654,47.2575855304303],[-1.49542946078523,47.2575747532549],[-1.49558597566955,47.257460883393],[-1.49564979631279,47.2574017180447],[-1.49568619079387,47.2573749702983],[-1.49582926803574,47.2572606200929],[-1.49594762572399,47.2571575984084],[-1.49605450201758,47.2570690826176],[-1.49609967487165,47.2570230499476],[-1.49613578577934,47.2569862513573],[-1.49616444110712,47.2569541351019],[-1.49625478453539,47.2568783413808],[-1.49631806356473,47.2568847843788],[-1.49640454659004,47.2569215861763],[-1.49640683505215,47.2569220435768],[-1.4964157290107,47.2569238202733],[-1.49642723980884,47.2569261190116],[-1.4964480027233,47.2569302669305],[-1.49647696405085,47.2569360520573],[-1.49653392827667,47.2569115691217],[-1.49656461973224,47.2568737876301],[-1.49656520900726,47.2568525444744],[-1.49656579831972,47.2568313017675],[-1.49654718451245,47.2568004944356],[-1.49651970407362,47.256764987763],[-1.49651552443409,47.2567327142763],[-1.4965196034048,47.2567104804278],[-1.4965225528798,47.2567005645647],[-1.49652454237462,47.2566938731913],[-1.49653053106762,47.2566737406144],[-1.49653571017865,47.2566371319796],[-1.4965394015179,47.2566110424787],[-1.49656390381871,47.2565752141537],[-1.49660025463335,47.2565480235741],[-1.49661542031488,47.2565351078152],[-1.49663840543415,47.2565155347995],[-1.49664486069564,47.2564493270223],[-1.49664694282041,47.2564379160419],[-1.49664715014275,47.2564367816463],[-1.49664992813724,47.2564215573231],[-1.49664781715631,47.2563400968889],[-1.49663426823497,47.2562516954989],[-1.49663897926394,47.2561991461577],[-1.49663999866234,47.2561877821585],[-1.49664017157718,47.2561858480951],[-1.49664026711017,47.2561847847488],[-1.49664737611746,47.2561326110278],[-1.49664992304655,47.2561208899287],[-1.49665786224241,47.2560843544043],[-1.49669164556431,47.2560115541746],[-1.49670590152099,47.2559808372362],[-1.49673966177499,47.2559198701877],[-1.49677342560576,47.2558588993812],[-1.49688123858792,47.2556874505012],[-1.49689039180717,47.2556688916174],[-1.49689925311216,47.2556249387631],[-1.49691919669717,47.2556096167817],[-1.49693604818461,47.2555966710482],[-1.49696562131224,47.2555739532917],[-1.49696987038464,47.2555115295979],[-1.49697040829583,47.255503634466],[-1.49697389278938,47.2554524413674],[-1.49695221614408,47.2553748387444],[-1.49695218748953,47.2553747344452],[-1.49694165403486,47.255337020459],[-1.49693762616125,47.2553059195774],[-1.49692660286786,47.2552208045376],[-1.49692312121599,47.2551939171172],[-1.49691885244804,47.2551609497189],[-1.49692556669869,47.2551280148352],[-1.49693448166078,47.2550842914324],[-1.49693649568062,47.2550078054302],[-1.49689937329066,47.2549678105505],[-1.49690701045066,47.2549234514595],[-1.49702165197888,47.2548909440418],[-1.49708452633689,47.2548675801258],[-1.49710765662003,47.2548468524822],[-1.49712288356127,47.2547544418903],[-1.49712470720536,47.2547265026247],[-1.49712477017427,47.2547255396645],[-1.49712615973593,47.2547042480521],[-1.49712750047397,47.2546837107087],[-1.49712549940283,47.254628646058],[-1.49713467771816,47.2546145111087],[-1.49714459050676,47.2545992472644],[-1.49709978562382,47.2545198789578],[-1.49705869510364,47.2544470896819],[-1.4970496651484,47.2544310442762],[-1.49704853804328,47.2544287601185],[-1.49704807973897,47.2544278301684],[-1.49702523915249,47.2543815423873],[-1.4970062605582,47.2543432704192],[-1.49698343258105,47.2543017251525],[-1.49693481579331,47.2542133442829],[-1.49694098444688,47.254192385579],[-1.49695024268684,47.2541609315481],[-1.49695549970432,47.254070625708],[-1.49695575297997,47.2540662886085],[-1.49694804824693,47.2540392884497],[-1.49691532003899,47.2540215572744],[-1.49690778115018,47.2540178300491],[-1.49690562125848,47.2540167621413],[-1.49689085700038,47.2540094630136],[-1.49686228966196,47.2539953398316],[-1.49684606743756,47.25396777144],[-1.49684978724595,47.2539154149016],[-1.49685193354734,47.253885197829],[-1.49686325796532,47.2538322518206],[-1.49686445339062,47.253826659218],[-1.4968696793879,47.253802230594],[-1.496840619834,47.2536758720242],[-1.496828526621,47.2536315577498],[-1.49680416002808,47.2535422676839],[-1.49680076901804,47.2535298427229],[-1.49676645705079,47.2534933419851],[-1.49676282599761,47.2534931254409],[-1.49669797421054,47.2534892627453],[-1.49665644180497,47.2534598931916],[-1.4966551170994,47.2534316527243],[-1.49669523691843,47.2533566487861],[-1.49668511032972,47.2533119102107],[-1.49668511591407,47.2532930190273],[-1.49668512726897,47.2532635180066],[-1.49662650037788,47.2532352668736],[-1.49660960277425,47.2531808751312],[-1.49666374589623,47.2531387511573],[-1.49667201788029,47.2531222991084],[-1.49665644496258,47.2530961478411],[-1.49659867423015,47.2530956482215],[-1.49659421629813,47.2530956063863],[-1.49655730727407,47.2530744129631],[-1.49655470373605,47.2530729172991],[-1.49655681721421,47.2529662429354],[-1.49659130570453,47.2529217343459],[-1.49653421695325,47.2528615256897],[-1.49651221346099,47.2528388642901],[-1.49645667842354,47.2527816655198],[-1.49645065121853,47.252738471746],[-1.49643254226411,47.2527042203119],[-1.4964407930152,47.2526839883929],[-1.49644298143904,47.2526786209462],[-1.49644401975084,47.2526760745641],[-1.49644460438863,47.2526746442848],[-1.49643384844809,47.2526386896641],[-1.49642695796822,47.2526156559374],[-1.49642395690683,47.2526056232605],[-1.49643528887308,47.252556434277],[-1.49641453408434,47.2525395509623],[-1.49635444094288,47.2524906676689],[-1.49635002498042,47.2524759743613],[-1.49634560894471,47.2524612801554],[-1.49634586541322,47.2524574821978],[-1.49634663627447,47.2524460585343],[-1.49635042985619,47.252389820193],[-1.49635707094791,47.252350906253],[-1.49633225475798,47.2522337378569],[-1.49633199398824,47.2522325059909],[-1.49622436032912,47.2522194121046],[-1.49622088407351,47.2522158538832],[-1.496208589074,47.2522034501709],[-1.49612937389192,47.2521789776629],[-1.49610798702337,47.2521701733213],[-1.49608808334055,47.2521413081224],[-1.49607815965784,47.2521225044324],[-1.49608081718762,47.2521142119232],[-1.49609743472345,47.2520623726136],[-1.49609650098041,47.2520560118398],[-1.49607130254209,47.2520185191875],[-1.49607077439705,47.2520177334281],[-1.4960593834687,47.251987814383],[-1.49605744165348,47.251977348314],[-1.49606209562466,47.2519274294794],[-1.49605866831364,47.2519072003128],[-1.49603827649819,47.2518819583179],[-1.49602173243856,47.2518568361051],[-1.49599464157164,47.2518180704338],[-1.49597447265249,47.251793900944],[-1.49596369293982,47.2517829705825],[-1.49591774503619,47.2517363809972],[-1.49591564818918,47.2517233557633],[-1.49591460562457,47.2517168812109],[-1.49590328617557,47.2516465770661],[-1.49592542868768,47.2516324720621],[-1.49593215981535,47.251628183852],[-1.49596421555957,47.2516077622744],[-1.49598089221159,47.2515971376084],[-1.49600323055007,47.2515544539136],[-1.49600545638364,47.2515431940857],[-1.49600713643496,47.2515182365484],[-1.49600751138561,47.2515126589302],[-1.49599805911751,47.251502576771],[-1.49598117993078,47.2514860274364],[-1.4959036648209,47.2514267987117],[-1.49590350739036,47.2514264228342],[-1.49590346577783,47.2514263217448],[-1.49588964009347,47.2513932650424],[-1.49586918326039,47.2513443519465],[-1.4957971624901,47.2511839930421],[-1.49577401335933,47.2511605708271],[-1.49575269606491,47.2511367922253],[-1.49573983527405,47.2511224463642],[-1.49573831764458,47.2511191394884],[-1.49573756014884,47.2511174859988],[-1.49572086109345,47.2511012341336],[-1.49571970927792,47.2511001141603],[-1.4956833529997,47.2510647329228],[-1.49563914453511,47.2510050130006],[-1.49560937642856,47.2509423026352],[-1.49560149677207,47.2509034602779],[-1.4955980413232,47.2508864236449],[-1.49558904695595,47.2508801979684],[-1.49552022728068,47.250832858548],[-1.49551591018929,47.2508298882332],[-1.49551484952909,47.2508291584419],[-1.49547328917992,47.2508005699316],[-1.49547251491072,47.2507998938115],[-1.49544897861341,47.2507793447471],[-1.49533493159994,47.2506797729846],[-1.4953272547664,47.2506730704695],[-1.49530701412675,47.2506553983015],[-1.49526744011705,47.2506208474152],[-1.49501917350441,47.2506018150829],[-1.49467125105962,47.250566947191],[-1.49461909854729,47.2505630670574],[-1.49461179317151,47.250562523814],[-1.49432355899453,47.2505410795314],[-1.49420998262111,47.2505343482464],[-1.49415073750874,47.2505222485693],[-1.49415063460948,47.2505222444839],[-1.49415051580738,47.2505222401193],[-1.49412694595141,47.2505213831752],[-1.49410861107762,47.2505207152661],[-1.49400871007043,47.2505170801619],[-1.49391967092755,47.2505031720172],[-1.49387173501918,47.2504997682012],[-1.49385258614772,47.2504984076548],[-1.49382445033424,47.2504931654834],[-1.49380729308333,47.2504899700506],[-1.49370469031055,47.2504708516563],[-1.49364438471368,47.2504728492154],[-1.49348688779869,47.2505133363823],[-1.49337748093765,47.2503406603943],[-1.49334132866638,47.2502836017155],[-1.49331488604334,47.2502418665052],[-1.49329898219343,47.2502167666846],[-1.49325510740514,47.2501467927476],[-1.49310603731251,47.2499090426164],[-1.49305214818987,47.2498156820338],[-1.49298089086765,47.2496922312709],[-1.49296163805864,47.2496588755812],[-1.49294626716591,47.2496322456655],[-1.49283484853526,47.2494392144241],[-1.49275230276915,47.2492910364722],[-1.49260298716611,47.2490229947857],[-1.49243126622113,47.248718943457],[-1.49242507410835,47.2487085452862],[-1.492422663298,47.2487044975064],[-1.49241459217229,47.2486909444081],[-1.49241345158785,47.2486890301621],[-1.49237777777333,47.2486291296209],[-1.49240717765915,47.2486151164039],[-1.49241626567656,47.2486107849154],[-1.49246231368275,47.2485888360923],[-1.49262571288201,47.2485109538208],[-1.49279261566717,47.2483984682387],[-1.49258222495462,47.2481505311277],[-1.49254875415337,47.2481192224042],[-1.49217947997838,47.2478104592658],[-1.49217955359588,47.2478104221491],[-1.49203155537718,47.2476825533959],[-1.49203033221539,47.2476814956471],[-1.49189619174845,47.2475721850326],[-1.49188095066157,47.2475597645284],[-1.49187292737948,47.2475532267261],[-1.49184875230304,47.2475335264259],[-1.49183945293363,47.2475252400504],[-1.491831593556,47.2475183390326],[-1.49177954440715,47.2474722586159],[-1.49176666371423,47.2474632256047],[-1.49176654279761,47.2474631411292],[-1.49162932059459,47.2473668308677],[-1.49159369197676,47.247342655871],[-1.49155152608897,47.2473337627878],[-1.4915107346435,47.2473427454975],[-1.49148519770398,47.2473537449694],[-1.49145511784487,47.2473547403885],[-1.4914457713719,47.2473504780074],[-1.49142401193371,47.2473405485542],[-1.49140816408904,47.2473297969817],[-1.49138893086051,47.2473167458471],[-1.49138824306271,47.2473162780646],[-1.4913787293068,47.2473064358526],[-1.49137638359748,47.2473040064572],[-1.4950564905729,47.2464429889759],[-1.49589274882421,47.2464536662257],[-1.49603044228356,47.246396582627],[-1.49767442885407,47.245715362616],[-1.4980220848464,47.2455688873996],[-1.50033061185752,47.2445961476937],[-1.50043748735316,47.2445612548984],[-1.5014174812429,47.2458805108606],[-1.50200834467348,47.2459622628008],[-1.50249797390035,47.2456213719288],[-1.50318437122848,47.2450754270707],[-1.50349225322166,47.2452446750453],[-1.50361258761167,47.2453107353907],[-1.50313175553218,47.246910799458],[-1.50597377483382,47.2489568990721],[-1.50835964778231,47.2500258020119],[-1.51207706743219,47.2517761581041],[-1.51347921382497,47.2523917941422],[-1.51544210033155,47.2532458202171],[-1.51516115294709,47.2534113763469],[-1.5151136930274,47.2534393493818],[-1.51510874342733,47.2534422208192],[-1.51460172913062,47.2537364595158],[-1.51450281661337,47.2537938873126],[-1.51449786788606,47.2537967541814],[-1.51443170391587,47.2538350828954],[-1.51334965725732,47.2544619376185],[-1.51334469894475,47.2544648021057],[-1.51323433827141,47.2545285638391],[-1.51322329280612,47.2545349651536],[-1.51303430938434,47.2546441249871],[-1.51274373397379,47.2548120664479],[-1.51221600802491,47.2550596120723],[-1.51174329951736,47.2552812728792],[-1.51165366835673,47.2553299251509],[-1.51028403185051,47.2560730805316],[-1.50717292288187,47.2573434080251],[-1.50717041585066,47.2573420268344],[-1.5056337317727,47.2579718951352],[-1.5056325818192,47.2579723664011],[-1.50563173624356,47.2579727122054],[-1.50528154926783,47.2581117750784],[-1.50525756326172,47.2581213002722],[-1.50509073268821,47.2581875501932],[-1.50519035929566,47.2582966488816],[-1.50521166151665,47.258319976043],[-1.50521262572543,47.2583210330059],[-1.50497422001376,47.258416377985],[-1.50497070580179,47.2584177825696],[-1.50476050409637,47.2585047206024],[-1.50443860681764,47.2586378532406],[-1.50422898006247,47.2587139535085],[-1.50415174348614,47.2587419918492],[-1.50399191380637,47.2587989441186],[-1.5038599651643,47.258845960966],[-1.50372481720194,47.2588935391067],[-1.50370491122817,47.2589005469881],[-1.50355497610684,47.2589533301975],[-1.50341661042523,47.2590026333557],[-1.50340292979559,47.2590075078153],[-1.50339899954849,47.2590089079246],[-1.50333355058198,47.259031888594],[-1.50295503806113,47.2591647894646],[-1.50280705357427,47.2592170699353],[-1.50263118775318,47.2592792003947],[-1.50237369381522,47.2593680304301],[-1.50216358762914,47.2594405116153],[-1.50208990728982,47.2594904835456],[-1.50208547914225,47.2594934866698],[-1.50208473132377,47.2594940579296],[-1.50207218429843,47.259434668658],[-1.50207215876882,47.2594345466672],[-1.50200704448582,47.2594502470664],[-1.50200456801432,47.2594495871949],[-1.50200446781694,47.2594495604842],[-1.50200300681359,47.2594491707951],[-1.50197549629033,47.259441841661],[-1.50184288032131,47.259493528807],[-1.50179924232532,47.2595143397224],[-1.50172584412313,47.2595494711919],[-1.50170440782337,47.2595597228812],[-1.50158260695056,47.259617970933],[-1.50157720061458,47.2596198063153],[-1.50157771895851,47.2596165427569],[-1.50144249535427,47.2596658703642],[-1.5014260839835,47.2596718570632],[-1.50142599780072,47.259671886568],[-1.50135910334349,47.2596948676896],[-1.5013328368504,47.2597038911364],[-1.50124736663998,47.2597339987351],[-1.50123342035039,47.2597396807355],[-1.50122069172607,47.2597456763644],[-1.50121089838814,47.2597502902001],[-1.50120123230065,47.2597547810169],[-1.50119140576459,47.2597593465941],[-1.50111802318495,47.259789971883],[-1.50075403243482,47.2599197365881],[-1.50071214773112,47.2599362435688],[-1.50071228368828,47.2599365995583],[-1.50071231765855,47.2599366883312],[-1.50073436303375,47.2599642066849],[-1.50046092130836,47.2600691606174],[-1.50043571553152,47.2600426615759],[-1.50043332315875,47.2600401458611],[-1.50043229360672,47.26003892563],[-1.5001505967075,47.2601614819316],[-1.50015054429065,47.2601615038064],[-1.50009103363013,47.2601885695664],[-1.50007012053851,47.2601980805218],[-1.49998142714623,47.2602370532843],[-1.49988730689302,47.2602775899633],[-1.49976808900793,47.2603294636635],[-1.4997076616823,47.2603554433121],[-1.49963485020758,47.2603881166942],[-1.49962827275277,47.2603910060736],[-1.49937538795084,47.2605021174976],[-1.49937445379068,47.26050252799],[-1.49931899856608,47.260526892776],[-1.49916327200872,47.2605949816008],[-1.49897228293618,47.2606795849161],[-1.49868999719392,47.2608029713304],[-1.49865101248698,47.2608200118489],[-1.49862467952553,47.260831676348],[-1.49855906646366,47.2608607397816],[-1.49849915113871,47.2608872789703],[-1.49849905546056,47.2608873214588],[-1.49831259202633,47.2609738188456],[-1.49813840249171,47.2610567721161],[-1.49803106349535,47.2611053930563],[-1.49792660569537,47.2611551427646],[-1.49786183729506,47.2611859891881],[-1.49744022115592,47.2613796277423],[-1.4971461238478,47.2615128626939],[-1.4967844145638,47.2616824401752],[-1.49667991730244,47.2617324226633],[-1.49662178019082,47.2617602301587],[-1.49644375549016,47.2618453814027],[-1.49594172530394,47.2620855069311],[-1.49528472630393,47.2623997465916],[-1.49516025694137,47.2622799120354],[-1.4950271377562,47.2621516756542],[-1.49500783095677,47.2621330585684],[-1.49500533511352,47.2621317145234],[-1.49493956834623,47.2620958124169],[-1.49486790462247,47.262022789754],[-1.49486471599959,47.262019540997],[-1.49477810848241,47.2619312914264],[-1.49469082363115,47.2618357321362],[-1.49467381147571,47.2618171072728],[-1.49459232508001,47.2617278959771],[-1.49459083855522,47.2617261998041],[-1.49458987474016,47.2617250985933],[-1.4945384699726,47.2616664244572],[-1.49452956230858,47.2616562577782],[-1.49450562038946,47.2616289296324],[-1.49450246431956,47.2616243091347],[-1.49429435166593,47.2613195929591],[-1.49428761673361,47.2613097323606],[-1.49428061598478,47.2612994820994],[-1.49426259969648,47.2611047541333],[-1.49417648390103,47.2608981884665],[-1.49416328901273,47.260846016899],[-1.49414894324294,47.2607893023059],[-1.49413521644854,47.2607350296173],[-1.49412961217326,47.2607128717656],[-1.4940756160092,47.2604007052396],[-1.49406894714938,47.2603075314539],[-1.49409515943756,47.2601701076344],[-1.49411792275559,47.2600507607613],[-1.49413905663852,47.2599399634397],[-1.49414784367568,47.2597998942774],[-1.49415079794214,47.2597528137239],[-1.49415597672049,47.259591419596],[-1.49418242192557,47.2594342343213],[-1.49420014439451,47.2592740598831],[-1.49420571933563,47.2591769816619],[-1.49420344740056,47.2591610322356],[-1.49420060859701,47.2591415008707],[-1.49419519586503,47.2590334092226],[-1.49418485882877,47.2589469572185],[-1.49418533190228,47.2589220659094],[-1.49418570971802,47.2589021483821],[-1.49418942824008,47.2588792367782]]],"type":"Polygon"},"properties":{"gid":"6069","idbureau":"1090741","commune":"Nantes","code_insee":"44109","numero_bureau":"741","lien_lieu_vote":"109051","nom":"Julien Gracq","site":"Ecole Primaire","num_canton":"7"}},{"type":"Feature","geometry":{"coordinates":[[[-1.52879479345172,47.2454429093509],[-1.52889713408849,47.2440808349838],[-1.52807980810809,47.2439806929069],[-1.52822508665611,47.2427221088081],[-1.52811020786965,47.2425983332614],[-1.52844006563242,47.2423129371784],[-1.52853181703174,47.2422319569127],[-1.52920318987412,47.2416396950789],[-1.5294084168348,47.2414580861404],[-1.53025387907692,47.2407203798552],[-1.53026394833566,47.240711562511],[-1.53029144243693,47.2406875070419],[-1.53034253165103,47.2406477872413],[-1.53048084377979,47.2407334844651],[-1.53151504347853,47.2413296238695],[-1.53166845422365,47.2414228320358],[-1.53216212311885,47.2416857456827],[-1.53372121520908,47.2425697605177],[-1.53382978624906,47.2426025038203],[-1.5340439926326,47.2426310707765],[-1.53433687223774,47.2426502416882],[-1.53460012184697,47.2426309581152],[-1.53507357171516,47.2426232599051],[-1.53554640794301,47.2425632523867],[-1.53588201901777,47.2424437224665],[-1.53647645609507,47.2420813284841],[-1.53697172791379,47.2417851277343],[-1.53769270001284,47.2413384968778],[-1.53781791676322,47.2412614257309],[-1.53781825739652,47.2412613239748],[-1.53790045613527,47.2413126917998],[-1.53673772204238,47.2438849628913],[-1.53823036728324,47.2447808754318],[-1.53795902320006,47.2449368004299],[-1.53777217870591,47.2455290518235],[-1.5376107995136,47.245486740214],[-1.53648003943312,47.2451903027864],[-1.53622989128433,47.2457432427644],[-1.53593629799867,47.2456560996364],[-1.53580735050466,47.2456178297162],[-1.53524202548951,47.2454566766992],[-1.53510887360442,47.2456727138597],[-1.533165066213,47.2451162220771],[-1.53277422378237,47.2458383383264],[-1.53224634884344,47.2464781307082],[-1.53112187268275,47.2474519047912],[-1.53051546053773,47.2471888923108],[-1.52982431760008,47.2469650120146],[-1.52837883563609,47.2468065795478],[-1.52844044146761,47.2466048384992],[-1.52879479345172,47.2454429093509]]],"type":"Polygon"},"properties":{"gid":"6155","idbureau":"1090714","commune":"Nantes","code_insee":"44109","numero_bureau":"714","lien_lieu_vote":"109035","nom":"Marsauderies","site":"Ecole Elementaire","num_canton":"7"}},{"type":"Feature","geometry":{"coordinates":[[[-1.52068872419474,47.2437064775151],[-1.51833554127397,47.2431937004951],[-1.517863582624,47.2433065615888],[-1.51778919788339,47.2431149568527],[-1.51777665750547,47.243082231071],[-1.51803635971743,47.2423070951881],[-1.51951003936647,47.2413288036412],[-1.5193513102428,47.2412164834654],[-1.52033737401696,47.2407780358542],[-1.52123970105957,47.2405228700334],[-1.52166266070485,47.2404590909398],[-1.523342981238,47.2406527047038],[-1.52400862596784,47.2409645652801],[-1.52452866234696,47.2396695711914],[-1.52452384998669,47.2392254411516],[-1.524558220985,47.2391299892156],[-1.52469412970065,47.2391715522874],[-1.52478765696453,47.2392072766481],[-1.52510320780997,47.2393278079097],[-1.52601442911625,47.2396762873528],[-1.52739650370325,47.2399721476405],[-1.52866709332172,47.2401542822479],[-1.5293101106493,47.2402589094624],[-1.529571914331,47.2404118915816],[-1.53013132685453,47.2406551384765],[-1.530237248647,47.2407001851543],[-1.53024190218897,47.2407021651111],[-1.53024418496902,47.2407031356491],[-1.53025157423616,47.2407062782309],[-1.5302573327364,47.240708727322],[-1.53025908567418,47.2407094727619],[-1.53026253527101,47.2407109397301],[-1.53026394833566,47.240711562511],[-1.53025387907692,47.2407203798552],[-1.5294084168348,47.2414580861404],[-1.52920318987412,47.2416396950789],[-1.52853181703174,47.2422319569127],[-1.52844006563242,47.2423129371784],[-1.52811020786965,47.2425983332614],[-1.52741906178257,47.2432009773029],[-1.52740209710438,47.2432169473628],[-1.52731774089555,47.2431330374916],[-1.52716783264572,47.2429839583698],[-1.5269862509607,47.2430315657719],[-1.52661626609626,47.2426682054159],[-1.52648522960664,47.2424616555366],[-1.52570603321904,47.2419274572866],[-1.52383323958876,47.2410632972946],[-1.523583866818,47.2418446778345],[-1.52331018375417,47.2418055660936],[-1.52315503762409,47.2423259315539],[-1.52025818924798,47.2416314437067],[-1.52001620350705,47.2418007535837],[-1.52034569583411,47.2420325532773],[-1.52052301761364,47.2423457211901],[-1.52068872419474,47.2437064775151]]],"type":"Polygon"},"properties":{"gid":"6123","idbureau":"1090722","commune":"Nantes","code_insee":"44109","numero_bureau":"722","lien_lieu_vote":"109039","nom":"Urbain Le Verrier","site":"Ecole Maternelle","num_canton":"7"}},{"type":"Feature","geometry":{"coordinates":[[[-1.52775502594595,47.1962373882402],[-1.52772062222076,47.1957607201047],[-1.52810730058973,47.1956258004102],[-1.52851479502003,47.1953143727044],[-1.52888250673046,47.1943880353331],[-1.53002523470612,47.1934904560899],[-1.53024597861508,47.1935660831014],[-1.53185776142049,47.194118227592],[-1.53345204509781,47.1947202029973],[-1.53553165132087,47.1954310420985],[-1.53680792534181,47.1958098445685],[-1.53840522939601,47.1963571608582],[-1.53913234291204,47.1966062452839],[-1.54039399403327,47.1971637422312],[-1.54151858481245,47.1977770927305],[-1.54257234518876,47.1980892845316],[-1.54329344135501,47.199084125282],[-1.54048854160572,47.199946811513],[-1.53959022320004,47.2002230961997],[-1.53545158211758,47.2014960894448],[-1.5351605139471,47.2016121481082],[-1.53346559427711,47.2022881156746],[-1.53320508227679,47.2023919722819],[-1.5306688396,47.2034033634014],[-1.5301493600698,47.2036233496074],[-1.52933696118566,47.2027398276553],[-1.52920876823019,47.2026003541907],[-1.52862656503159,47.2021743304681],[-1.52841786548945,47.201943229074],[-1.52804883862824,47.2015380686898],[-1.52769987877451,47.2012134817544],[-1.52662289133765,47.200277215182],[-1.52689769825732,47.2001270766093],[-1.52807678812537,47.1996965494292],[-1.52845059480045,47.1995275447825],[-1.52853322555256,47.1992924614439],[-1.5285339709157,47.199290340681],[-1.52853096425412,47.1989061565037],[-1.52868264496645,47.1986949118074],[-1.53061633349961,47.1977340485558],[-1.53085177438861,47.1975270715366],[-1.53105068528335,47.1970082144893],[-1.53105723474227,47.1969911313443],[-1.53105804848702,47.1969890078598],[-1.53009660944906,47.1967218483821],[-1.52936470052924,47.196557718227],[-1.5287091208851,47.196422718995],[-1.52793164395923,47.1962626130525],[-1.5279109044647,47.1962583418122],[-1.52782934730013,47.1962415466747],[-1.52775502594595,47.1962373882402]]],"type":"Polygon"},"properties":{"gid":"6163","idbureau":"1090371","commune":"Nantes","code_insee":"44109","numero_bureau":"371","lien_lieu_vote":"109042","nom":"Jacques Tati","site":"Ecole Maternelle","num_canton":"3"}},{"type":"Feature","geometry":{"coordinates":[[[-1.58652105040616,47.265915383143],[-1.58199281185481,47.2670482239037],[-1.58087809298052,47.2671504749497],[-1.58054481264348,47.2666813674727],[-1.57989832201653,47.2657712040736],[-1.57948894254038,47.26581112884],[-1.57944018571619,47.2656982157826],[-1.57901050021955,47.2648140109279],[-1.57884198444117,47.2646123070358],[-1.57853485597426,47.2642595728977],[-1.57803510373145,47.2646860731723],[-1.5770195205733,47.264412138707],[-1.57591204011403,47.2647283697127],[-1.5763158361039,47.2649448898238],[-1.57623776141281,47.2654076941707],[-1.57391273152801,47.2649213477983],[-1.57397272788082,47.2647195440269],[-1.57395757685,47.2642898075787],[-1.574500904796,47.2629103706901],[-1.57462296104313,47.2619001728631],[-1.57443265253703,47.261485199297],[-1.57493274573552,47.2616367590341],[-1.57594097940762,47.261919611969],[-1.57613560143936,47.2611186084957],[-1.57887610010647,47.262011963507],[-1.57976769175467,47.2619880947815],[-1.58074299403277,47.2617866435414],[-1.58140285913243,47.2616988454622],[-1.58281636873241,47.261643174401],[-1.58281647491144,47.2616433008249],[-1.58281655751224,47.2616433993542],[-1.58283292901879,47.2616628849623],[-1.58288466600585,47.2617225446909],[-1.58288503193784,47.2617229671271],[-1.58295959371219,47.2618089466677],[-1.58308261359851,47.2619510987003],[-1.58316026606734,47.2620400239943],[-1.58316350764239,47.2620437360685],[-1.58316657128918,47.2620471083196],[-1.58332843812182,47.262225339597],[-1.58369667252789,47.2626588494271],[-1.58398989163577,47.2629975739961],[-1.58412466812513,47.2631532230681],[-1.5842641613327,47.263314450844],[-1.58429500984206,47.263350025388],[-1.58433996410078,47.2634018777441],[-1.58434805754098,47.2634112182004],[-1.58437009931405,47.2634366994778],[-1.58438526458314,47.2634542452142],[-1.58439149741028,47.2634613765234],[-1.58439979046796,47.2634708829249],[-1.58440789285168,47.2634804500944],[-1.58440934480872,47.2634821249739],[-1.5844747757304,47.2635576341013],[-1.58450452307711,47.263591945942],[-1.58451297803417,47.2636017026889],[-1.58463873513062,47.2637459229796],[-1.58486370435936,47.2640039281508],[-1.5849919008437,47.2641507378563],[-1.58512085640872,47.2643003141321],[-1.58517130481349,47.2643587529638],[-1.58522732018607,47.2644236575744],[-1.58524775950815,47.2644473518005],[-1.58536077765642,47.264578353333],[-1.58536220407262,47.2645800075951],[-1.58538332146801,47.264604488433],[-1.58555785523177,47.2648066834614],[-1.58559599068718,47.264850876961],[-1.58584814074498,47.2651431890664],[-1.58593582144237,47.2652430393715],[-1.58596703124459,47.2652785865102],[-1.58628371677062,47.2656425870765],[-1.58652105040616,47.265915383143]]],"type":"Polygon"},"properties":{"gid":"6154","idbureau":"1090672","commune":"Nantes","code_insee":"44109","numero_bureau":"672","lien_lieu_vote":"109032","nom":"Fran\u00e7oise Dolto","site":"Ecole Primaire","num_canton":"6"}},{"type":"Feature","geometry":{"coordinates":[[[-1.57114256842932,47.2234565662067],[-1.57117838840143,47.2235813574541],[-1.57119399845351,47.2236249596684],[-1.57138996518779,47.2241231549991],[-1.5714365440999,47.2242033585368],[-1.57151125526147,47.2243356568992],[-1.57164785186267,47.2245006282059],[-1.57165173584919,47.2244995851536],[-1.57166704293606,47.2244954743143],[-1.57263633394312,47.2256902485428],[-1.57355909914587,47.2268158898863],[-1.57423847470774,47.227655615841],[-1.5742395449839,47.2276569122363],[-1.57445882725039,47.2279224906015],[-1.57463957054935,47.2281412610018],[-1.57473183069796,47.2282529691465],[-1.57532419023847,47.2289998082355],[-1.5740130999162,47.2292557668085],[-1.57340157904621,47.2293756498464],[-1.57339532796822,47.2293768754877],[-1.57327154306227,47.2294000144142],[-1.5732052288448,47.2292345272616],[-1.57303181521627,47.2287993404555],[-1.57266357758625,47.2278981715239],[-1.57223690904457,47.2269337690383],[-1.57176227949669,47.2265107743097],[-1.57162614391396,47.2264444164634],[-1.57061840389747,47.2272308292599],[-1.57018011445913,47.2273633123983],[-1.56998322462509,47.227202003159],[-1.5702381719345,47.2265323535967],[-1.57024249301921,47.2265208550571],[-1.56938364251158,47.2259945053045],[-1.5689489145827,47.225724612543],[-1.56956203524169,47.2252197237345],[-1.57026889296175,47.2246695913473],[-1.57015481684326,47.2246047349532],[-1.57044515506956,47.2243764749042],[-1.57114256842932,47.2234565662067]]],"type":"Polygon"},"properties":{"gid":"6093","idbureau":"1090153","commune":"Nantes","code_insee":"44109","numero_bureau":"153","lien_lieu_vote":"109004","nom":"L\u00e9on Say","site":"Ecole Primaire","num_canton":"1"}},{"type":"Feature","geometry":{"coordinates":[[[-1.58521661822987,47.2343218702474],[-1.58521591863834,47.2343227190635],[-1.58520847428215,47.2343317306342],[-1.58503369675497,47.2344979613743],[-1.58496083568232,47.2345686483939],[-1.58483968795786,47.234686176372],[-1.58483946809462,47.2346863887929],[-1.58475479517282,47.2347670445411],[-1.58475308217718,47.2347707848487],[-1.58472731741627,47.2348025474565],[-1.58472596940353,47.234804209699],[-1.58472517637731,47.2348051874917],[-1.58470614874017,47.2346770087312],[-1.5846112737235,47.2340502010502],[-1.58450279273955,47.2329201016298],[-1.58444466569133,47.232300148865],[-1.5836976733749,47.2318833090181],[-1.5836975983206,47.2318832669582],[-1.58349205275915,47.2317642942224],[-1.58328551567355,47.2316814250835],[-1.58328540276725,47.2316814043575],[-1.58309713922021,47.2316231003873],[-1.58247451380102,47.2314303209996],[-1.58215946293608,47.2313372690682],[-1.58123680104253,47.231066699926],[-1.58101609840034,47.2310019775173],[-1.58051745823748,47.2308666127888],[-1.5790577520351,47.2304382863096],[-1.57906827405967,47.2304139402933],[-1.57907332166493,47.2304022628294],[-1.57909314713444,47.2303563866073],[-1.57973655551076,47.2288657770167],[-1.57992482096615,47.228372285675],[-1.58003761575121,47.2280995963247],[-1.58067002011158,47.2279764228078],[-1.58090647591563,47.2279300227984],[-1.58119426239293,47.2278299003494],[-1.5814530486372,47.2277398662703],[-1.58168753233556,47.2279157297451],[-1.58285804826902,47.2283227770587],[-1.58375574359738,47.228651450079],[-1.5850376036608,47.2297943398504],[-1.58640267935701,47.2297845563794],[-1.58661273396173,47.2299063895928],[-1.58721213727628,47.2302472603585],[-1.58525282842272,47.2318159203361],[-1.58692838798364,47.2328367772411],[-1.58693249236056,47.2328391364272],[-1.58686804556529,47.2328948470521],[-1.58675914056007,47.2329916257285],[-1.58675833317434,47.2329923436957],[-1.5867580542198,47.2329925918206],[-1.5867497133711,47.2329966229185],[-1.5867429125167,47.2329999095024],[-1.58674281288538,47.2329999585349],[-1.58670686448729,47.2330301188269],[-1.5866772825139,47.233054919335],[-1.58664170916166,47.2330845807427],[-1.58659483553804,47.2331236393412],[-1.58651241434971,47.2331927997846],[-1.58632664184692,47.2333492570095],[-1.58614966595369,47.2334957210352],[-1.58602830121878,47.2335981541454],[-1.58602781847108,47.2335985707978],[-1.5859535390092,47.233662661516],[-1.58568436626529,47.2338876172743],[-1.58568339781828,47.2338884317707],[-1.5855509858724,47.2339997061302],[-1.58547842810726,47.2340691361253],[-1.58538830129618,47.2341553445776],[-1.58536317856404,47.2341796306045],[-1.58535872599262,47.2341839272085],[-1.58534330127067,47.234198533198],[-1.58532852680699,47.2342125167089],[-1.58530425214334,47.234236373293],[-1.58526558640242,47.2342744107284],[-1.58521661822987,47.2343218702474]]],"type":"Polygon"},"properties":{"gid":"6060","idbureau":"1090523","commune":"Nantes","code_insee":"44109","numero_bureau":"523","lien_lieu_vote":"109027","nom":"Jacques Pr\u00e9vert","site":"Ecole Maternelle","num_canton":"5"}},{"type":"Feature","geometry":{"coordinates":[[[-1.58975125917754,47.2323432938085],[-1.58954665230953,47.2325374541355],[-1.58944246718034,47.2326365016084],[-1.5894198475214,47.2326580403188],[-1.58929436868719,47.232777131615],[-1.58913119624734,47.2326658767522],[-1.58887971685193,47.2324923691491],[-1.58887873212153,47.2324916876075],[-1.58850895583398,47.2322363994064],[-1.58850797111304,47.2322357178617],[-1.58850079892719,47.2322307779787],[-1.58822529427229,47.2320716549942],[-1.58816460451168,47.232036683441],[-1.58805378606053,47.2319726261259],[-1.58805071555156,47.2319707663466],[-1.58799416669224,47.2319377919611],[-1.58799392785439,47.2319379988392],[-1.58799247279703,47.2319392608117],[-1.58786441515126,47.2320502940908],[-1.5875643964717,47.2323056606479],[-1.58753413606033,47.2323314076205],[-1.5874257171815,47.2324236477367],[-1.58731639298384,47.2325139964441],[-1.58725594865032,47.23256527812],[-1.58715823471098,47.2326481651601],[-1.58710438434578,47.2326941986017],[-1.58705064807534,47.2327401292391],[-1.58701029603779,47.2327734877382],[-1.58696815298222,47.2328083099209],[-1.58693249236056,47.2328391364272],[-1.58692838798364,47.2328367772411],[-1.58525282842272,47.2318159203361],[-1.58721213727628,47.2302472603585],[-1.58722812521837,47.230234467978],[-1.58736596704646,47.2301197996863],[-1.58741616399012,47.2300812575948],[-1.5874945237598,47.2300211242691],[-1.58764540793356,47.2299004308707],[-1.5876581727123,47.2298905380051],[-1.58796975256754,47.2300931280998],[-1.58854499994049,47.2304416558088],[-1.58935940927412,47.229771285184],[-1.58942236971621,47.2297228437167],[-1.5894248463318,47.2297241982406],[-1.59008188917058,47.2300827274354],[-1.59008437636638,47.2300840815236],[-1.59058787751305,47.230357501595],[-1.59059035682441,47.2303588559883],[-1.59125103979525,47.2307181590378],[-1.59198235966457,47.2312542246794],[-1.5918388430378,47.2313359769216],[-1.59179475842001,47.2313601763332],[-1.59162929335695,47.2314511326128],[-1.59142301582357,47.2315643549111],[-1.59142038592659,47.2315657990502],[-1.59135013284324,47.2316043929959],[-1.59126133443562,47.2316531769711],[-1.59125882311961,47.2316545541914],[-1.59113678063162,47.2317215018642],[-1.59091496562045,47.2318432737534],[-1.59091251633453,47.2318446187503],[-1.59065134421499,47.2319880717446],[-1.59057094748207,47.231985427254],[-1.59048778512688,47.2319368472128],[-1.59035698209884,47.2318604345688],[-1.59026243361155,47.2318050933657],[-1.59025653644841,47.2318016417134],[-1.59015260558154,47.2318867128134],[-1.58994269642148,47.2320530617783],[-1.59000079000316,47.2320855229917],[-1.58986037878914,47.23223057117],[-1.58978638555004,47.2323070072282],[-1.58975125917754,47.2323432938085]]],"type":"Polygon"},"properties":{"gid":"6059","idbureau":"1090521","commune":"Nantes","code_insee":"44109","numero_bureau":"521","lien_lieu_vote":"109027","nom":"Jacques Pr\u00e9vert","site":"Ecole Maternelle","num_canton":"5"}},{"type":"Feature","geometry":{"coordinates":[[[-1.55880542923429,47.2475177014778],[-1.55823728842796,47.2488086442027],[-1.55784667399449,47.2509720979571],[-1.55777939648125,47.2514633486509],[-1.55618098064582,47.2514676760498],[-1.55464071200468,47.252091216917],[-1.55451329066804,47.2525943982571],[-1.55365273706466,47.2524335641107],[-1.55333423164473,47.2523739647917],[-1.55201984062054,47.2521279057823],[-1.55189074218856,47.2522443934321],[-1.55068402524008,47.2521527602984],[-1.54999268681542,47.2522305489627],[-1.54920983091964,47.2524670524783],[-1.54809410079622,47.2527629464973],[-1.54713653389778,47.2526211790831],[-1.54699090789305,47.2526014045758],[-1.54595687662572,47.2524613056762],[-1.54465548130566,47.2522314842768],[-1.54360919467861,47.252091864731],[-1.54316009906439,47.2520352794334],[-1.54235644091958,47.2519469337025],[-1.54225249572924,47.2519491695613],[-1.54214355623325,47.2519737291168],[-1.54191850034763,47.2519529273336],[-1.54099564947375,47.2519264890511],[-1.539789163981,47.2518084361603],[-1.53942174078327,47.2518985128998],[-1.53959243886651,47.2514393829036],[-1.53970695100197,47.2511030091075],[-1.53993235692627,47.250728953173],[-1.5403595078507,47.2502658869838],[-1.54087358599262,47.2497117282934],[-1.54090559046612,47.2496772281591],[-1.54219026247024,47.2486926565668],[-1.54464765584025,47.2468559377414],[-1.54481534061312,47.2466933088264],[-1.54518905696884,47.2463369461253],[-1.54537766075706,47.2461546088683],[-1.54680990311183,47.2436834091283],[-1.54680995784441,47.2436832907253],[-1.54750547180096,47.2421791040261],[-1.54769176973987,47.2422366860127],[-1.54800195096586,47.2423191879],[-1.5484294705442,47.2424421372529],[-1.54865932256128,47.2425603086882],[-1.54879946388473,47.2426215155411],[-1.5491113324707,47.2427544858659],[-1.54942444658497,47.2428864194218],[-1.54983654072467,47.2430298818192],[-1.55021181033988,47.2431143268656],[-1.55067342452913,47.2431547897509],[-1.55115232605193,47.2431819682932],[-1.55158629399378,47.243145992011],[-1.55208267249567,47.2430660285846],[-1.55256461217844,47.2429713294741],[-1.55311165871259,47.2428479499265],[-1.55364569712118,47.2427440119284],[-1.55367893111346,47.2427445123442],[-1.55401807719794,47.2426995657879],[-1.55433427504936,47.2426663811493],[-1.55496512736568,47.2426406816115],[-1.55585822516351,47.2426019843498],[-1.55634262594718,47.2425829316104],[-1.55634778162545,47.2425829551441],[-1.55640361424668,47.2425832146471],[-1.55656668092519,47.2425867169395],[-1.55655137343731,47.2428360879717],[-1.55689980628841,47.242842427491],[-1.55685331323677,47.2436755010423],[-1.55700328237201,47.2445256322148],[-1.55628093261955,47.2457987089374],[-1.55602515372427,47.246678747381],[-1.55880542923429,47.2475177014778]]],"type":"Polygon"},"properties":{"gid":"6137","idbureau":"1090654","commune":"Nantes","code_insee":"44109","numero_bureau":"654","lien_lieu_vote":"109033","nom":"Le Baut","site":"Ecole Maternelle","num_canton":"6"}},{"type":"Feature","geometry":{"coordinates":[[[-1.56370051338579,47.2540623942989],[-1.56401958266126,47.2541421210971],[-1.56422745047779,47.2541209547798],[-1.56434595330788,47.2541532458045],[-1.56438407018318,47.2542332854834],[-1.56495706862835,47.2544517732873],[-1.56531989438932,47.2547050202615],[-1.56545849116867,47.2550071892681],[-1.56578764145203,47.2562510582302],[-1.56600928545914,47.2568318827236],[-1.56617788177557,47.2576085055954],[-1.56634329621339,47.258426576115],[-1.56650472019779,47.2590595162709],[-1.565979110467,47.2595763622004],[-1.56486865135049,47.2599835603843],[-1.5644478144339,47.2601469447629],[-1.56428720038142,47.2602067751669],[-1.56455856364275,47.260504366051],[-1.563456494031,47.2609653065692],[-1.56168378279541,47.2606444211547],[-1.55784502726073,47.2594328887279],[-1.55699047106753,47.2594452557468],[-1.55659187264649,47.2574720960042],[-1.55595495131239,47.25692058735],[-1.55468158135195,47.2563999959638],[-1.55641783035617,47.2559626845284],[-1.55660154381475,47.2559276628858],[-1.55818541426924,47.2556254273116],[-1.55984919646778,47.2553072288605],[-1.56029938752454,47.2556322956633],[-1.56065849686256,47.2555734192208],[-1.56095442456378,47.2562558602417],[-1.56247606464676,47.2559294601018],[-1.56268117593704,47.2558376811769],[-1.56340715006005,47.2547741205391],[-1.56370051338579,47.2540623942989]]],"type":"Polygon"},"properties":{"gid":"6152","idbureau":"1090651","commune":"Nantes","code_insee":"44109","numero_bureau":"651","lien_lieu_vote":"109033","nom":"Le Baut","site":"Ecole Maternelle","num_canton":"6"}},{"type":"Feature","geometry":{"coordinates":[[[-1.55880542923429,47.2475177014778],[-1.55931651290208,47.2476719277722],[-1.56002989576285,47.2478595748597],[-1.56062662941315,47.2480164854377],[-1.5616473553504,47.2482848907279],[-1.5633530466816,47.248733494504],[-1.5678798524347,47.2473037129314],[-1.56901249034186,47.2478001897679],[-1.56928943118784,47.2477688311902],[-1.56894893792982,47.2470004624399],[-1.5701671482791,47.2468303154677],[-1.57011141193492,47.2471772542556],[-1.57019050411504,47.2476570735397],[-1.57014943813711,47.2479568592615],[-1.57023570333744,47.2482233286531],[-1.57028762776328,47.2483836947787],[-1.57007131743282,47.2493809596401],[-1.57000132340014,47.2497536870899],[-1.56933149432641,47.2501325928324],[-1.56922787101407,47.2501445702862],[-1.56893758483772,47.2501779942112],[-1.56889088500979,47.250183363243],[-1.56883647687382,47.2504599980616],[-1.56852420042955,47.2507195193071],[-1.56812230593869,47.2508349928705],[-1.56690811183995,47.2518644096011],[-1.56538442830471,47.2518762453267],[-1.5641280551332,47.2521597579954],[-1.56362692247427,47.2522824458648],[-1.56059065508224,47.2533336675621],[-1.56007254509414,47.2538008767313],[-1.55842392553076,47.2535819426224],[-1.55800008771703,47.253525640513],[-1.55774552464014,47.254580546211],[-1.55604665349142,47.2545182836193],[-1.55576292277355,47.255265686637],[-1.55660154381475,47.2559276628858],[-1.55641783035617,47.2559626845284],[-1.55468158135195,47.2563999959638],[-1.5529330740835,47.2554159061329],[-1.55266898520081,47.2548350494375],[-1.55263872766446,47.2542153309532],[-1.55281599936607,47.2536460761818],[-1.55269043418434,47.253398302171],[-1.55301195300227,47.2525062456757],[-1.55333423164473,47.2523739647917],[-1.55365273706466,47.2524335641107],[-1.55451329066804,47.2525943982571],[-1.55464071200468,47.252091216917],[-1.55618098064582,47.2514676760498],[-1.55777939648125,47.2514633486509],[-1.55784667399449,47.2509720979571],[-1.55823728842796,47.2488086442027],[-1.55880542923429,47.2475177014778]]],"type":"Polygon"},"properties":{"gid":"6144","idbureau":"1090653","commune":"Nantes","code_insee":"44109","numero_bureau":"653","lien_lieu_vote":"109033","nom":"Le Baut","site":"Ecole Maternelle","num_canton":"6"}},{"type":"Feature","geometry":{"coordinates":[[[-1.54068285875646,47.2362082254949],[-1.54053404372859,47.2360579500475],[-1.54078860180928,47.2358371061012],[-1.54101569665731,47.2351134343286],[-1.54108718505913,47.2347550865536],[-1.54127771659513,47.2346233954321],[-1.54347192845331,47.2349260619791],[-1.54582885565048,47.2352474380263],[-1.5471263010922,47.2355048436453],[-1.5470726400074,47.2355107014346],[-1.54665416630633,47.2355426303885],[-1.54568024320285,47.236459524236],[-1.54560521361203,47.2366811820488],[-1.54507444174917,47.2372031565379],[-1.54391604155284,47.2382321616777],[-1.54452900122368,47.2384490372442],[-1.54527540326153,47.2387041108813],[-1.54504559528819,47.2389234162842],[-1.5432952317446,47.2389699803072],[-1.54288073850634,47.238998787771],[-1.54200921136861,47.2391280797154],[-1.54092740707556,47.2392884785615],[-1.54095968671534,47.2391390548712],[-1.54078165516323,47.2380694668388],[-1.54099763437371,47.2380569807829],[-1.54110888315652,47.2376177658506],[-1.54110848050906,47.2372052694362],[-1.54088714266168,47.2369376500728],[-1.54082670902623,47.2362205912676],[-1.54068285875646,47.2362082254949]]],"type":"Polygon"},"properties":{"gid":"6102","idbureau":"1090273","commune":"Nantes","code_insee":"44109","numero_bureau":"273","lien_lieu_vote":"109034","nom":"Port Boyer","site":"Ecole Maternelle","num_canton":"2"}},{"type":"Feature","geometry":{"coordinates":[[[-1.62714171517384,47.1888215196008],[-1.62717010281555,47.1888336966562],[-1.62718265104107,47.1888399240593],[-1.62721017638857,47.1888535893891],[-1.62721403324658,47.1888555047083],[-1.62724265818955,47.1888697159442],[-1.62736177561024,47.1889247490304],[-1.62748521905871,47.1889839330269],[-1.62780762259657,47.1890585249681],[-1.62808160743901,47.1891377567885],[-1.62808165285367,47.1891377698261],[-1.62817020810522,47.1891559165441],[-1.62908720638483,47.1892686172206],[-1.62917808766022,47.1892669337009],[-1.62917813911244,47.189266932527],[-1.62925544466428,47.1892559750077],[-1.62926873765199,47.1892528977152],[-1.62927784623665,47.189250788481],[-1.62930870462307,47.1892436442563],[-1.62942495354811,47.1892035522113],[-1.62946524814983,47.1891967798138],[-1.62954796747281,47.1891996604984],[-1.629869227255,47.1892379782374],[-1.62988291373402,47.189239587107],[-1.62989661090803,47.1892411973459],[-1.62990265278512,47.1892419070429],[-1.62991451227353,47.1892433012388],[-1.62991991986526,47.1892439373945],[-1.62992269235888,47.1892442626137],[-1.62993027016334,47.1892451536626],[-1.62993769437536,47.1892460265757],[-1.62994908371057,47.189247364938],[-1.62995290066602,47.1892478138357],[-1.62996509004803,47.1892492469857],[-1.62997570343956,47.1892504940898],[-1.62998676296351,47.1892517943871],[-1.6299925110643,47.1892524699715],[-1.62999476008875,47.1892527343007],[-1.63001941256561,47.1892556319033],[-1.63001993076667,47.189255693004],[-1.63002211965588,47.1892559498458],[-1.63003149779968,47.1892570530268],[-1.63003378154159,47.1892573213617],[-1.6300473772078,47.1892589194571],[-1.6300611331318,47.1892605363184],[-1.63006431432968,47.18926090993],[-1.63011627439482,47.1892670179286],[-1.63012968710297,47.1892685945583],[-1.63013612164754,47.1892693505822],[-1.6302288179991,47.1892802467123],[-1.63023035253255,47.1892804272167],[-1.63023245199626,47.1892806741449],[-1.63024702262464,47.1892823869826],[-1.63025312464652,47.1892831041478],[-1.6302654047896,47.1892845471223],[-1.6302685085742,47.1892849121365],[-1.63028062985605,47.1892863371871],[-1.6302865649571,47.1892870349511],[-1.63029433968514,47.1892879482207],[-1.63030798147598,47.1892895520849],[-1.63031819021031,47.189290751501],[-1.63032864878601,47.1892919813888],[-1.63033545863925,47.189292781737],[-1.63033725494791,47.1892929931323],[-1.63036227338802,47.1892959335726],[-1.63036240164075,47.189295949125],[-1.63037666106171,47.1892976249382],[-1.63038270961598,47.1892983352423],[-1.63039540784609,47.1892998280216],[-1.63040398200577,47.1893008365455],[-1.63041772857447,47.1893024519401],[-1.63045476143054,47.1893061647813],[-1.63045903665524,47.1893065933737],[-1.63046591084835,47.1893072820818],[-1.63049009540714,47.1893097073442],[-1.63050031142044,47.1893107316311],[-1.63051416388274,47.1893121201628],[-1.63052453325617,47.1893131598882],[-1.63052778433096,47.1893134856118],[-1.63053147812482,47.1893138556538],[-1.63054770691996,47.1893154826387],[-1.63055538797577,47.1893162532359],[-1.63056911110474,47.1893176289559],[-1.63058283555172,47.1893190046211],[-1.63058496514443,47.1893192178868],[-1.63061802548499,47.1893225322302],[-1.63062413567636,47.1893231454163],[-1.63063796280474,47.1893245313509],[-1.63064877621954,47.1893256153299],[-1.63067260866476,47.189328004296],[-1.63067918691704,47.1893286643795],[-1.63069285937165,47.1893300349202],[-1.6307066585287,47.1893314183705],[-1.63071499161755,47.1893322536671],[-1.63072576900089,47.1893333336859],[-1.63073411015003,47.1893341704582],[-1.63073724390262,47.1893344846886],[-1.63074383943708,47.1893351458735],[-1.63077537558085,47.1893383071928],[-1.63078915632416,47.1893391434877],[-1.6308023364296,47.1893399436366],[-1.63080240152254,47.1893399473185],[-1.63088387534001,47.189344891332],[-1.63088607734587,47.1893450250745],[-1.63088673517346,47.1893450652191],[-1.63111610688114,47.1893589838943],[-1.63205397403452,47.189406197239],[-1.63205643160011,47.1894063206465],[-1.63207398660507,47.189407204534],[-1.63209218556523,47.1894081210062],[-1.63210840353249,47.1894089371906],[-1.63211631006989,47.189409335429],[-1.63213040236783,47.189410044548],[-1.63213897401482,47.1894104754194],[-1.63215497028042,47.1894112807191],[-1.63216784914014,47.1894119297645],[-1.63216798320024,47.1894119360693],[-1.63216830052811,47.1894119520998],[-1.63220238285302,47.1894136675929],[-1.63220658506394,47.1894138791911],[-1.63222570013347,47.1894148415768],[-1.63223227095064,47.1894151720577],[-1.632269988563,47.189417070642],[-1.63228291515992,47.1894177213527],[-1.6323020302322,47.1894186837257],[-1.63231163755691,47.1894191674074],[-1.63233676977144,47.1894204321315],[-1.63234012755801,47.1894206012065],[-1.63235924394957,47.1894215635168],[-1.63237234443955,47.189422222519],[-1.63241009127611,47.1894241225817],[-1.63241645899052,47.1894244432261],[-1.6324355727503,47.1894254056301],[-1.63244702158691,47.1894259816919],[-1.63250655216306,47.1894289778721],[-1.6325118882331,47.1894292464283],[-1.63252242096593,47.1894297765505],[-1.63252803050364,47.1894300584],[-1.63253098603288,47.1894302076584],[-1.6325501011141,47.1894311699901],[-1.63256919759794,47.189432131267],[-1.63258816924327,47.1894330858643],[-1.63260728300933,47.1894340482396],[-1.63262638081255,47.1894350094538],[-1.6326454825683,47.1894359705054],[-1.63264591008944,47.1894359919997],[-1.63276233316871,47.1894418517977],[-1.63277909158326,47.1894426956382],[-1.63279131046133,47.1894433099743],[-1.63281016665242,47.1894442592825],[-1.63281568862805,47.1894445374431],[-1.63282389785802,47.1894449504503],[-1.63282830317916,47.1894451718511],[-1.63284923591474,47.1894462256792],[-1.63285388556749,47.1894464597459],[-1.63286058386624,47.1894467967607],[-1.63287335378937,47.1894474393109],[-1.63288387064402,47.1894479691399],[-1.63289887643381,47.1894487242004],[-1.63290529987021,47.1894490470746],[-1.63295426458985,47.189451511571],[-1.63295873368798,47.1894517367006],[-1.63296517177125,47.1894520607826],[-1.63298189028354,47.1894529016987],[-1.63298870148968,47.1894532449625],[-1.63300367279889,47.1894539986976],[-1.63301165095133,47.1894543993912],[-1.63303836061978,47.189455744475],[-1.63304867561153,47.1894562635129],[-1.63306361104358,47.1894570150838],[-1.63306809339357,47.1894572405754],[-1.63310833636367,47.1894592658446],[-1.63312277829015,47.1894592362191],[-1.63312284431072,47.1894592353566],[-1.63331544220097,47.1894588362053],[-1.63335090866588,47.1894561231866],[-1.63336229400544,47.1894552526971],[-1.63337031094698,47.1894546389253],[-1.63338610857526,47.1894534308289],[-1.63339344402662,47.1894528697959],[-1.63340895929449,47.1894516830064],[-1.63340907350871,47.1894516738904],[-1.63341526255325,47.1894512005837],[-1.63343209624541,47.1894499128117],[-1.63344022616025,47.1894492908701],[-1.63345507434867,47.1894481553323],[-1.63346247674633,47.189447588889],[-1.63349336539787,47.1894452255221],[-1.63350251045638,47.1894445265529],[-1.63351814520274,47.1894433304199],[-1.63353365519581,47.1894421438263],[-1.63353543590266,47.1894420079643],[-1.63439290781979,47.1893764102961],[-1.63513881962908,47.1894139674079],[-1.63587550860542,47.189389984167],[-1.63588768554315,47.1893899023894],[-1.63589804861783,47.1893898334919],[-1.63590231593954,47.1893898053271],[-1.63591565296647,47.1893897172446],[-1.63592892521227,47.1893896290734],[-1.63594233467586,47.1893897660496],[-1.63595565146121,47.1893899013605],[-1.63616425267406,47.1894021121996],[-1.63623068775993,47.1894150834167],[-1.63623496399071,47.1894159181682],[-1.63624900298346,47.1894186591974],[-1.63626168784025,47.1894211359171],[-1.63626399002121,47.1894215854145],[-1.63627724906838,47.189424174111],[-1.63629069097519,47.1894267982242],[-1.63629496182158,47.1894276318394],[-1.63630544943471,47.189429680051],[-1.63630943248932,47.189430457254],[-1.63631809391958,47.1894321484828],[-1.63631952873379,47.1894324284551],[-1.6363235239566,47.1894332087708],[-1.63638726153693,47.1894456526535],[-1.63639001553869,47.1894461902327],[-1.63639233252423,47.1894466427341],[-1.63640364442311,47.189448851387],[-1.63640369820734,47.1894488618305],[-1.63641006149001,47.1894501042962],[-1.63644261205485,47.1894564590825],[-1.63644386265543,47.1894567032395],[-1.63644419481605,47.1894567682217],[-1.63650700998224,47.1894690321248],[-1.63651706857677,47.1894709958185],[-1.63651769120385,47.1894711175541],[-1.63652422522174,47.1894723927672],[-1.63654853666076,47.1894771392787],[-1.63655934971168,47.189479250919],[-1.63657339276772,47.1894819926469],[-1.63658252889615,47.1894837764227],[-1.63662338864087,47.1894917536925],[-1.63662983261029,47.189493011811],[-1.63664415939744,47.1894958087536],[-1.63665808009108,47.1894985265778],[-1.63666566438349,47.1895000071708],[-1.63666584999399,47.1895000438289],[-1.63677752482153,47.1895218459537],[-1.63678504867166,47.1895233154636],[-1.63679909175087,47.1895260571639],[-1.63681325317269,47.1895288220172],[-1.63682733523673,47.1895315711506],[-1.63684149666147,47.1895343360004],[-1.63685557741111,47.1895370851836],[-1.63686973883877,47.18953985003],[-1.63687865171147,47.1895415896346],[-1.63689730460876,47.1895452318758],[-1.63689738125545,47.1895452468024],[-1.63691136645371,47.1895479764093],[-1.63693470976374,47.1895525339631],[-1.63694014656793,47.1895535957517],[-1.63695171131466,47.1895558536133],[-1.63695270105755,47.1895560470254],[-1.63696078694133,47.1895576253859],[-1.6369683887656,47.189559109757],[-1.63697859123226,47.1895611009418],[-1.63698381421767,47.1895621209024],[-1.6369851670449,47.1895623852548],[-1.63698877897537,47.1895630900171],[-1.63700514581391,47.1895662857113],[-1.63701011328498,47.1895672556167],[-1.63701018187194,47.1895672690664],[-1.63703557319482,47.1895722259747],[-1.63703899556367,47.1895728942375],[-1.63705303866886,47.1895756359067],[-1.63706724181165,47.1895784089568],[-1.63708132258453,47.1895811581123],[-1.63708200698052,47.1895812908666],[-1.63708897006203,47.1895826505439],[-1.63709536166417,47.189583899038],[-1.63710594202724,47.1895859641582],[-1.63711498542471,47.1895877300119],[-1.63712304713847,47.1895893039309],[-1.63712308472511,47.1895893105227],[-1.63717179531789,47.1895988213796],[-1.63718009503546,47.1896004415503],[-1.63718716700836,47.1896018220546],[-1.63719965153843,47.1896042590069],[-1.63720821894117,47.1896059323421],[-1.63722229972847,47.1896086814803],[-1.63723578206669,47.1896113133151],[-1.63723589769563,47.189611335678],[-1.63723605098939,47.1896113655305],[-1.63727246928247,47.1896184757875],[-1.63728027548976,47.189619999642],[-1.63728906470032,47.1896217153753],[-1.63734557877257,47.1896327483223],[-1.63734563395255,47.1896327596101],[-1.63735344822384,47.1896342849362],[-1.63743460205228,47.1896501284165],[-1.63745560698105,47.1896542297455],[-1.63746475657557,47.1896560156129],[-1.63747297702926,47.1896576209427],[-1.63747767288156,47.1896585378214],[-1.63749962176109,47.1896628226857],[-1.63752156932682,47.1896671075991],[-1.63753321208699,47.1896693802749],[-1.63757592381358,47.1896777185445],[-1.63758740793708,47.1896799606776],[-1.63760285771673,47.1896829770677],[-1.63761245379649,47.1896848503178],[-1.63763130713017,47.1896885312049],[-1.63764276971314,47.1896907687961],[-1.63768883124185,47.1896997610808],[-1.63769698846905,47.1897013536303],[-1.63771893606646,47.1897056385059],[-1.63772956088526,47.189707712588],[-1.63775014216772,47.1897117300543],[-1.63776274788194,47.1897141917887],[-1.63777604869124,47.1897167876421],[-1.63778425970842,47.1897183906282],[-1.63778433643368,47.1897184064521],[-1.63779676180816,47.1897208313136],[-1.63785041991468,47.189731307164],[-1.63796422063005,47.1897525068281],[-1.63798252706589,47.1897559177886],[-1.63800454471671,47.1897600195534],[-1.63801802860259,47.1897625313857],[-1.63802628283027,47.1897640686283],[-1.63806112997256,47.1897705599662],[-1.63807048477255,47.1897723032522],[-1.63850909573322,47.1898540104411],[-1.63852800237571,47.1898576187429],[-1.63854676649815,47.1898611994589],[-1.63855228325227,47.1898622525361],[-1.63861061349818,47.1898733836063],[-1.63862175721641,47.1898755105328],[-1.63864048236898,47.1898790837974],[-1.638659211554,47.1898826577972],[-1.63865932981875,47.1898826800521],[-1.63867690704691,47.1898860347656],[-1.63867797569413,47.1898862384918],[-1.63869670356685,47.1898898125387],[-1.63869953991185,47.1898903539459],[-1.63870363578675,47.1898911355208],[-1.63871542741223,47.1898933858444],[-1.63872929448867,47.1898960316993],[-1.63873977551362,47.1898980322019],[-1.63875304444765,47.1899005643521],[-1.63876133299828,47.1899021461146],[-1.6387721715329,47.1899042141702],[-1.63879053780297,47.1899077190097],[-1.63880926569076,47.1899112930383],[-1.63881324330399,47.1899120523545],[-1.6388235549198,47.189914020046],[-1.63885490106444,47.1899200011127],[-1.63886548292659,47.1899220209587],[-1.63887558886079,47.1899239491975],[-1.63893700831927,47.189935669865],[-1.63894059208056,47.1899363540791],[-1.63895931998843,47.1899399280832],[-1.63896974453274,47.189941917331],[-1.63898656222027,47.1899451260716],[-1.63899685509429,47.1899470909009],[-1.63900278176384,47.1899482211091],[-1.63919232869656,47.1899843928233],[-1.63920317268993,47.1899864624212],[-1.63922160752643,47.1899899797423],[-1.6392220202155,47.1899900585836],[-1.63923188158515,47.1899919408059],[-1.63923953969905,47.1899934020305],[-1.6392571424974,47.1899967610314],[-1.63926640293158,47.189998527862],[-1.63927414978547,47.190000006224],[-1.63927422643348,47.1900000211489],[-1.63927877399705,47.1900008889803],[-1.63929226478813,47.1900034634684],[-1.6393097855978,47.1900068068513],[-1.63932747040022,47.1900101814513],[-1.63933142780016,47.1900109361604],[-1.63944571109903,47.1900327447949],[-1.63945055843979,47.190033669891],[-1.63946759938674,47.1900369218057],[-1.63946767735218,47.1900369366773],[-1.63951402811501,47.190045781393],[-1.6395209254226,47.1900470976283],[-1.63952520282784,47.1900479141911],[-1.63954897299387,47.1900524494725],[-1.63955616875769,47.19005382303],[-1.63956642935553,47.1900557810043],[-1.63958612385588,47.1900595393231],[-1.63959129244079,47.1900605253223],[-1.63960319705933,47.1900627971237],[-1.63961109040742,47.1900643028846],[-1.63962649278092,47.1900672425286],[-1.63963597504602,47.190069051729],[-1.63965924930568,47.1900734934893],[-1.63966165949438,47.1900739529733],[-1.63966303195115,47.1900742146995],[-1.63970114121469,47.1900814865545],[-1.63971434847233,47.1900840075732],[-1.63973194861776,47.1900873657098],[-1.6398006889688,47.1901031244925],[-1.63980105315389,47.1901032079959],[-1.63981828719136,47.1901071594491],[-1.63983553866872,47.1901111137994],[-1.63983572529897,47.1901111621262],[-1.63984849132519,47.1901144462066],[-1.63985695067701,47.1901166229492],[-1.63986980327826,47.1901199296609],[-1.63987853033114,47.1901221748812],[-1.64004107224169,47.1901639929851],[-1.64012681544493,47.1901862093997],[-1.64076405328809,47.1903753697034],[-1.64121983748211,47.190557445291],[-1.64173376161824,47.1908607144181],[-1.6417417290903,47.1908945454264],[-1.64179958592786,47.1911629081792],[-1.64067001170779,47.1912721070836],[-1.64066995467747,47.1912721125432],[-1.63826100410889,47.1920077923767],[-1.63826089718959,47.1920078246321],[-1.63778620224013,47.1921527848896],[-1.63763324782325,47.1921994930492],[-1.63741317599949,47.1922666963859],[-1.63690639097316,47.1924214514164],[-1.63637260671184,47.1925844477833],[-1.63634137996394,47.1925939832295],[-1.63566089395384,47.1926279507679],[-1.63547843106215,47.1926370564012],[-1.6351204602881,47.1926549192766],[-1.63443219292528,47.1926892612582],[-1.63136864099644,47.1928420702553],[-1.63120048079694,47.192850455919],[-1.63116599655172,47.1928521751527],[-1.63023587092198,47.1928985522387],[-1.63015480689068,47.1929025933268],[-1.62991178993462,47.1929147091812],[-1.62785064810495,47.1930174455503],[-1.62768798755248,47.1930255511477],[-1.62739649667247,47.1930400771361],[-1.6219074972599,47.1933134683099],[-1.61899269235861,47.193281218563],[-1.61577214366266,47.1930700116103],[-1.61306355690285,47.1936273932621],[-1.61242663150185,47.1950853319552],[-1.60626767412255,47.1962826261185],[-1.60424312105878,47.1965923797424],[-1.60540554095223,47.197996101075],[-1.60540392839454,47.1984532663377],[-1.60602019945716,47.1986727596083],[-1.60698687052423,47.1993538570937],[-1.6067172506017,47.2004226827995],[-1.60669305044296,47.2010935516596],[-1.60687127772035,47.2011214996861],[-1.60783426488462,47.2012569770878],[-1.60787924165397,47.2012270644465],[-1.60837418293991,47.2022923289439],[-1.60826965384537,47.2025059506195],[-1.60838209395491,47.203056130339],[-1.60747006955373,47.203835211378],[-1.60730897564899,47.2037906429254],[-1.60704146967288,47.2037170244828],[-1.60666038185605,47.203610450123],[-1.60577043915636,47.2033708634142],[-1.6052188149017,47.2032186903982],[-1.60395163848867,47.2028849909263],[-1.60419337628579,47.2018851315575],[-1.60400948695387,47.2018916008682],[-1.60380863638953,47.2018615394927],[-1.60330603689579,47.2017865368894],[-1.60330579042209,47.2017864999136],[-1.60283272747455,47.2017156645679],[-1.60199314274588,47.2015993490417],[-1.60122236730361,47.2015452562191],[-1.60106086525939,47.201514657623],[-1.60081422797354,47.2014226562655],[-1.60070687834959,47.2013826422647],[-1.60055800480594,47.2013063039629],[-1.59990799236493,47.2009461570142],[-1.59964150371238,47.2007549408739],[-1.5993396321473,47.200700672885],[-1.59857543450571,47.2004517861937],[-1.59847550778516,47.2004192612121],[-1.59862884518039,47.1998174824303],[-1.5984929744277,47.199799243409],[-1.59871286805805,47.1989507458537],[-1.59891915951369,47.1980538882169],[-1.59630439263452,47.1925045288003],[-1.59591608763594,47.1916923171491],[-1.59590218096382,47.1916674626696],[-1.59589870974845,47.1916639972116],[-1.59531898631882,47.1916157479792],[-1.59541119472475,47.1913403726271],[-1.59552335686475,47.1910050856266],[-1.5955283028709,47.190990379777],[-1.59552921494077,47.1909876327299],[-1.59559190333856,47.1907987810726],[-1.59559460703722,47.1907906998251],[-1.59559593694698,47.1907867267616],[-1.59559715940989,47.1907830715854],[-1.59577246737971,47.1902678278879],[-1.59602425847196,47.1901416839813],[-1.59604828987902,47.1901290974881],[-1.5968314160418,47.1897199941982],[-1.59684962723954,47.1897104340369],[-1.59698548252836,47.1896394827957],[-1.5972176407552,47.1895033990655],[-1.59722254615121,47.189500499277],[-1.59773313043353,47.1892007953754],[-1.59773879520455,47.189197504702],[-1.59782024074314,47.1891501781304],[-1.59782199984497,47.189149116448],[-1.59789561071024,47.18910597841],[-1.59790857531879,47.1890984304407],[-1.5981616130131,47.188951596031],[-1.59828854721324,47.1888630683541],[-1.59829641276943,47.1888577070445],[-1.59837898946705,47.1888005126132],[-1.59840780912152,47.1887806149833],[-1.59848040450365,47.1887303083231],[-1.5984840234185,47.1887278204569],[-1.59900144746213,47.188369624497],[-1.59901018852913,47.1883636873873],[-1.5990871533017,47.1883104117837],[-1.5990902684684,47.1883082144128],[-1.59935983776549,47.1881201646704],[-1.6009926632621,47.186593211953],[-1.60112206290375,47.1864721462974],[-1.60112414445319,47.1864701660135],[-1.60122980639315,47.1863680695159],[-1.60127296672603,47.1863290332545],[-1.60149019333393,47.1861273966317],[-1.60271002902758,47.1855298161717],[-1.60272168724966,47.185525405393],[-1.6027277660904,47.1855231070863],[-1.60273334066572,47.1855210002125],[-1.60273339699647,47.1855209790302],[-1.60279646928208,47.1854971366053],[-1.60398489866237,47.1850975872483],[-1.60407907107238,47.1850707412058],[-1.60462965169063,47.1849319482782],[-1.60524643395581,47.1847764623984],[-1.60586779147685,47.1846508750365],[-1.60654325127217,47.1845150928769],[-1.60779329944162,47.1843811115245],[-1.60801563650004,47.1844042651883],[-1.60802858390232,47.1844057278372],[-1.60924085479804,47.1845459257336],[-1.61072668709874,47.1848124527632],[-1.61204115704454,47.1851239644527],[-1.61261172255917,47.1852671129158],[-1.61263847103411,47.1852737876041],[-1.61286261768332,47.1853300206537],[-1.61286294801219,47.1853301110068],[-1.61290647555559,47.1853419550632],[-1.61351245070041,47.1854986347423],[-1.61387463928847,47.1856058175513],[-1.61388020297233,47.1856074862575],[-1.61587895255436,47.186210083946],[-1.61587908010343,47.1862101220705],[-1.61628541347759,47.1863307981965],[-1.61710129198526,47.1865391225331],[-1.61714250914733,47.1865495396017],[-1.61736892115427,47.1866073852601],[-1.61737405878955,47.1866087104948],[-1.61770914450147,47.1866942637623],[-1.6177453715188,47.1867035296947],[-1.61782931751542,47.1867250234574],[-1.61785704385519,47.18673228843],[-1.61828667891687,47.1868442238014],[-1.61854032548353,47.1869143080902],[-1.6188872541602,47.1869477416707],[-1.61888729348541,47.186947745495],[-1.61929263349696,47.1869607201252],[-1.61952844754813,47.1869652872515],[-1.62045966957652,47.1869804308607],[-1.62055458558639,47.1870532273595],[-1.62066440839423,47.1871374555341],[-1.62067813094837,47.1871600620553],[-1.62069738276201,47.1871961431032],[-1.62071356565082,47.1872074766134],[-1.62078787539854,47.1872265492063],[-1.62081997497518,47.187253543312],[-1.6209474339291,47.1873665722408],[-1.62110489179923,47.1874859375302],[-1.62122421728432,47.1875754840829],[-1.62127449990926,47.1876249139716],[-1.62129282956048,47.1876366115412],[-1.62148795117552,47.1876871485207],[-1.62155246995524,47.18770112911],[-1.62157529971955,47.1877019532804],[-1.62157841779323,47.1877020656325],[-1.62157846881888,47.1877020671826],[-1.62175393513868,47.1876722036099],[-1.62181406217617,47.1876643757999],[-1.62187614500282,47.1876653903603],[-1.6219667128123,47.1876686821631],[-1.62204684591671,47.1876796932066],[-1.62224539785936,47.18767530228],[-1.62230325252661,47.1876732401159],[-1.62230332892757,47.1876732370392],[-1.62230391402331,47.1876732161807],[-1.62234616407527,47.1876634947275],[-1.6223822685764,47.1876514975887],[-1.62246549355012,47.187620391304],[-1.62255417082901,47.1875820365852],[-1.62262134687349,47.1875686078124],[-1.62265898809334,47.1875636675989],[-1.62268572000853,47.1875609689843],[-1.62269938832559,47.1875600580611],[-1.62279611426359,47.1875581449939],[-1.62281103116856,47.1875606900579],[-1.62281599404218,47.1875615363889],[-1.62283140472597,47.1875641660944],[-1.62284080058726,47.1875657692569],[-1.62284797321353,47.1875669924718],[-1.62286922018404,47.1875706171551],[-1.62287058202246,47.1875708497666],[-1.62287305609859,47.1875712718756],[-1.62289331830857,47.1875747289566],[-1.62290054866878,47.1875759624589],[-1.62291081794276,47.1875777142688],[-1.62296020285316,47.1875861395878],[-1.62296032955461,47.1875861678265],[-1.62296762676888,47.1875877608854],[-1.62296822362065,47.1875878909394],[-1.62315947649606,47.1876296579891],[-1.6232380688561,47.1876556646564],[-1.62325220005056,47.1876609482998],[-1.62326648585709,47.1876662923974],[-1.6232807593442,47.1876716315828],[-1.62330807675891,47.1876802634509],[-1.62333580433985,47.1876875271],[-1.62334966005715,47.1876903031759],[-1.62353432791734,47.1877132327575],[-1.62357605294155,47.1877265080515],[-1.62372743051242,47.1877861953326],[-1.62398218149071,47.1878764989574],[-1.62407658366055,47.187907471403],[-1.62412955097721,47.1879312936787],[-1.62427819498977,47.1880117199343],[-1.62441554303589,47.1880860345865],[-1.62444937958016,47.1880997202117],[-1.62450094659646,47.1881166564519],[-1.6247159303776,47.1881416068741],[-1.62481175798107,47.1881614437433],[-1.62481797437158,47.1881626440918],[-1.62483512597871,47.188165956738],[-1.62483990524913,47.1881668797696],[-1.62485383707191,47.1881695706029],[-1.62486287822475,47.1881715934064],[-1.62488148106554,47.1881757577126],[-1.62489571722892,47.1881798699742],[-1.62490932458016,47.1881843527029],[-1.62492374829869,47.1881891035134],[-1.62493788451685,47.1881951121675],[-1.62501099364639,47.1882348789825],[-1.62516626843803,47.1883364883681],[-1.62544895385924,47.188451615841],[-1.62549428362439,47.1884682623253],[-1.62550833111351,47.1884739320609],[-1.6255225018324,47.1884796508967],[-1.62553662975925,47.1884840377843],[-1.62558417531799,47.1884901995182],[-1.62558541640903,47.1884903603688],[-1.62575008535482,47.1885004872035],[-1.62594805888061,47.1885167491635],[-1.62615488875361,47.1885314823811],[-1.62617229198179,47.1885338376073],[-1.62618208039265,47.1885351624574],[-1.62618888192554,47.1885360823295],[-1.62623352895536,47.1885421245241],[-1.62623679798514,47.1885425667894],[-1.62625186311028,47.1885446053231],[-1.62626583958689,47.1885469553674],[-1.62626591870801,47.1885469683989],[-1.62627027572125,47.1885477011321],[-1.62631957218988,47.1885559880514],[-1.62632448057352,47.1885568139046],[-1.62633907274525,47.1885592670853],[-1.62634641846644,47.1885605020374],[-1.62634950644208,47.1885610209839],[-1.62635678241923,47.1885622443284],[-1.62636804785926,47.1885641386201],[-1.62637341896011,47.1885650413412],[-1.62637610854022,47.1885654934403],[-1.62638932977229,47.1885677162125],[-1.62639709404039,47.1885690217014],[-1.6264025268272,47.1885699345508],[-1.62642437220326,47.1885736074744],[-1.62650432607295,47.188594715376],[-1.62667398671397,47.1886823153],[-1.62670717404682,47.1886976484988],[-1.62692310866305,47.1887581449247],[-1.62702729585659,47.1887863695924],[-1.62707108934322,47.1887982338387],[-1.62708520962278,47.1888023775472],[-1.62709897589,47.1888064174767],[-1.62709902603154,47.1888064316758],[-1.62709943840281,47.1888065529255],[-1.62714171517384,47.1888215196008]]],"type":"Polygon"},"properties":{"gid":"5998","idbureau":"1090463","commune":"Nantes","code_insee":"44109","numero_bureau":"463","lien_lieu_vote":"109026","nom":"Plessis-Cellier","site":"Ecole Maternelle","num_canton":"4"}},{"type":"Feature","geometry":{"coordinates":[[[-1.57015748862944,47.2308128939615],[-1.57037254042807,47.2309782709133],[-1.57056429089876,47.2308988177526],[-1.57158346814723,47.2317561355936],[-1.5727522442716,47.2327275307616],[-1.57303662351245,47.2328932534427],[-1.57411315253445,47.2333165463804],[-1.57413424632753,47.2333265456806],[-1.57395376909843,47.2335529768172],[-1.57406937054772,47.2336927172247],[-1.57317110442584,47.2340440018338],[-1.57304903869097,47.2338918721002],[-1.57117698623778,47.2345931092886],[-1.56924403947073,47.2353175417218],[-1.56798830459395,47.2358108582729],[-1.5679112724229,47.2357174594971],[-1.5660497507146,47.2334938239858],[-1.56597995483067,47.2333473909575],[-1.56594379472862,47.2332088337275],[-1.56594431462804,47.2332086328489],[-1.56595756066752,47.2332035009866],[-1.56628387611417,47.2330174747074],[-1.56650540346551,47.2328911858397],[-1.56652392587031,47.2328806269261],[-1.56661292135425,47.2328298908597],[-1.56699754476525,47.2326106204407],[-1.56834868293122,47.2318403210017],[-1.5685085539426,47.2317491735749],[-1.57015748862944,47.2308128939615]]],"type":"Polygon"},"properties":{"gid":"6032","idbureau":"1090614","commune":"Nantes","code_insee":"44109","numero_bureau":"614","lien_lieu_vote":"109049","nom":"Plantes","site":"Ecole Maternelle","num_canton":"6"}},{"type":"Feature","geometry":{"coordinates":[[[-1.57511063673571,47.2043970876861],[-1.57504928172978,47.2045141890769],[-1.57472107250931,47.2051394232769],[-1.57459266992843,47.2052615924822],[-1.57447051196112,47.2052013391693],[-1.57433763042128,47.2051354999638],[-1.57408827273331,47.2050112909378],[-1.57388477944458,47.2049105633805],[-1.57273272069573,47.2046685426634],[-1.57281798958939,47.2045530638621],[-1.57288389808072,47.2044780598595],[-1.57297723043865,47.2043718464727],[-1.57297885838105,47.204369953325],[-1.5731048967732,47.2042234056051],[-1.57347184557903,47.2036641205445],[-1.57394218046114,47.2029472380288],[-1.57396293586044,47.202915602001],[-1.57397420117992,47.2028984325818],[-1.57483758440043,47.201582410253],[-1.57494641724356,47.2016341955622],[-1.57653001106453,47.2022968448609],[-1.57706208244394,47.2018773351804],[-1.57743188681787,47.2015830390574],[-1.57854876362882,47.2007987778051],[-1.5787349427098,47.2009393607104],[-1.57977414274085,47.201796278164],[-1.57903304545961,47.2019577389427],[-1.5786022873482,47.2022191617514],[-1.57847124942601,47.2024169951533],[-1.57799315968513,47.202716147395],[-1.57783479063149,47.202804119768],[-1.5775207227021,47.2032969304989],[-1.57749357558503,47.2033106425025],[-1.57787505654172,47.203533757328],[-1.57909144164554,47.2042900910844],[-1.57916814988613,47.2043377428062],[-1.57926187916113,47.204395894634],[-1.57948106271117,47.2045321085063],[-1.57964679049074,47.2046350149338],[-1.57930313764871,47.2049003236072],[-1.57875611953012,47.2053451207486],[-1.57814908749505,47.2058386995888],[-1.5781426677707,47.2058485548958],[-1.57806978886417,47.2059598350994],[-1.57867382360824,47.2060522629349],[-1.5794987081453,47.2059855088796],[-1.57901218086493,47.2067461001781],[-1.57910770495769,47.2069696512418],[-1.57885122731049,47.2073771025141],[-1.57865124813388,47.2073066166611],[-1.57815028270752,47.207138182451],[-1.57760284171583,47.2064443289919],[-1.57753450948008,47.2063412656788],[-1.57748049218956,47.2062659115705],[-1.57741846899597,47.2061768663997],[-1.57740476601424,47.2061594097241],[-1.57731926165587,47.2060365751498],[-1.57722894083902,47.205911200408],[-1.57719751122126,47.2058664245571],[-1.57717311362849,47.2058345603839],[-1.57702904543961,47.2059068254417],[-1.57668730852447,47.2055080718717],[-1.57668065265892,47.205500187683],[-1.57641503288105,47.2051933368164],[-1.57580278905617,47.2048057459048],[-1.5754402974049,47.2046145853083],[-1.57511063673571,47.2043970876861]]],"type":"Polygon"},"properties":{"gid":"6021","idbureau":"1090431","commune":"Nantes","code_insee":"44109","numero_bureau":"431","lien_lieu_vote":"109024","nom":"Mutualit\u00e9","site":"Ecole Elementaire","num_canton":"4"}},{"type":"Feature","geometry":{"coordinates":[[[-1.59077880291084,47.20371062911],[-1.59091277997425,47.2043963637044],[-1.59110762157688,47.2055712626573],[-1.59123578609836,47.205588692628],[-1.59132804263879,47.205612120563],[-1.59145630031944,47.2056578276673],[-1.59154226352034,47.2058080155613],[-1.59154893368064,47.2058557055059],[-1.59154001923097,47.2059486024849],[-1.59149815379489,47.2060373095443],[-1.5913894301849,47.20611361276],[-1.59126467351704,47.2061588462574],[-1.59108424108632,47.2061676088081],[-1.59096580491427,47.2061386790676],[-1.59083098018506,47.2060682445945],[-1.59078640237735,47.2060245491576],[-1.58781806041264,47.2062456374252],[-1.58768132195882,47.2067980988318],[-1.58717438198356,47.2088203206099],[-1.58706236253708,47.2087798179907],[-1.58684377447532,47.2087008835038],[-1.58643369841591,47.2085791976784],[-1.58638519874341,47.2085685086062],[-1.58637518525664,47.2085661629042],[-1.58633786011178,47.2085574199115],[-1.58586395136948,47.2084466411051],[-1.58536801480168,47.208325621392],[-1.58445314080816,47.2081230289866],[-1.58434556884083,47.2080992076205],[-1.5842781219705,47.2080845127267],[-1.58248337744842,47.2076934701327],[-1.58299727048604,47.2071933938765],[-1.5837438851941,47.207066668692],[-1.58379447541551,47.206836979837],[-1.58332532785305,47.2067783613002],[-1.5834600942187,47.2062326356849],[-1.58336505038195,47.2061530068573],[-1.58485100454419,47.2061236199624],[-1.58500566471776,47.2054870560887],[-1.58523223718845,47.2046397132628],[-1.58519482530482,47.2040694900315],[-1.58658290213013,47.2042093224645],[-1.58772401971865,47.2042975591517],[-1.58838152820133,47.2036195479674],[-1.58864313496967,47.2036275677587],[-1.58869666697972,47.2037068978246],[-1.58870778762569,47.2037233643543],[-1.59065152077474,47.2037356811373],[-1.59077880291084,47.20371062911]]],"type":"Polygon"},"properties":{"gid":"6016","idbureau":"1090433","commune":"Nantes","code_insee":"44109","numero_bureau":"433","lien_lieu_vote":"109024","nom":"Mutualit\u00e9","site":"Ecole Elementaire","num_canton":"4"}},{"type":"Feature","geometry":{"coordinates":[[[-1.52732570155862,47.2048824273592],[-1.52767272033937,47.2047276963074],[-1.53014935370993,47.2036233525615],[-1.5306688396,47.2034033634014],[-1.53320508227679,47.2023919722819],[-1.53346559427711,47.2022881156746],[-1.53642825487095,47.2057125637762],[-1.53374927003246,47.2067089112321],[-1.53353878832354,47.2067756030991],[-1.53278415211871,47.2058765803784],[-1.53103163779791,47.2065864128061],[-1.53052244391356,47.2067772388417],[-1.52928699636007,47.2072465017886],[-1.52910444993725,47.2070467337354],[-1.5290794003892,47.2070146978738],[-1.52902421500205,47.2069441372753],[-1.52893902870802,47.2068351276775],[-1.52732570155862,47.2048824273592]]],"type":"Polygon"},"properties":{"gid":"5985","idbureau":"1090363","commune":"Nantes","code_insee":"44109","numero_bureau":"363","lien_lieu_vote":"109017","nom":"Louise Michel","site":"Ecole Maternelle","num_canton":"3"}},{"type":"Feature","geometry":{"coordinates":[[[-1.52279393454161,47.2259231364102],[-1.52293895851859,47.2260274466015],[-1.52318771754881,47.2262060950911],[-1.52294513120814,47.2262303376319],[-1.52306271194333,47.2271162537123],[-1.522872235571,47.2273350049702],[-1.52305976367905,47.2279165921089],[-1.51963839172422,47.2279431703694],[-1.51884921409985,47.2272225562523],[-1.51854070046816,47.2272664547874],[-1.51860181601786,47.2271250018516],[-1.51840839200258,47.2271856890361],[-1.51826986968526,47.2272219164327],[-1.51823340276156,47.2273041513886],[-1.51746658363602,47.2290364401381],[-1.51475066297466,47.2275467699105],[-1.51565766980346,47.2264003865333],[-1.51699428432139,47.2249434869862],[-1.51749425724267,47.2244931098628],[-1.51844037876177,47.224159486354],[-1.51832017546936,47.2239737318558],[-1.51708746073168,47.2242638861563],[-1.51672032511553,47.2243502850625],[-1.51669492412889,47.2243831070703],[-1.51657819986148,47.2246347037126],[-1.51608083526359,47.224631531563],[-1.51580688793949,47.224351389236],[-1.51557335524836,47.2239969295598],[-1.51489113963456,47.2227687620827],[-1.51497156077208,47.2225149962785],[-1.51595810207141,47.2234264008587],[-1.51681334376879,47.2236776134121],[-1.51850654862985,47.2233581408433],[-1.51883917365334,47.223079547956],[-1.51977219765385,47.2237532341876],[-1.51993970157937,47.2238741787341],[-1.52009897233313,47.2239891748298],[-1.52134805277943,47.2248854242844],[-1.52242539780577,47.2256584308607],[-1.52243740670006,47.2256673037838],[-1.52269673559238,47.225853166294],[-1.52279393454161,47.2259231364102]]],"type":"Polygon"},"properties":{"gid":"6073","idbureau":"1090233","commune":"Nantes","code_insee":"44109","numero_bureau":"233","lien_lieu_vote":"109041","nom":"Gay Lussac","site":"Ecole Primaire","num_canton":"2"}},{"type":"Feature","geometry":{"coordinates":[[[-1.52624524214831,47.2331936821084],[-1.52625048372707,47.2346905247991],[-1.52727805189955,47.2345115414983],[-1.52875594611701,47.2344781533019],[-1.52983836195002,47.2345127556922],[-1.53014977921476,47.2344227436976],[-1.53114310497594,47.2340501724713],[-1.53399367029488,47.2356014996625],[-1.53361088034968,47.2360448153171],[-1.53209463621873,47.2356816274509],[-1.53134391194544,47.23598096937],[-1.5307620081244,47.2358241358882],[-1.53047674361501,47.2361252019572],[-1.52961644698127,47.235816752864],[-1.52851197190719,47.2354156987044],[-1.52752476340223,47.2361766058899],[-1.52617116003,47.2371710779387],[-1.5252819218689,47.237608407948],[-1.52516023734175,47.2375386403354],[-1.5251073979352,47.2375083448189],[-1.52501981631791,47.2374581293236],[-1.52442163344549,47.2370360257436],[-1.52439238174447,47.2370191719348],[-1.52368833607666,47.2365831368702],[-1.523466374173,47.2364466418867],[-1.5234173470883,47.2364266351386],[-1.52301660911057,47.2362631026643],[-1.52237448637156,47.2359149428671],[-1.52220367356172,47.2358223263949],[-1.52175441141488,47.2356126458823],[-1.52167234936835,47.2355969282532],[-1.5215144323889,47.2355644448127],[-1.52129650900544,47.2355196174565],[-1.5207542427895,47.2355110084],[-1.52038605270458,47.235541607777],[-1.51997570883836,47.2355708737533],[-1.51985572683337,47.2355794305455],[-1.51967664286747,47.2355918142388],[-1.51951202201108,47.2356158144875],[-1.51903449983857,47.2356854302524],[-1.52032728111073,47.2345430329071],[-1.52066121127998,47.2342170832734],[-1.52117876424241,47.2337126027324],[-1.52131306214768,47.2335468939462],[-1.52163618058439,47.2330788410811],[-1.521707799785,47.2329750948506],[-1.52184942657219,47.2329366683551],[-1.5220114367934,47.2329865514091],[-1.52242649829073,47.2334868469243],[-1.52320260195954,47.2334835660131],[-1.52333808400266,47.2330631052456],[-1.52383631551814,47.2330243593499],[-1.52394619468256,47.2330921041281],[-1.52546031007051,47.2331440883078],[-1.52624524214831,47.2331936821084]]],"type":"Polygon"},"properties":{"gid":"6121","idbureau":"1090252","commune":"Nantes","code_insee":"44109","numero_bureau":"252","lien_lieu_vote":"109038","nom":"Fran\u00e7ois Dallet","site":"Ecole Elementaire","num_canton":"2"}},{"type":"Feature","geometry":{"coordinates":[[[-1.53341200202509,47.233513491982],[-1.53358586815082,47.2335809729112],[-1.53405999956529,47.2337955325416],[-1.53462810854975,47.2339617688296],[-1.53545816209408,47.2339511985895],[-1.5356617550961,47.2338397718559],[-1.53588086226506,47.2338706888202],[-1.53603468048528,47.2338875910443],[-1.53582244127196,47.2339788381993],[-1.53472255717834,47.2352751732697],[-1.53320924747595,47.2370487596454],[-1.53289633306759,47.2374103420808],[-1.53253198659764,47.2378471397653],[-1.53243538090811,47.2379595414242],[-1.53146806342055,47.2392515723468],[-1.53061262695066,47.2404038530761],[-1.53034253025601,47.2406477863952],[-1.5301641360628,47.2404891071127],[-1.52975915941726,47.2402241714172],[-1.5293922547908,47.2400404440375],[-1.5298981277952,47.2386950136939],[-1.53063248289448,47.2377161343617],[-1.53079710267219,47.2374615789517],[-1.52978079497643,47.23717583467],[-1.53047674361501,47.2361252019572],[-1.5307620081244,47.2358241358882],[-1.53134391194544,47.23598096937],[-1.53209463621873,47.2356816274509],[-1.53361088034968,47.2360448153171],[-1.53399367029488,47.2356014996625],[-1.53114310497594,47.2340501724713],[-1.53178186458902,47.233810582881],[-1.53180804275072,47.2338013308415],[-1.53203602402591,47.233720996664],[-1.533289639584,47.233580754548],[-1.53341200202509,47.233513491982]]],"type":"Polygon"},"properties":{"gid":"6116","idbureau":"1090253","commune":"Nantes","code_insee":"44109","numero_bureau":"253","lien_lieu_vote":"109038","nom":"Fran\u00e7ois Dallet","site":"Ecole Elementaire","num_canton":"2"}},{"type":"Feature","geometry":{"coordinates":[[[-1.53421165976911,47.2117395769354],[-1.5342655036932,47.2117329051481],[-1.53439771257307,47.2117168461369],[-1.53482907710094,47.2116684029415],[-1.53535668423424,47.2115999723289],[-1.53574077078127,47.2115813050317],[-1.53574103429145,47.211581293723],[-1.53576396536454,47.2115803456771],[-1.53582012762428,47.2115690321101],[-1.53587666174676,47.2115576443569],[-1.53900607213123,47.2120666492983],[-1.53709633121296,47.2133837166712],[-1.53714967622352,47.2139977487623],[-1.53767730655455,47.2145346758454],[-1.53492443891914,47.2157329660482],[-1.53358089801402,47.2162370157725],[-1.53284078317294,47.2161051307171],[-1.5314560633793,47.2156055319879],[-1.53069064084959,47.2153834386308],[-1.53285850954155,47.2151657589874],[-1.53279565859161,47.2139475054288],[-1.53163443225932,47.214082112402],[-1.52959857781853,47.2128362680628],[-1.52862650528673,47.2125134526643],[-1.52986265388467,47.2123175076385],[-1.53093040090578,47.2121984641835],[-1.53104045247076,47.2121738753383],[-1.53117381766085,47.2121519824782],[-1.53158871103566,47.2120838736538],[-1.53220305206291,47.2120084040347],[-1.53277350527423,47.2119310716996],[-1.53329090669126,47.2118512848285],[-1.53389753216243,47.2117788569583],[-1.53421165976911,47.2117395769354]]],"type":"Polygon"},"properties":{"gid":"6174","idbureau":"1090214","commune":"Nantes","code_insee":"44109","numero_bureau":"214","lien_lieu_vote":"109011","nom":"Henri Bergson","site":"Ecole Maternelle","num_canton":"2"}},{"type":"Feature","geometry":{"coordinates":[[[-1.52430283914824,47.2134813594976],[-1.52589303616871,47.2130416173843],[-1.52589900226056,47.2130399910328],[-1.52672475348832,47.2128148762288],[-1.52672488135349,47.2128148558708],[-1.52816949858046,47.2125858907751],[-1.52862650528673,47.2125134526643],[-1.52959857781853,47.2128362680628],[-1.53163443225932,47.214082112402],[-1.53279565859161,47.2139475054288],[-1.53285850954155,47.2151657589874],[-1.53069064084959,47.2153834386308],[-1.53048377733658,47.2152720276054],[-1.52884505036813,47.2151368627916],[-1.52797191106131,47.2151308365061],[-1.52704688694587,47.2153125278396],[-1.5254489519279,47.2151798590504],[-1.52430283914824,47.2134813594976]]],"type":"Polygon"},"properties":{"gid":"6106","idbureau":"1090212","commune":"Nantes","code_insee":"44109","numero_bureau":"212","lien_lieu_vote":"109011","nom":"Henri Bergson","site":"Ecole Maternelle","num_canton":"2"}},{"type":"Feature","geometry":{"coordinates":[[[-1.60619354789527,47.205284275211],[-1.60658213263626,47.2054153628836],[-1.60816270927517,47.2060549990629],[-1.60810541216009,47.2061193032539],[-1.60803489791166,47.2061984430091],[-1.60790682480366,47.206341987396],[-1.60713746025168,47.207215796433],[-1.60707759020075,47.2072894531483],[-1.60706433858637,47.2073046900878],[-1.6065283946256,47.207920908914],[-1.60640733863043,47.2080700657142],[-1.60628627563813,47.2082173275969],[-1.60625268429531,47.2082565794631],[-1.60554366913439,47.2090801243163],[-1.60551630718242,47.2091124037814],[-1.60538505993344,47.2092668628171],[-1.60483599821789,47.2090522757068],[-1.60454480552648,47.2089384684025],[-1.60436502342193,47.2088682349896],[-1.60424964888616,47.2090982594681],[-1.60409936487442,47.2093819875037],[-1.60406004620639,47.2094350326691],[-1.6039414821543,47.209594819613],[-1.60381467878521,47.2097468699947],[-1.6036930719199,47.2099012665168],[-1.60353762548146,47.2100987922204],[-1.60004015815878,47.2097813715177],[-1.59847677244565,47.2096328221881],[-1.59841836748291,47.2096312159782],[-1.59725361311311,47.2095991913625],[-1.5972684933555,47.2094221438656],[-1.60059514395854,47.2069575104835],[-1.6039585927716,47.2070141918648],[-1.60422887769805,47.2061359784933],[-1.60566311110654,47.2055942512656],[-1.60619354789527,47.205284275211]]],"type":"Polygon"},"properties":{"gid":"6109","idbureau":"1090564","commune":"Nantes","code_insee":"44109","numero_bureau":"564","lien_lieu_vote":"109044","nom":"Lucie Aubrac","site":"Ecole Maternelle","num_canton":"5"}},{"type":"Feature","geometry":{"coordinates":[[[-1.55172048991107,47.2037176377888],[-1.54789199974703,47.201821383012],[-1.54868538247639,47.2013576253411],[-1.54912375349921,47.2009153791152],[-1.54943374317055,47.2004523363789],[-1.54954841754381,47.2001460205003],[-1.54962694285107,47.1997567971273],[-1.54968261306529,47.1994205849051],[-1.54970867500314,47.1980792442499],[-1.55722249553909,47.1980334398841],[-1.55655182640555,47.1999903825549],[-1.5545918812098,47.2017674990196],[-1.55513909513532,47.2045625530388],[-1.55386945563061,47.2045888441739],[-1.55360366139305,47.2046523081808],[-1.55353523309831,47.2046171558893],[-1.5510560805879,47.2053903192375],[-1.55087010711231,47.2056917802772],[-1.5509218237196,47.2077771580077],[-1.55008590121597,47.2076801139049],[-1.54903342587947,47.2078769109968],[-1.54889574768217,47.2079029879193],[-1.5474530562554,47.2058496995198],[-1.54729907927781,47.2056183728008],[-1.54701694735468,47.2053144853342],[-1.54682352759347,47.205106147502],[-1.54658462687468,47.20470069763],[-1.54630144115278,47.2042931315898],[-1.54754594489726,47.2041099000077],[-1.5477436411719,47.204069606208],[-1.54816632387133,47.204735830343],[-1.55172048991107,47.2037176377888]]],"type":"Polygon"},"properties":{"gid":"6237","idbureau":"1090344","commune":"Nantes","code_insee":"44109","numero_bureau":"344","lien_lieu_vote":"109054","nom":"Aim\u00e9 C\u00e9saire","site":"Ecole Primaire","num_canton":"3"}},{"type":"Feature","geometry":{"coordinates":[[[-1.55505319872198,47.2138231261214],[-1.55401760928066,47.2141281103977],[-1.5537683933131,47.2141820965475],[-1.55340527867331,47.214256769698],[-1.55320515305758,47.2143006084293],[-1.55198663644123,47.2145569169255],[-1.55137464313857,47.2146757353447],[-1.55133475926426,47.2146871682914],[-1.55093115435245,47.2147995863243],[-1.55033763779656,47.2149635287446],[-1.55068999575423,47.2147170202391],[-1.55079410511763,47.2146489304382],[-1.55117031909897,47.2144033266701],[-1.55153466173459,47.2141581208231],[-1.55172408479176,47.2140343721741],[-1.55254451953224,47.2135024919646],[-1.55269884376516,47.2134342370017],[-1.55326258928762,47.2131992306576],[-1.5535831753891,47.2130712531401],[-1.55394996495312,47.212919584218],[-1.55405828880311,47.2128747898185],[-1.55412197039117,47.2128452592528],[-1.55383307384949,47.2125041947274],[-1.55365878509454,47.2125782998622],[-1.54676796347364,47.2155077960602],[-1.54669345860927,47.2155503855356],[-1.54660103286384,47.2155846628988],[-1.54649925031178,47.2154444336209],[-1.54626857849948,47.2155337152386],[-1.54600502722485,47.2156339690109],[-1.54587426414191,47.2156826909063],[-1.54564243270854,47.2157675459737],[-1.54551673840668,47.2157842086072],[-1.54547090105642,47.215790145164],[-1.54540736333376,47.215799257478],[-1.54528827708626,47.2158201834945],[-1.54517326276635,47.2158382873785],[-1.54508632298401,47.2158425660223],[-1.5449427116161,47.2158509146717],[-1.54488721631368,47.2158512527946],[-1.54475528062923,47.2158402032047],[-1.54461946709882,47.2158157746643],[-1.5445197021467,47.2157944546174],[-1.54441508130443,47.2157462783518],[-1.54429682626554,47.2156941487479],[-1.54421778295788,47.2156359243487],[-1.542599207649,47.2143986382553],[-1.54491309338868,47.2134740399517],[-1.54510645146536,47.2137033247841],[-1.54514636254432,47.2137506138421],[-1.54516227883103,47.2137695353321],[-1.54531326358295,47.2139485484119],[-1.54551652655133,47.214189517686],[-1.54557250261406,47.214255878067],[-1.54601411813948,47.2147794121188],[-1.5463168063231,47.2151943400974],[-1.54993422106792,47.2134507610682],[-1.55081083899242,47.2131074221105],[-1.55287784882745,47.2124603259767],[-1.55274853833025,47.212148349766],[-1.55169691691036,47.2110858096844],[-1.55133787957029,47.2109325788671],[-1.55097536387883,47.2110470750073],[-1.55044029415934,47.2100480322381],[-1.54995809218512,47.2092219353882],[-1.54992505013508,47.2089580198371],[-1.55179204169159,47.2109087878718],[-1.55280880285262,47.2115189376031],[-1.55347321320135,47.2121473623139],[-1.55376199205663,47.2121914008103],[-1.55411183437867,47.2122829564976],[-1.55568365026003,47.2119986575414],[-1.5569342074579,47.2116715964196],[-1.55759530126676,47.2124206536986],[-1.55480295389691,47.2135203996108],[-1.55505319872198,47.2138231261214]]],"type":"Polygon"},"properties":{"gid":"6238","idbureau":"1090334","commune":"Nantes","code_insee":"44109","numero_bureau":"334","lien_lieu_vote":"109016","nom":"Emile P\u00e9hant","site":"Ecole Elementaire","num_canton":"3"}},{"type":"Feature","geometry":{"coordinates":[[[-1.55055249437264,47.2190300545215],[-1.5507323540167,47.2192512293717],[-1.55098980195772,47.2191555421026],[-1.55110887737661,47.2191113532545],[-1.55129877851744,47.21944342899],[-1.55094748292621,47.2195157096059],[-1.55058454278383,47.219658726865],[-1.55155038329521,47.2208193728424],[-1.55192435129837,47.2212517839679],[-1.55300878076362,47.2215167469885],[-1.55281245408545,47.2223479412372],[-1.55281680732883,47.2223714867246],[-1.55291032210527,47.2227903894699],[-1.55293266174651,47.2228904187173],[-1.5524463020569,47.2229509623614],[-1.55239061524078,47.2229578829258],[-1.55083828598492,47.2239416270705],[-1.55073735811803,47.2238681146345],[-1.55000437433822,47.2236823409001],[-1.54822840043789,47.2227902738736],[-1.5483937711212,47.2226314961589],[-1.54902576953983,47.2222752339211],[-1.54917480185347,47.2221992399491],[-1.54899590893982,47.2220934082506],[-1.548983949365,47.2220215764139],[-1.54809046787903,47.2212617904768],[-1.54781762762478,47.2214862463929],[-1.54774903746044,47.2214391996825],[-1.54800878840602,47.2211983473329],[-1.54836638540536,47.2208666438836],[-1.54845290287535,47.2209165998988],[-1.54955347155919,47.2199022681238],[-1.54949192699598,47.2198229202074],[-1.54947353574101,47.2197991359481],[-1.54944363974419,47.2197606009112],[-1.54919500743771,47.219486168233],[-1.54883302462171,47.2194950400169],[-1.54875209970032,47.2193892352601],[-1.55055249437264,47.2190300545215]]],"type":"Polygon"},"properties":{"gid":"6049","idbureau":"1090132","commune":"Nantes","code_insee":"44109","numero_bureau":"132","lien_lieu_vote":"109006","nom":"Sully","site":"Ecole Maternelle","num_canton":"1"}},{"type":"Feature","geometry":{"coordinates":[[[-1.57619241491368,47.2535367165158],[-1.57550993509493,47.2536016679506],[-1.57516697420294,47.2536404082686],[-1.57473290819023,47.2537322280049],[-1.57443501933492,47.2538374414409],[-1.57217393235604,47.2548759201941],[-1.57212171513811,47.2548999351235],[-1.57187245414809,47.2550280821196],[-1.57173467344438,47.2549040436164],[-1.57149361740967,47.2540293643864],[-1.57027243374911,47.2538350294918],[-1.56958044493633,47.2546193584965],[-1.56934990663583,47.2548807067979],[-1.56928080438693,47.2549362742806],[-1.56876810760549,47.2549678681624],[-1.56853389177839,47.2549850736589],[-1.56842710090134,47.2544700779609],[-1.56816430138214,47.2544980667853],[-1.56701373556287,47.2546205946787],[-1.56700753284062,47.2545917120996],[-1.56699467930534,47.254531621951],[-1.5669049996644,47.2541131426325],[-1.56686053867792,47.2538955092506],[-1.5666312272675,47.2539146210707],[-1.56636824795807,47.2526096122368],[-1.56691051487676,47.2518652250968],[-1.56812470894759,47.2508358083411],[-1.56852660343948,47.2507203347693],[-1.56883887987674,47.2504608135173],[-1.56889328800108,47.2501841786976],[-1.57021361031076,47.2507373348426],[-1.57037994917646,47.250638564742],[-1.57042472767408,47.2506575853227],[-1.57143812241509,47.2510975545671],[-1.57167909192348,47.2512182731562],[-1.57270945827911,47.2516548617191],[-1.57380660653052,47.2520854832581],[-1.57471627809399,47.2503683828388],[-1.57484313470114,47.2503793019279],[-1.57507337905417,47.2505141640265],[-1.575493049695,47.250739602879],[-1.57579239756341,47.2507811482398],[-1.5765597175535,47.2508624163784],[-1.57654902783962,47.2509116780343],[-1.57654215232096,47.2509471841562],[-1.57653452404073,47.2509831707952],[-1.57652611138549,47.2510208106168],[-1.57651643156939,47.2510637271757],[-1.57649226932809,47.2511660611268],[-1.57647943351796,47.251221538292],[-1.57643352881025,47.2514112419334],[-1.57641395289857,47.2514945605962],[-1.57638674921771,47.2516123340074],[-1.57637886314975,47.2516514846746],[-1.57637085289515,47.2516907303939],[-1.5763218571284,47.2519322791302],[-1.57631191014771,47.2519813336448],[-1.57620642568591,47.2525050977578],[-1.57620081077071,47.2525321735721],[-1.57619008381099,47.2525890985285],[-1.57617505698413,47.2526961146221],[-1.57615284790936,47.2528612661331],[-1.57616716214991,47.2531542685657],[-1.576188068953,47.2534824209853],[-1.57619224722968,47.253535688751],[-1.57619241491368,47.2535367165158]]],"type":"Polygon"},"properties":{"gid":"6142","idbureau":"1090661","commune":"Nantes","code_insee":"44109","numero_bureau":"661","lien_lieu_vote":"109031","nom":"Chauvini\u00e8re","site":"Ecole Maternelle","num_canton":"6"}},{"type":"Feature","geometry":{"coordinates":[[[-1.54607223240762,47.1995246147225],[-1.5466539218631,47.2002970666309],[-1.54706130225007,47.200980534385],[-1.54725410037987,47.2012250390492],[-1.54735289117424,47.2014546928405],[-1.54699108345005,47.2015134482916],[-1.54538513562849,47.2017869659093],[-1.54481581717988,47.20193475789],[-1.54511167247547,47.2023789188762],[-1.54454606493,47.2025306360689],[-1.54241943388288,47.2030658171042],[-1.54102860659267,47.2035587309008],[-1.54100782909947,47.2035308788014],[-1.54014381082801,47.2023216922275],[-1.54095342085648,47.2020682039868],[-1.53959022320004,47.2002230961997],[-1.54048854160572,47.199946811513],[-1.54329344135501,47.199084125282],[-1.54331470491561,47.1990785487156],[-1.5451411006356,47.1985986726539],[-1.54630520601932,47.1983546368198],[-1.54607223240762,47.1995246147225]]],"type":"Polygon"},"properties":{"gid":"5981","idbureau":"1090351","commune":"Nantes","code_insee":"44109","numero_bureau":"351","lien_lieu_vote":"109055","nom":"Jane Vialle","site":"Ecole Elementaire","num_canton":"3"}},{"type":"Feature","geometry":{"coordinates":[[[-1.59688307500334,47.2294337756397],[-1.59632533420621,47.2297142583475],[-1.59620187858733,47.2297706507346],[-1.59547453642387,47.2301035427198],[-1.59449623839427,47.2305512782587],[-1.59449383815285,47.2305523771789],[-1.59444641141499,47.2305739720118],[-1.59444393943415,47.2305750981297],[-1.59259186931622,47.2315082617621],[-1.59235292649987,47.2316354070273],[-1.59212905562561,47.2314048913169],[-1.59204341906437,47.2313167134393],[-1.59202748832034,47.2313003104864],[-1.59202727479227,47.2313000892419],[-1.59202534838464,47.2312981054362],[-1.5920241681635,47.2312968901756],[-1.59198365168863,47.2312551714499],[-1.591982599245,47.2312540880482],[-1.59198235966457,47.2312542246794],[-1.59125103979525,47.2307181590378],[-1.59059035798809,47.2303588541396],[-1.59058787751305,47.230357501595],[-1.5900843776073,47.2300840805729],[-1.59008188917058,47.2300827274354],[-1.58942484757283,47.2297241972899],[-1.58942236971621,47.2297228437167],[-1.58886054481182,47.2294166385341],[-1.58885806302877,47.2294152851066],[-1.58874208871269,47.2293521347072],[-1.58871689937339,47.229338479181],[-1.58871441402923,47.2293371303984],[-1.58838377791974,47.2291577056305],[-1.58838129383345,47.2291563558899],[-1.58788692988426,47.2288864016234],[-1.587762702721,47.2287992206281],[-1.5877604854854,47.2287976664826],[-1.58710339629215,47.2283370753634],[-1.58596107089682,47.2270236424904],[-1.58595809488539,47.2270227538784],[-1.58599584087741,47.2269423885961],[-1.58629694515625,47.2268490983265],[-1.58808049778536,47.2257731319151],[-1.58910538887692,47.2247574700853],[-1.58890946649128,47.2246604728695],[-1.58905009835614,47.2245246279871],[-1.58994588554678,47.2236132416561],[-1.59089427630789,47.2234567263873],[-1.5915666144271,47.2229492464581],[-1.59243326517516,47.2228394606843],[-1.59262786210232,47.222650072442],[-1.59488904191955,47.2233440707578],[-1.59575734650669,47.2236237588366],[-1.5958638122092,47.2237357744144],[-1.59646139983984,47.2241005290969],[-1.59654023167125,47.2241819663058],[-1.59720621231626,47.2245686995834],[-1.59696412729983,47.2248242034884],[-1.59717692651331,47.2251128244331],[-1.59621402741842,47.225730500984],[-1.59567032212548,47.2263059491844],[-1.59514661695522,47.2268587371092],[-1.59546478158215,47.2269851533859],[-1.59557555362405,47.227040550366],[-1.59563527993928,47.2271407457804],[-1.59566683781313,47.2272751313024],[-1.59567330977215,47.2275592605937],[-1.5956893253985,47.2279552941737],[-1.59567874100869,47.2281009389593],[-1.59562244829981,47.2283910799675],[-1.5956902338102,47.2285020788519],[-1.59579516421465,47.2286019913117],[-1.5959297321617,47.2286860263938],[-1.59605744743541,47.2287272493889],[-1.59618004932459,47.2287347738333],[-1.59644597053437,47.2287996505461],[-1.59656134444343,47.2288456146114],[-1.59671193592357,47.2289389215912],[-1.59678147727661,47.2289999611258],[-1.5968368037001,47.2290762510908],[-1.59686515598079,47.229166975664],[-1.59687185620873,47.2292688869811],[-1.59692437223528,47.2294130080117],[-1.5969301523841,47.2294192880636],[-1.5969253116192,47.2294208325259],[-1.5969240602681,47.2294212322281],[-1.59690825548144,47.2294266405184],[-1.59688307500334,47.2294337756397]]],"type":"Polygon"},"properties":{"gid":"6066","idbureau":"1090513","commune":"Nantes","code_insee":"44109","numero_bureau":"513","lien_lieu_vote":"109047","nom":"Grand Carcouet","site":"Ecole Elementaire","num_canton":"5"}},{"type":"Feature","geometry":{"coordinates":[[[-1.56363547616307,47.2340810647203],[-1.5645083320104,47.2337594461734],[-1.56452068888498,47.2337547111476],[-1.56452917871259,47.2337514579508],[-1.5656511825598,47.2333215017091],[-1.5657390418134,47.2332878149032],[-1.56585068041977,47.2332447677924],[-1.56594379472862,47.2332088337275],[-1.56597995483067,47.2333473909575],[-1.5660497507146,47.2334938239858],[-1.5679112724229,47.2357174594971],[-1.56798830459395,47.2358108582729],[-1.56810219773735,47.2359489510315],[-1.56901958391065,47.2370613926581],[-1.56962367731025,47.2376589774032],[-1.57023306599686,47.2383054676178],[-1.57031507358541,47.2383924875646],[-1.5702966750357,47.2384846223673],[-1.5698291120565,47.238534508173],[-1.56865986233818,47.2385756450145],[-1.56720343865679,47.2386269402837],[-1.56710685938417,47.2386282247612],[-1.56502789706652,47.2376852294376],[-1.56473236305921,47.2377111704658],[-1.56308712046419,47.2381815861433],[-1.56213384303838,47.2385494108742],[-1.56188802536014,47.2386042879744],[-1.56291166764932,47.2375332167554],[-1.56311085380848,47.2373188316802],[-1.56324141976074,47.2371252733281],[-1.56327406298143,47.2370302801866],[-1.56335073749385,47.2368071495791],[-1.56336375345681,47.236274588247],[-1.56336492098602,47.2361853794237],[-1.56336586825279,47.2361131132837],[-1.56336259102592,47.2360590932395],[-1.56335112197089,47.2357348754651],[-1.56334473124802,47.2342129443174],[-1.56334465604202,47.2341949302652],[-1.5633527202445,47.2341917724609],[-1.56363547616307,47.2340810647203]]],"type":"Polygon"},"properties":{"gid":"6044","idbureau":"1090631","commune":"Nantes","code_insee":"44109","numero_bureau":"631","lien_lieu_vote":"109030","nom":"Muloti\u00e8re","site":"Groupe Scolaire","num_canton":"6"}},{"type":"Feature","geometry":{"coordinates":[[[-1.56148873292156,47.2390012946628],[-1.56225695688668,47.2393440628736],[-1.56208426591179,47.2395077005372],[-1.5629295064324,47.2398546107892],[-1.56292776153741,47.2399958065565],[-1.56270505456726,47.2404294472334],[-1.56291457885374,47.2405370204819],[-1.56757058690755,47.2413707718853],[-1.56753984869496,47.2414370219044],[-1.5674028351578,47.2417324929642],[-1.56728147269895,47.2419941054037],[-1.56717798680986,47.2423394173864],[-1.56718412310032,47.2429527507871],[-1.56725148511313,47.2435731145837],[-1.5672526314807,47.2435833404043],[-1.56728208802782,47.2435864875497],[-1.56759820612601,47.2435974935185],[-1.5677165800091,47.2436065439278],[-1.56777195531481,47.2436241258471],[-1.56794376722851,47.243709364468],[-1.56799931135333,47.2437291913681],[-1.56834582828712,47.2437217843649],[-1.56840026145945,47.2437264279199],[-1.56846891626867,47.2437501324226],[-1.56851498762501,47.2437724406174],[-1.56871513989872,47.2438545591043],[-1.56886289216718,47.2439145839091],[-1.56899248966895,47.2440337662733],[-1.56912064091234,47.2440879733524],[-1.569224751277,47.244162535591],[-1.56944213696634,47.2442613656722],[-1.5695419751346,47.2443209404867],[-1.56967344638772,47.2444205131627],[-1.56976408341424,47.2445713690028],[-1.56988197727635,47.2446606855932],[-1.57002010578586,47.2447210377057],[-1.57015695893856,47.2448074626601],[-1.5702580670781,47.2448408767291],[-1.57052880289617,47.2448425110353],[-1.57066614012776,47.2449354913515],[-1.57074366067777,47.2449501573406],[-1.57079920713515,47.2449699828827],[-1.5708765910758,47.2450280682482],[-1.57091558899644,47.2450984393878],[-1.5709756260845,47.2452068317827],[-1.57134764810466,47.2451573834794],[-1.57138655995459,47.2453714225257],[-1.57043107178618,47.2466606936987],[-1.57034849232951,47.246804991548],[-1.5701671482791,47.2468303154677],[-1.56894893792982,47.2470004624399],[-1.56928943118784,47.2477688311902],[-1.56901249034186,47.2478001897679],[-1.5678798524347,47.2473037129314],[-1.5633530466816,47.248733494504],[-1.5616473553504,47.2482848907279],[-1.56062662941315,47.2480164854377],[-1.56002989576285,47.2478595748597],[-1.55931651290208,47.2476719277722],[-1.55880542923429,47.2475177014778],[-1.55602515372427,47.246678747381],[-1.55628093261955,47.2457987089374],[-1.55700328237201,47.2445256322148],[-1.55685331323677,47.2436755010423],[-1.55689980628841,47.242842427491],[-1.55655137343731,47.2428360879717],[-1.55656668092519,47.2425867169395],[-1.55658790412562,47.2423676765218],[-1.55659619720577,47.242118179923],[-1.55660023765167,47.2419974446884],[-1.55664949565531,47.2413931379255],[-1.55669383689992,47.2411028871388],[-1.55675355955675,47.2410112513721],[-1.55689875213865,47.2410055383481],[-1.5569749281154,47.2409890967134],[-1.55701606794192,47.2409801421123],[-1.55704164185005,47.2409744269611],[-1.55807538530142,47.2406417432151],[-1.55865573023342,47.2404421861624],[-1.5588105080551,47.2403919242802],[-1.55899192853093,47.2403315754119],[-1.55910772785911,47.2402927174106],[-1.55999816354176,47.2399891870879],[-1.56004978257597,47.2399715913637],[-1.56007668761204,47.2399614948184],[-1.56022074741428,47.2399075401884],[-1.56052585342532,47.2397932009774],[-1.56081921264925,47.2396301717731],[-1.56088287981688,47.2395801038614],[-1.56108113599104,47.2394241603968],[-1.56113227694576,47.2393717250557],[-1.56132712608576,47.2391719420977],[-1.56148873292156,47.2390012946628]]],"type":"Polygon"},"properties":{"gid":"6131","idbureau":"1090635","commune":"Nantes","code_insee":"44109","numero_bureau":"635","lien_lieu_vote":"109030","nom":"Muloti\u00e8re","site":"Groupe Scolaire","num_canton":"6"}},{"type":"Feature","geometry":{"coordinates":[[[-1.55428653448244,47.2294658901312],[-1.55448432997809,47.2295947645092],[-1.55563054256843,47.230341109165],[-1.55574044759157,47.2304177418826],[-1.55539491461908,47.2306465580527],[-1.55520448535009,47.2307099053007],[-1.55511760067573,47.2308351528754],[-1.55466893581652,47.231198586948],[-1.55563202123179,47.2317300821333],[-1.55626743947858,47.231212808779],[-1.556794028858,47.2310645189695],[-1.55682938545308,47.2328605380326],[-1.55683188524308,47.2329875388526],[-1.55655362057791,47.2329923420637],[-1.55639453826555,47.2330195986948],[-1.55626471542429,47.2330418191788],[-1.55596125094748,47.2330910619555],[-1.55561323616195,47.2331695495959],[-1.55524364437994,47.2332768672592],[-1.55498826601791,47.2333636649853],[-1.55474881207201,47.2334639757973],[-1.55315926196667,47.2341759130124],[-1.5522935985712,47.2345573651041],[-1.55199736876457,47.2346863378438],[-1.55135204593396,47.2349101178256],[-1.55076278607704,47.2350829192148],[-1.54949065441767,47.2352231653682],[-1.54921650944221,47.2343691958899],[-1.54981529286634,47.2343310898358],[-1.54992633586414,47.2343469843049],[-1.55001786891181,47.2343601128445],[-1.55047768727425,47.2342640012719],[-1.55089283300453,47.2340955390317],[-1.55101302061596,47.2340370879418],[-1.55077731703195,47.2338197742043],[-1.55051336635842,47.2330260847649],[-1.55027717658713,47.2322631562302],[-1.55216638098912,47.2319848231543],[-1.55219427733541,47.2317410613508],[-1.55226295103897,47.2314633181492],[-1.55270678875665,47.2309222655044],[-1.55346039848137,47.23021169848],[-1.55372894412917,47.2301533691139],[-1.55382679166388,47.2300515304412],[-1.55406530397914,47.229716630824],[-1.55422583577227,47.2295276528266],[-1.55428653448244,47.2294658901312]]],"type":"Polygon"},"properties":{"gid":"6088","idbureau":"1090174","commune":"Nantes","code_insee":"44109","numero_bureau":"174","lien_lieu_vote":"109005","nom":"Fellonneau","site":"Ecole Maternelle","num_canton":"1"}},{"type":"Feature","geometry":{"coordinates":[[[-1.51629351675886,47.2345146000458],[-1.51728310783137,47.2349341955751],[-1.51736347014388,47.2348491929297],[-1.51887110034757,47.2354677125409],[-1.51903449983857,47.2356854302524],[-1.51951202201108,47.2356158144875],[-1.51967664286747,47.2355918142388],[-1.51985572683337,47.2355794305455],[-1.51997570883836,47.2355708737533],[-1.52038605270458,47.235541607777],[-1.5207542427895,47.2355110084],[-1.52129650900544,47.2355196174565],[-1.5215144323889,47.2355644448127],[-1.52167234936835,47.2355969282532],[-1.52175441141488,47.2356126458823],[-1.52220367356172,47.2358223263949],[-1.52237448637156,47.2359149428671],[-1.52189446365116,47.2368540182277],[-1.52103666373182,47.2375864930311],[-1.52123875306485,47.2380928358737],[-1.52116165864493,47.2381442341746],[-1.52081643130287,47.2381982931697],[-1.52065404811589,47.2382241673775],[-1.51995797350247,47.2378049561125],[-1.51874633992094,47.2386578641648],[-1.51789235682272,47.2383962212638],[-1.517572944324,47.2381643500023],[-1.51706331477896,47.2385430836268],[-1.51742353724546,47.2388016950881],[-1.51639799273675,47.2394922697724],[-1.51639179733694,47.2394760845445],[-1.51626947736216,47.2391548575591],[-1.51620016476637,47.2389729011036],[-1.51611078674222,47.2387381139164],[-1.51583226374265,47.2380069875523],[-1.51578052899969,47.2378579481114],[-1.51574834618207,47.2377543674148],[-1.51574420945008,47.2377410828071],[-1.5157290882504,47.2376926855026],[-1.51553232196038,47.2370610527337],[-1.51541466155002,47.2365895269922],[-1.51532353617439,47.2360219170346],[-1.51529492857716,47.2355474157857],[-1.51530388093987,47.2348966644782],[-1.51537690200614,47.2342818687946],[-1.51540462522595,47.2341434130718],[-1.51629351675886,47.2345146000458]]],"type":"Polygon"},"properties":{"gid":"6127","idbureau":"1090724","commune":"Nantes","code_insee":"44109","numero_bureau":"724","lien_lieu_vote":"109039","nom":"Urbain Le Verrier","site":"Ecole Maternelle","num_canton":"7"}},{"type":"Feature","geometry":{"coordinates":[[[-1.57015748862944,47.2308128939615],[-1.5685085539426,47.2317491735749],[-1.56834868293122,47.2318403210017],[-1.56699754476525,47.2326106204407],[-1.56661292135425,47.2328298908597],[-1.56652392587031,47.2328806269261],[-1.56637021122928,47.2327278422454],[-1.56633113686877,47.232699714695],[-1.56604415791075,47.2323929300337],[-1.56587598090381,47.2321920955485],[-1.56591122910698,47.2321731569371],[-1.56586830290055,47.2321211983095],[-1.56558467411968,47.2318168232848],[-1.56540675300186,47.231605509359],[-1.56544494461468,47.2315599009046],[-1.56540504126081,47.231518650273],[-1.56521068016347,47.2316022350025],[-1.56515024785626,47.2315351065109],[-1.56498818772145,47.2312494003173],[-1.56536246407907,47.2310997428351],[-1.56670426237157,47.2309591213549],[-1.56759806398557,47.230717107524],[-1.56754337592323,47.2306616785106],[-1.5669568679633,47.230019170758],[-1.5670538204772,47.2299832865693],[-1.5675051031927,47.2298110191617],[-1.56759824336843,47.2297755302534],[-1.56768209642374,47.229741345856],[-1.56798555725131,47.2296308200664],[-1.56840401194142,47.2294744328571],[-1.56841781922274,47.2294733314065],[-1.56854872433542,47.2293900026037],[-1.5686421960353,47.2293354939863],[-1.56866863327706,47.2293137068753],[-1.56874217985796,47.2292669874946],[-1.56875546876399,47.2292424920025],[-1.56884241541555,47.2291710951193],[-1.56944291719437,47.2292226283046],[-1.56994135613054,47.2278437216927],[-1.57007884063529,47.2276876549949],[-1.57012589261566,47.2275370899227],[-1.57014549904645,47.2274741883087],[-1.57018011445913,47.2273633123983],[-1.57061840389747,47.2272308292599],[-1.57162614391396,47.2264444164634],[-1.57176227949669,47.2265107743097],[-1.57223690904457,47.2269337690383],[-1.57266357758625,47.2278981715239],[-1.57303181521627,47.2287993404555],[-1.5732052288448,47.2292345272616],[-1.57327154306227,47.2294000144142],[-1.57252003916822,47.2295404881914],[-1.57247276793945,47.229557672871],[-1.57240218622919,47.2295833932077],[-1.57227335754686,47.2296323441967],[-1.57225487402579,47.2296393676337],[-1.57135293149094,47.2301387484772],[-1.57104836875283,47.2303138068633],[-1.57103781160422,47.2303197217411],[-1.57017146165182,47.2308050663468],[-1.57015748862944,47.2308128939615]]],"type":"Polygon"},"properties":{"gid":"6067","idbureau":"1090152","commune":"Nantes","code_insee":"44109","numero_bureau":"152","lien_lieu_vote":"109004","nom":"L\u00e9on Say","site":"Ecole Primaire","num_canton":"1"}},{"type":"Feature","geometry":{"coordinates":[[[-1.55411183437867,47.2122829564976],[-1.55376199205663,47.2121914008103],[-1.55347321320135,47.2121473623139],[-1.55280880285262,47.2115189376031],[-1.55179204169159,47.2109087878718],[-1.54992505013508,47.2089580198371],[-1.5497441609731,47.208731289807],[-1.54949972516449,47.208599566991],[-1.54903342587947,47.2078769109968],[-1.55008590121597,47.2076801139049],[-1.55063107727893,47.2077434185395],[-1.55530072263041,47.2082852077501],[-1.56114936819737,47.2089635651175],[-1.56140470357708,47.2090230233244],[-1.56202744255659,47.2091689481282],[-1.56325067249064,47.2091354865037],[-1.56328312784457,47.2102486646857],[-1.5636959100944,47.2106264566451],[-1.56409749331456,47.2104471356772],[-1.56424742450622,47.2105548193996],[-1.56369257120066,47.2109789270437],[-1.56358744294634,47.2110109456159],[-1.56332603894905,47.2112981468325],[-1.56304663661436,47.2115045713304],[-1.56209696236527,47.2120394857376],[-1.56170453834478,47.2122042286385],[-1.56074856464964,47.2121105143994],[-1.5602346491919,47.2124157525539],[-1.56005812817864,47.2122497789805],[-1.5597140717469,47.2121283783565],[-1.55956104193527,47.2121125662041],[-1.55936033662948,47.2120918759677],[-1.55896990393759,47.2119361081827],[-1.55827594936428,47.2117673552439],[-1.55783276550746,47.2126569344646],[-1.55501159278366,47.2137835503042],[-1.55480295389691,47.2135203996108],[-1.55759530126676,47.2124206536986],[-1.5569342074579,47.2116715964196],[-1.55568365026003,47.2119986575414],[-1.55411183437867,47.2122829564976]]],"type":"Polygon"},"properties":{"gid":"5986","idbureau":"1090321","commune":"Nantes","code_insee":"44109","numero_bureau":"321","lien_lieu_vote":"109015","nom":"Ch\u00eane d'Aron","site":"Ecole Elementaire","num_canton":"3"}},{"type":"Feature","geometry":{"coordinates":[[[-1.59568612434837,47.2039051884315],[-1.59556560224545,47.2038820095529],[-1.59538110414026,47.2038883971929],[-1.59502470276218,47.2039007351227],[-1.59431992230374,47.2039249568893],[-1.59420417080672,47.2039289054061],[-1.59420302863877,47.203839506563],[-1.59422036430825,47.2035321345643],[-1.59419733891825,47.2024823325497],[-1.59408985179838,47.2017546298721],[-1.59415813368515,47.2011564789797],[-1.59392489503372,47.2001307869356],[-1.59388611715997,47.1997862366408],[-1.59386510434092,47.1995991591255],[-1.59396443684411,47.1993105136123],[-1.5940205188996,47.1991978165392],[-1.59423930418924,47.1992491664157],[-1.59434495507585,47.1990736167925],[-1.59734465840188,47.2000508404266],[-1.59847550778516,47.2004192612121],[-1.59857543450571,47.2004517861937],[-1.5993396321473,47.200700672885],[-1.59964150371238,47.2007549408739],[-1.59990799236493,47.2009461570142],[-1.60055800480594,47.2013063039629],[-1.60070687834959,47.2013826422647],[-1.6007103222396,47.2016458048574],[-1.60071737476746,47.2021848128179],[-1.60071862992092,47.2022000822835],[-1.60071785460917,47.2022470359172],[-1.60061876493702,47.2025116270732],[-1.60053769621877,47.2026672475776],[-1.60047997957273,47.2028097295121],[-1.6004107387118,47.2029806183375],[-1.6004043538627,47.2029962380692],[-1.60019088057288,47.2035170255403],[-1.59997755698657,47.204048885515],[-1.59995645992512,47.2041016688073],[-1.59992981484452,47.2042649132582],[-1.59990179027636,47.2044366166912],[-1.59972993720371,47.2044181675407],[-1.59875583617929,47.2043135369694],[-1.59819584880947,47.2042510572951],[-1.5981952092731,47.204250985587],[-1.59754332783442,47.204183980959],[-1.5974896946786,47.2041771651818],[-1.59718606069082,47.204169336011],[-1.59583474771938,47.2041346597971],[-1.5958123568041,47.2041253140577],[-1.59575376181159,47.2041008559968],[-1.59568612434837,47.2039051884315]]],"type":"Polygon"},"properties":{"gid":"6053","idbureau":"1090462","commune":"Nantes","code_insee":"44109","numero_bureau":"462","lien_lieu_vote":"109026","nom":"Plessis-Cellier","site":"Ecole Maternelle","num_canton":"4"}},{"type":"Feature","geometry":{"coordinates":[[[-1.56650540346551,47.2328911858397],[-1.56628387611417,47.2330174747074],[-1.56595756066752,47.2332035009866],[-1.56594431462804,47.2332086328489],[-1.56594379472862,47.2332088337275],[-1.56585068041977,47.2332447677924],[-1.5657390418134,47.2332878149032],[-1.5656511825598,47.2333215017091],[-1.56452917871259,47.2337514579508],[-1.56452068888498,47.2337547111476],[-1.5645083320104,47.2337594461734],[-1.56363547616307,47.2340810647203],[-1.5633527202445,47.2341917724609],[-1.56326969542907,47.2340373258218],[-1.56168096712022,47.2336413409424],[-1.56155431862968,47.2336128351405],[-1.56149976342627,47.2337406842409],[-1.56029878746171,47.2334446963985],[-1.55832333755362,47.2330834375553],[-1.55817971428185,47.2328961746379],[-1.55774416530679,47.2323279702665],[-1.55817543137501,47.2317602026522],[-1.55847881689875,47.2315591914867],[-1.56141696133685,47.2316513861647],[-1.56224799202905,47.2309539000874],[-1.56307163171809,47.2301899199121],[-1.5631707532614,47.2303052754925],[-1.56325598552489,47.2304043478753],[-1.56326294967959,47.2304127612394],[-1.56331705687406,47.2304802824156],[-1.56365566400106,47.2309025073286],[-1.56384292301165,47.2308302401566],[-1.56390527810639,47.2309218932018],[-1.56396276684835,47.2309831758733],[-1.56416183825054,47.2312216975319],[-1.56536246407907,47.2310997428351],[-1.56498818772145,47.2312494003173],[-1.56515024785626,47.2315351065109],[-1.56521068016347,47.2316022350025],[-1.56540504126081,47.231518650273],[-1.56544494461468,47.2315599009046],[-1.56540675300186,47.231605509359],[-1.56558467411968,47.2318168232848],[-1.56586830290055,47.2321211983095],[-1.56591122910698,47.2321731569371],[-1.56587598090381,47.2321920955485],[-1.56604415791075,47.2323929300337],[-1.56633113686877,47.232699714695],[-1.56637021122928,47.2327278422454],[-1.56652392587031,47.2328806269261],[-1.56650540346551,47.2328911858397]]],"type":"Polygon"},"properties":{"gid":"6095","idbureau":"1090161","commune":"Nantes","code_insee":"44109","numero_bureau":"161","lien_lieu_vote":"109029","nom":"Charles Lebourg","site":"Ecole Primaire","num_canton":"1"}},{"type":"Feature","geometry":{"coordinates":[[[-1.52279393454161,47.2259231364102],[-1.52269673559238,47.225853166294],[-1.52243740670006,47.2256673037838],[-1.52242539780577,47.2256584308607],[-1.52134805277943,47.2248854242844],[-1.52176225511562,47.2245368754549],[-1.52200783415036,47.224376356666],[-1.52302387775938,47.2237111592111],[-1.52327880984499,47.2237005529819],[-1.52372540086524,47.2236821757877],[-1.52386395071425,47.2236765462704],[-1.524163384549,47.2236726427032],[-1.52428318321821,47.2227988643627],[-1.52461123501026,47.2224019395475],[-1.52485946843532,47.2221465751687],[-1.52561326842932,47.2221662655828],[-1.52587599176765,47.2221942088006],[-1.52725454169565,47.2223175210588],[-1.52779338601739,47.2225587610783],[-1.52808785293772,47.2226509341276],[-1.5288649687281,47.2227882598708],[-1.52891945311055,47.2226291763957],[-1.52996207640051,47.2221266778078],[-1.53009362964366,47.2220096835917],[-1.53071392558388,47.2219912189444],[-1.53075891232736,47.2219898886694],[-1.53093896391201,47.2220189764832],[-1.5306550576978,47.2225870939964],[-1.53039310904799,47.2231096222711],[-1.53029107751486,47.22337540638],[-1.53028741142879,47.2233850751483],[-1.52914684792631,47.2231379954485],[-1.52870919160595,47.2238639260536],[-1.5286520833367,47.2239591521735],[-1.52791581970946,47.2248288360144],[-1.52653372086306,47.2247654575772],[-1.52581619176118,47.2248220090566],[-1.52515748930605,47.2250615871557],[-1.52469261173788,47.2252299132318],[-1.5247268572082,47.225292258872],[-1.52279393454161,47.2259231364102]]],"type":"Polygon"},"properties":{"gid":"6081","idbureau":"1090223","commune":"Nantes","code_insee":"44109","numero_bureau":"223","lien_lieu_vote":"109009","nom":"Louis Guiotton","site":"Ecole Maternelle","num_canton":"2"}},{"type":"Feature","geometry":{"coordinates":[[[-1.51657819986148,47.2246347037126],[-1.51672032511553,47.2243502850625],[-1.51708746073168,47.2242638861563],[-1.51832017546936,47.2239737318558],[-1.51844037876177,47.224159486354],[-1.51749425724267,47.2244931098628],[-1.51699428432139,47.2249434869862],[-1.51565766980346,47.2264003865333],[-1.51475066297466,47.2275467699105],[-1.51746658363602,47.2290364401381],[-1.51621886840167,47.2318548443211],[-1.51615597389549,47.2319969059244],[-1.51611127529669,47.2320004705248],[-1.51605854646174,47.2320045282772],[-1.51582578628389,47.2320224385582],[-1.51570347775749,47.2320316585315],[-1.51576723982944,47.2319102060885],[-1.51584266539119,47.2317665384731],[-1.51601746886961,47.2314360132241],[-1.51641157041203,47.2306749388135],[-1.51645595027744,47.2305659154563],[-1.51644416147624,47.2301965893185],[-1.51642104446683,47.2298737556118],[-1.51548346905623,47.2298868898416],[-1.51528586823071,47.2299117755239],[-1.51498876141573,47.2300017688777],[-1.51426167828124,47.2303601985134],[-1.51386424894611,47.2299951051802],[-1.51351852545166,47.2297714895354],[-1.51299068286439,47.2294295723819],[-1.51237746735745,47.2289998973689],[-1.51436925594355,47.2275046741768],[-1.51089139215254,47.2246305240059],[-1.51040422714575,47.2241712309419],[-1.51092942012877,47.2238557677964],[-1.51497156077208,47.2225149962785],[-1.51489113963456,47.2227687620827],[-1.51557335524836,47.2239969295598],[-1.51580688793949,47.224351389236],[-1.51608083526359,47.224631531563],[-1.51657819986148,47.2246347037126]]],"type":"Polygon"},"properties":{"gid":"6058","idbureau":"1090232","commune":"Nantes","code_insee":"44109","numero_bureau":"232","lien_lieu_vote":"109041","nom":"Gay Lussac","site":"Ecole Primaire","num_canton":"2"}},{"type":"Feature","geometry":{"coordinates":[[[-1.5755428560419,47.2166973805358],[-1.57569729271614,47.2168047253088],[-1.57656741950902,47.2172880737229],[-1.57705583602102,47.2175043370701],[-1.57771771902357,47.2178504656144],[-1.57859637564745,47.2182497711573],[-1.57917386987963,47.2176314281218],[-1.57989233866751,47.2179895745363],[-1.57996372046646,47.218034703972],[-1.57925358210669,47.2188681030491],[-1.57855019681755,47.2196152508222],[-1.57775990315489,47.219385935328],[-1.57730755628182,47.2197553544892],[-1.57725001783866,47.2198019856719],[-1.5772364415282,47.2198133415986],[-1.57716076591948,47.2198740974429],[-1.57634547082109,47.2204780370739],[-1.57625217949534,47.2205544575932],[-1.57604585885418,47.2207234663405],[-1.57552532377173,47.2206161682457],[-1.57557553997419,47.2202876232336],[-1.57545517218433,47.219828440646],[-1.57313264523636,47.2191297267988],[-1.57079491471595,47.2185523945757],[-1.57146475272511,47.2174696637794],[-1.57148399413551,47.2174544219463],[-1.57381442061881,47.2169466565358],[-1.5755428560419,47.2166973805358]]],"type":"Polygon"},"properties":{"gid":"6030","idbureau":"1090422","commune":"Nantes","code_insee":"44109","numero_bureau":"422","lien_lieu_vote":"109021","nom":"Boccage","site":"Ecole El\u00e9mentaire","num_canton":"4"}},{"type":"Feature","geometry":{"coordinates":[[[-1.56774090150464,47.208525735232],[-1.56730246196176,47.2078705475748],[-1.5672740659641,47.2078281122242],[-1.56731340454844,47.207823807348],[-1.5676244064464,47.2077150982125],[-1.56785540419553,47.2076148610216],[-1.5679903881955,47.2075374224585],[-1.56813004219118,47.2074678410338],[-1.56841079742687,47.2073612339748],[-1.56870895324038,47.2072268354806],[-1.56902561868952,47.2070907291773],[-1.56932310693349,47.2069635579127],[-1.56956391061012,47.2068855035509],[-1.56976505833844,47.2068011972962],[-1.56976943269724,47.206799364308],[-1.57092129963382,47.2078087235301],[-1.57122999375008,47.2080739568309],[-1.57331801147239,47.2083570264388],[-1.57365924855757,47.2082461926593],[-1.57407683823777,47.2085253782443],[-1.57467772026881,47.2089289459122],[-1.57395337676827,47.2100323749013],[-1.57364061693672,47.2105637387474],[-1.57136567150353,47.2099051471024],[-1.57069350180327,47.2097072666031],[-1.57051400981266,47.2097779347055],[-1.5702855537011,47.2097228987258],[-1.57035833046823,47.2096298223267],[-1.57009402655592,47.2095509813911],[-1.56925048734445,47.2092993489738],[-1.56812848979447,47.2089757406498],[-1.56800791382758,47.2089264134924],[-1.56796219859428,47.2088559973865],[-1.56791043718771,47.2087769605],[-1.56787743419086,47.2087304301765],[-1.56784397289341,47.2086794135478],[-1.56774090150464,47.208525735232]]],"type":"Polygon"},"properties":{"gid":"6166","idbureau":"1090443","commune":"Nantes","code_insee":"44109","numero_bureau":"443","lien_lieu_vote":"109023","nom":"Leloup Bouhier","site":"Ecole Elementaire","num_canton":"4"}},{"type":"Feature","geometry":{"coordinates":[[[-1.58838903996419,47.2109213671301],[-1.58841306021192,47.2111551824452],[-1.58830901218646,47.2115857497474],[-1.5882893557148,47.2118836499667],[-1.58829275097249,47.2120940245237],[-1.58833785838398,47.2122783054887],[-1.58860362563244,47.2127821130734],[-1.58919784872209,47.2136116867135],[-1.58963326643154,47.2135340781395],[-1.59151841514611,47.2136276515481],[-1.59165470835627,47.2163580758107],[-1.59154481708728,47.2165143082622],[-1.589357395474,47.2163850930065],[-1.58926021451298,47.216379393196],[-1.58696100828202,47.2162434954093],[-1.58608179110392,47.2144725632284],[-1.58604667962179,47.2143957537471],[-1.58601426460418,47.2143249847634],[-1.58595210503489,47.2141892909801],[-1.58594121779491,47.2140497817934],[-1.58592780011018,47.2138793759181],[-1.58662542143338,47.2111120142016],[-1.58675000417582,47.2110551755018],[-1.58677590997197,47.2110334849005],[-1.58835366671336,47.2109238356974],[-1.58838903996419,47.2109213671301]]],"type":"Polygon"},"properties":{"gid":"6048","idbureau":"1090555","commune":"Nantes","code_insee":"44109","numero_bureau":"555","lien_lieu_vote":"109045","nom":"Contrie","site":"Ecole Elementaire","num_canton":"5"}},{"type":"Feature","geometry":{"coordinates":[[[-1.5195447920961,47.264240335152],[-1.51935374381691,47.2641633195173],[-1.51927374863305,47.2641310490058],[-1.5164040042312,47.2629726839829],[-1.51619775967294,47.2629215679814],[-1.51614940839503,47.2629096753625],[-1.51611357582324,47.2629007797294],[-1.51592202140375,47.2628533183062],[-1.51637395102229,47.2621902108793],[-1.51706922860693,47.2611698831908],[-1.51715317381737,47.2610386447977],[-1.51739399020638,47.2607858010698],[-1.51801758109681,47.2601020873087],[-1.51813637178711,47.2599587920299],[-1.51820502540169,47.2598760683867],[-1.51821773978364,47.25963949398],[-1.5181467468929,47.2591960428631],[-1.51820979619948,47.2587255113157],[-1.51966794919687,47.2589236419996],[-1.51906718331597,47.2596243419882],[-1.51910919355266,47.2599262793152],[-1.51930545070212,47.2599197211182],[-1.51950964375031,47.2608285859286],[-1.51994729839263,47.261001199095],[-1.52091172840721,47.2608850165259],[-1.52219728575809,47.2608318459958],[-1.52243941594129,47.2608064544324],[-1.52286986777094,47.2608937356295],[-1.5230462840622,47.2604069752744],[-1.52551468581726,47.2610677648127],[-1.52617951756619,47.2611192648984],[-1.52670113151326,47.2611350332959],[-1.52773251944765,47.2612645921072],[-1.52768209686592,47.2613357218716],[-1.52653770504613,47.2624421339962],[-1.52525061783203,47.2631744044808],[-1.52559119014608,47.2634072616659],[-1.52566656885641,47.2639159472902],[-1.5262703902662,47.2643770416957],[-1.52605017550195,47.2646583893481],[-1.52566547112391,47.2646664080404],[-1.5254798477701,47.2649120159222],[-1.52596367836874,47.2651972671998],[-1.52585573360982,47.2653185051337],[-1.52574988088755,47.2654375124907],[-1.52354063038181,47.2646818612501],[-1.52327770933052,47.264586273943],[-1.52306385789582,47.2648275981777],[-1.52254153599375,47.2654385962833],[-1.52163009294718,47.2650744183633],[-1.52150842757463,47.2650257963075],[-1.51974988222718,47.2643230912742],[-1.51956019395926,47.2642465739256],[-1.5195447920961,47.264240335152]]],"type":"Polygon"},"properties":{"gid":"6153","idbureau":"1090751","commune":"Nantes","code_insee":"44109","numero_bureau":"751","lien_lieu_vote":"109036","nom":"Beaujoire","site":"Ecole Elementaire","num_canton":"7"}},{"type":"Feature","geometry":{"coordinates":[[[-1.52178370646246,47.2957854430071],[-1.5216654472391,47.2957937816438],[-1.52155451141898,47.2957975118143],[-1.5214416024831,47.2958079510559],[-1.52138498500127,47.2958131851517],[-1.52137378699852,47.2958145119417],[-1.5212083644951,47.2958340945739],[-1.52102965118593,47.2958522738477],[-1.52098750314197,47.295856556984],[-1.52091908982575,47.2958522737151],[-1.52088324387635,47.2958500271014],[-1.52081375138042,47.2958360297831],[-1.52075522865299,47.2958242404147],[-1.52055491792992,47.2958297729857],[-1.52017976556856,47.2958492015567],[-1.52000610323956,47.2958363833889],[-1.51972469007652,47.2957665286257],[-1.51959891989884,47.2956984867846],[-1.51918246513568,47.2954092190171],[-1.51913077048819,47.2953860841777],[-1.51900185679791,47.2953283901765],[-1.51892556856237,47.2952942485404],[-1.51852915080825,47.2951629535161],[-1.51835936224684,47.295113038429],[-1.51820066762478,47.2950689945556],[-1.51815326374648,47.2950585494025],[-1.51805491771432,47.2950368690573],[-1.51794243184593,47.2950090808877],[-1.51789351789712,47.294996992894],[-1.51743851931614,47.294868265546],[-1.51712215213645,47.2947453551723],[-1.51711814964262,47.2947432931142],[-1.51708090617374,47.2947240797319],[-1.5168259209574,47.2946132610437],[-1.5166068605914,47.2945163604182],[-1.51638526009773,47.2944233380726],[-1.51597339958174,47.2942618249001],[-1.51596901981051,47.2942601073954],[-1.51577024444673,47.2942026750586],[-1.51563073979768,47.2941962790857],[-1.51492970887862,47.294164131646],[-1.51459146127413,47.2941474518329],[-1.51429081353291,47.2941326174386],[-1.51424073868459,47.294146521399],[-1.51413164721228,47.2941768039108],[-1.51388876719964,47.2942378746929],[-1.51349829780976,47.2943123952735],[-1.51313500958727,47.2944186652848],[-1.51313297669221,47.2944192595381],[-1.51301733399378,47.2944336100955],[-1.51270293186421,47.294472620596],[-1.51248766634608,47.2945147176506],[-1.51239274381013,47.2945332752156],[-1.5121632599094,47.2946133690052],[-1.51216150626187,47.2946143361245],[-1.51187856990599,47.2947703898213],[-1.51168575488194,47.2948520212047],[-1.51153374978201,47.2948690633485],[-1.51150866386771,47.2948718718729],[-1.51130347312221,47.2949511010901],[-1.51099256231828,47.295087927811],[-1.51062511626048,47.295249609887],[-1.510432406106,47.2953373817178],[-1.5103713422623,47.2953651869865],[-1.50999791820789,47.2955019184924],[-1.50989607455785,47.2955410517183],[-1.50981655273074,47.2955716509345],[-1.50971060898062,47.2956123854823],[-1.50970799834055,47.2956093342408],[-1.50969509257593,47.2955949741801],[-1.50965236356449,47.2955470929211],[-1.50959492668502,47.2954428433553],[-1.5095579046065,47.2953845468036],[-1.50952573896217,47.295333877158],[-1.50952570302151,47.2953338281095],[-1.50939316926312,47.2951233406448],[-1.50929217552849,47.2949629318872],[-1.50901247599359,47.2945127510478],[-1.50875045538611,47.2941180106463],[-1.50858954098649,47.2937880892275],[-1.50858874618327,47.2937864606905],[-1.50847483661755,47.2935563919549],[-1.50845849623704,47.2931867103379],[-1.50845095258797,47.2931340364489],[-1.50844251697456,47.2930750831239],[-1.50840095426296,47.2927849056258],[-1.50837289599869,47.292588983228],[-1.50835253345643,47.2924467955748],[-1.50828454881352,47.2921209458406],[-1.50828037927927,47.2920636354487],[-1.50828021110875,47.2920613209943],[-1.50827407032079,47.2919764767893],[-1.50829465225362,47.2918115938754],[-1.50833368077712,47.2915774620519],[-1.50833433955727,47.2915735122551],[-1.50832859982157,47.2912117044183],[-1.50831734050037,47.2910771718417],[-1.50831309418183,47.2910189697265],[-1.50831239629343,47.2910093515828],[-1.50830500280386,47.2909459495583],[-1.50829689788764,47.290876413292],[-1.50829377755519,47.2908395628382],[-1.50828339020964,47.2907167337581],[-1.50826738182882,47.2906024973551],[-1.50825958861206,47.2905468382061],[-1.5082592665169,47.2905445982625],[-1.50825349162242,47.2905045486918],[-1.50825316328622,47.2905025009117],[-1.50825293465837,47.2905010520107],[-1.50826091724407,47.290483078971],[-1.50827272986267,47.2904564906471],[-1.5082798374617,47.29045225383],[-1.50828047405553,47.290451873872],[-1.508292150449,47.2904449104613],[-1.50829131207472,47.2904146672938],[-1.50828575702099,47.2903993756522],[-1.50828560320116,47.2903989509904],[-1.50827699910464,47.2903755047281],[-1.50828102200801,47.2903511346238],[-1.50828314189335,47.2903383064925],[-1.5082833904417,47.2903368001429],[-1.50828706509055,47.2903145574997],[-1.50828206532591,47.2902664583983],[-1.50827992294921,47.2902450825994],[-1.50827978660072,47.2902437382045],[-1.50827951737998,47.2902410591899],[-1.50826757489068,47.2901985491932],[-1.50825787066089,47.2901590131523],[-1.50825500571064,47.2901371737152],[-1.5082545294282,47.2901333630169],[-1.50825353593459,47.2901192369037],[-1.50824992167156,47.2900666990907],[-1.50824946221903,47.2900456330523],[-1.50824579378178,47.2900085644036],[-1.50823821847641,47.2899331750126],[-1.50823162677422,47.2899020893425],[-1.50823160713906,47.2899019982073],[-1.5082310772113,47.2898983202606],[-1.50823061855085,47.2898951242732],[-1.50823035012523,47.2898930489158],[-1.50823324179361,47.2898393505485],[-1.50823368719173,47.2898311760858],[-1.5082378285544,47.2897549670109],[-1.50823864009676,47.2897395276253],[-1.50823887421833,47.2897344726927],[-1.50823751038064,47.2897199295028],[-1.50822999868123,47.2896437266894],[-1.50823004348698,47.2896436771786],[-1.50823067143101,47.2896429605751],[-1.50823482960428,47.2896382212625],[-1.50823432913585,47.2896218944339],[-1.5082335593717,47.2895965534668],[-1.50823321088774,47.2895845239892],[-1.50823241281356,47.2895565026728],[-1.50823040788218,47.2895431775729],[-1.50823035071557,47.28954279958],[-1.50822242265635,47.2894901281083],[-1.50822381082477,47.2894764627685],[-1.50822082939256,47.2894351359597],[-1.50821691416811,47.2893623079774],[-1.50821384543111,47.2893510735135],[-1.50821134454096,47.289341790943],[-1.50820292989774,47.289292756169],[-1.50820295550639,47.2892904467318],[-1.50820343230779,47.2892483914889],[-1.50820298426487,47.2892432876091],[-1.50820282579452,47.2892414629322],[-1.50820226361291,47.2892348389872],[-1.50819616592361,47.289162822779],[-1.50819581614645,47.2891586917615],[-1.50819319603937,47.2891292173239],[-1.50818837346405,47.2890749662554],[-1.50818746614085,47.2890647508266],[-1.50818726743505,47.2890627637397],[-1.50818383626227,47.2890281518969],[-1.50817914358617,47.2889821131099],[-1.50817895813752,47.288974589588],[-1.50817833105952,47.2889490096583],[-1.50817692358886,47.2889320426093],[-1.50817276955715,47.2888818082453],[-1.50817044156098,47.2888391736554],[-1.50817038125952,47.2888380704578],[-1.50816932328859,47.2888187091928],[-1.50816867940065,47.2888069129456],[-1.50816679879886,47.2887593961681],[-1.50816625998832,47.2887583657889],[-1.5081662135761,47.2887582711982],[-1.50816389880115,47.2887535792768],[-1.50815959485671,47.2887179023887],[-1.50815327140292,47.2886652554104],[-1.50814599992827,47.2886517574138],[-1.50813594759068,47.2886330361378],[-1.50815552249503,47.2885671221135],[-1.50813893432472,47.2885633497936],[-1.50810135936124,47.2885607743357],[-1.50803091405714,47.2885559624731],[-1.50803269736165,47.2884113595849],[-1.50802513471089,47.2883705853645],[-1.50801968951788,47.2883407125769],[-1.50801377947297,47.2883083053978],[-1.50801376641077,47.2883082293224],[-1.50801373146063,47.2883080198518],[-1.50801169319388,47.2882947690376],[-1.50800434434966,47.2882469476049],[-1.50801290824042,47.2881996039438],[-1.50801448280334,47.2881790839344],[-1.50801801442409,47.2881707461497],[-1.50807105703413,47.2880464876071],[-1.50809040143686,47.2880168964477],[-1.50810226216607,47.2879987019998],[-1.50810516560975,47.2879942479378],[-1.50816534182028,47.2878806968431],[-1.50822667647706,47.2877730524855],[-1.50809758776463,47.2877232760462],[-1.50809689506104,47.2877230085628],[-1.50807226930846,47.2877134930899],[-1.50809808104049,47.2876405774662],[-1.50810602874346,47.2876181303694],[-1.50810930312297,47.2876154196718],[-1.50811531470377,47.2876104572326],[-1.5081367929406,47.2875450737626],[-1.50814785080364,47.2875114392188],[-1.50823153012834,47.2872949126765],[-1.5082355091839,47.2872846192282],[-1.50823568813707,47.2872676990103],[-1.50823570862574,47.2872657357674],[-1.5082358172464,47.2872554138339],[-1.50823637999243,47.2872401643953],[-1.50823581797487,47.2872272080139],[-1.50825267752121,47.2872168196174],[-1.50824775530314,47.2871383527918],[-1.50824676644068,47.2871224820972],[-1.50824641309868,47.2871168230735],[-1.50824109786955,47.287031571591],[-1.50829389733317,47.2870535385689],[-1.50837553015128,47.2870875014067],[-1.50837562347331,47.2870875400967],[-1.5083758828815,47.2870876479622],[-1.50842818330096,47.2871094749637],[-1.50844221827971,47.2871008542554],[-1.50844229133183,47.2871008099443],[-1.50846657502814,47.2870858947372],[-1.5084993164615,47.2870659599101],[-1.50850089476024,47.2870251715456],[-1.50851136314068,47.2869924142333],[-1.5085450662449,47.2869072072173],[-1.50854538338725,47.2868859305086],[-1.50860727846233,47.2866754564986],[-1.50861288835086,47.2866566032965],[-1.50863771732592,47.2865732533528],[-1.50868604790743,47.2864351212344],[-1.50869100292925,47.2864209673356],[-1.50870262128351,47.2863611340413],[-1.50875435936171,47.286182413885],[-1.50879398982387,47.2861031166735],[-1.50885851634163,47.2859897476653],[-1.50890502929538,47.2859080388161],[-1.50891089028871,47.285897767056],[-1.50899792436715,47.2857477878805],[-1.50903763366875,47.285679359277],[-1.50905662610123,47.2856516639324],[-1.50905666336442,47.2856516192219],[-1.5090643162894,47.285643290993],[-1.50907140864547,47.2856355830258],[-1.50913681782067,47.2855745416143],[-1.50917995917686,47.2855288969621],[-1.5092280950648,47.2854779809567],[-1.50922814575376,47.2854779384229],[-1.50922877945008,47.2854774468425],[-1.50922957792778,47.2854768370734],[-1.50935098950504,47.285379720948],[-1.50936368091714,47.2853696741929],[-1.50936817087817,47.2853652614954],[-1.50943902618714,47.2852956889274],[-1.50945447206457,47.2852805217252],[-1.50946050211223,47.2852743537967],[-1.50950834346007,47.2852254224558],[-1.50951078238907,47.2852229030494],[-1.50954675436543,47.285180982196],[-1.50957320843928,47.285150164919],[-1.50962045106541,47.2851035789529],[-1.50968368227099,47.2850412422003],[-1.50968602554862,47.2850392977933],[-1.50968690440411,47.2850385740418],[-1.50978015873626,47.2849601262208],[-1.50978304990668,47.2849576935923],[-1.50992496133605,47.2848443508251],[-1.50993992430078,47.2848326570327],[-1.50996345874333,47.2848142748307],[-1.51003724086899,47.2847583106347],[-1.51006814005574,47.2847344865898],[-1.51006996598972,47.284733078753],[-1.51015458838992,47.2846678403216],[-1.51025026800263,47.2846063318225],[-1.51030628767678,47.2845640488093],[-1.51034411802168,47.2845354350736],[-1.51029183591179,47.2844948263002],[-1.51016635889078,47.2843973399277],[-1.51018973159997,47.2843838205631],[-1.510207140988,47.284373763462],[-1.51021069591024,47.2843717264707],[-1.51024140060987,47.284345781759],[-1.51026059757378,47.2843295653777],[-1.51032820672734,47.2840956363473],[-1.51061388659343,47.2831071086193],[-1.51491168154572,47.2791978267319],[-1.51514245371295,47.2790099956183],[-1.5189357664239,47.2772217230849],[-1.52016577555016,47.2767966736608],[-1.52303185095773,47.2760469749215],[-1.52430942121405,47.2759423626705],[-1.52575328504503,47.2758240643132],[-1.52895739967171,47.2756137722106],[-1.52858980224531,47.2760971545693],[-1.52805930615493,47.2768120313913],[-1.52783208263527,47.2771230461538],[-1.52783089078021,47.2771246780229],[-1.52770559154688,47.2773078384505],[-1.52768407796422,47.2773465348267],[-1.52768331319996,47.2773479110998],[-1.52758348407552,47.2775441246907],[-1.52747513344376,47.2777435516206],[-1.52747438014107,47.277744938253],[-1.52724112767918,47.2781627453267],[-1.52712710522944,47.278383635395],[-1.5271264255113,47.2783849533509],[-1.52706295505424,47.278521700426],[-1.52692062599465,47.2788283458998],[-1.52692007101747,47.2788295427084],[-1.52688245657554,47.2789493304526],[-1.52684347967738,47.2791153952979],[-1.52680287088126,47.2793152233487],[-1.52677152849393,47.2795321667941],[-1.5267031197946,47.279908071588],[-1.52665149606196,47.2802148741521],[-1.52665139585272,47.2802154709827],[-1.52659445616297,47.2805004594666],[-1.52656720657486,47.2806985900458],[-1.52655697731867,47.2809417793904],[-1.52655478326684,47.2809939450836],[-1.52655331251991,47.2810289183551],[-1.52654251555205,47.2812508194776],[-1.52655875821774,47.2816490713408],[-1.52658246514312,47.2818220392168],[-1.52661602485063,47.2820314718504],[-1.52666515438823,47.2823290441919],[-1.52671323622865,47.2826485530664],[-1.5267613546791,47.2829591401632],[-1.52676145895571,47.2829595568449],[-1.52682939219275,47.2832307209399],[-1.52684493137525,47.2832927496546],[-1.52688764943078,47.2834338831495],[-1.52688780177514,47.2834343979545],[-1.527000232172,47.283814286133],[-1.52700040864445,47.2838148666651],[-1.52712710356235,47.2842303484064],[-1.52723536373158,47.2845520833628],[-1.52731562173554,47.2847500362688],[-1.5273731811583,47.2848772499338],[-1.52756781665257,47.2853177654056],[-1.52764649499455,47.2854932659985],[-1.52773028527072,47.2856801661996],[-1.52776930523246,47.2857672014349],[-1.5278076346141,47.2858582293337],[-1.52786698312198,47.2859239213262],[-1.52789022802183,47.2859496769605],[-1.52789152213927,47.2859511451646],[-1.52825662498105,47.2863653178309],[-1.52880938720512,47.2869885174247],[-1.52881071178377,47.2869900006393],[-1.52894830954994,47.2871440692007],[-1.52970206252893,47.287988028085],[-1.52970339434653,47.2879895335318],[-1.53011317635344,47.2884526313984],[-1.53034491884883,47.2887156178053],[-1.53073946010048,47.289158075663],[-1.53147864135756,47.2899917024318],[-1.53208468689044,47.2906938832048],[-1.53229595565772,47.2909370391666],[-1.53229720221579,47.290938490281],[-1.53242310791929,47.2910850256199],[-1.53252799339504,47.2912514598095],[-1.53263654065168,47.291420452744],[-1.53278401222002,47.2916515252522],[-1.53310228137943,47.2921496031532],[-1.53318455094648,47.2922774625033],[-1.53318532590098,47.2922786781031],[-1.53331492704217,47.2924819066295],[-1.53333390054483,47.2932739871384],[-1.5333194652181,47.2934419699876],[-1.53316773357849,47.2941408525617],[-1.53310856093328,47.2942905052264],[-1.53304320450133,47.2944188666185],[-1.53296653571337,47.2945528097222],[-1.53286792933854,47.2946950959518],[-1.53286366614555,47.2947011793067],[-1.53275396899348,47.2948577199775],[-1.53269434309248,47.2949491828231],[-1.53250608936473,47.2949734525365],[-1.53239841455359,47.2949873258224],[-1.53228554155765,47.2949792976568],[-1.53210932988086,47.294966749565],[-1.53176441793258,47.294942185598],[-1.53161239933386,47.2949313587589],[-1.53142500461077,47.2949180013759],[-1.53099809538743,47.2948872703332],[-1.53072459994351,47.2948675740718],[-1.53006005324797,47.2948180369838],[-1.53004603404172,47.2948169915757],[-1.52991148167556,47.2948074902502],[-1.52970200037584,47.2947926968732],[-1.52950773620096,47.2947774606567],[-1.52918565024591,47.2947558141934],[-1.52907053878144,47.2947484540312],[-1.52906910058034,47.2947483619899],[-1.52895540160243,47.2947410713406],[-1.52874724694142,47.2947254554237],[-1.52874207788547,47.2947250678628],[-1.52855325977226,47.2947108833916],[-1.52828220839588,47.2946913374643],[-1.5282790341484,47.2946911083227],[-1.5281271749892,47.2946801571298],[-1.52804487702766,47.2946742225945],[-1.52779734619237,47.2946479937643],[-1.52767903477523,47.2946371369155],[-1.52767858497284,47.2946370960538],[-1.52759353503789,47.2946292773304],[-1.5272229447289,47.2945932259034],[-1.52713997090665,47.2945840591747],[-1.52708882306478,47.2945784008525],[-1.52681837770071,47.2945333174597],[-1.52662844414724,47.2945016512759],[-1.52662815360769,47.2945015987363],[-1.52653761117619,47.2944852679414],[-1.52641633752361,47.2944633949626],[-1.52634345805896,47.2944502325824],[-1.52613929251712,47.294424759869],[-1.52596432104081,47.2944120924278],[-1.52578154741957,47.2944042369103],[-1.52571208869666,47.2944099514493],[-1.52561779777306,47.2944176963105],[-1.52553517981613,47.2944318252022],[-1.52544927108542,47.2944465042916],[-1.52538232781349,47.294473289547],[-1.52538201527724,47.2944734144731],[-1.52532463916156,47.2944963632966],[-1.52530759750521,47.2945031662366],[-1.52530209550948,47.2945054830223],[-1.5252697576801,47.2945190724803],[-1.52513588532705,47.2945520912961],[-1.52500038860607,47.294584792714],[-1.52484151254766,47.2946321491079],[-1.52473788429144,47.294674880214],[-1.52469052990912,47.2946944051759],[-1.5245121108192,47.2947914958411],[-1.52450036736176,47.2947978866082],[-1.52450026991937,47.2947979399983],[-1.52442012609534,47.2948383702228],[-1.52436272295507,47.2948673060875],[-1.52425208581919,47.2949154537307],[-1.52420946809445,47.2949339920466],[-1.52409888389502,47.2949901530743],[-1.52406605439479,47.2950068236817],[-1.52406600054575,47.2950068523802],[-1.52392377649001,47.2950943505122],[-1.52390664262746,47.2951043897761],[-1.52390467818351,47.2951055392727],[-1.52374639400878,47.2951982785182],[-1.52374623512004,47.295198403704],[-1.52354203428174,47.2953594341824],[-1.52354144590768,47.2953598979284],[-1.5235225962313,47.2953747629805],[-1.52335644530107,47.2955003663484],[-1.52330305359314,47.2955407239969],[-1.52315281926165,47.2956133022424],[-1.52309559197877,47.2956265542661],[-1.52308953521179,47.2956279556748],[-1.52297624569468,47.295654190358],[-1.52272301957121,47.295712827726],[-1.52255197941303,47.2957671608988],[-1.52254662608669,47.2957688607946],[-1.52250501935958,47.2957682891532],[-1.52250354485204,47.2957682687376],[-1.52239954306259,47.2957668137472],[-1.52221364461515,47.2957575921614],[-1.52216040157615,47.2957549486743],[-1.52216025863183,47.295754949789],[-1.52215999944871,47.2957549545725],[-1.52215987125349,47.2957549578104],[-1.52209617585529,47.29575610411],[-1.52193691286245,47.2957589621076],[-1.52179829898546,47.2957844125259],[-1.52178370646246,47.2957854430071]]],"type":"Polygon"},"properties":{"gid":"6004","idbureau":"1090774","commune":"Nantes","code_insee":"44109","numero_bureau":"774","lien_lieu_vote":"109056","nom":"Germaine Tillion","site":"Ecole Primaire","num_canton":"7"}},{"type":"Feature","geometry":{"coordinates":[[[-1.51884206201406,47.2703334664136],[-1.51829580359455,47.2705758155744],[-1.51688265346669,47.2712755299323],[-1.5159508666959,47.2719466356608],[-1.51551654034236,47.2722051201398],[-1.51516097060746,47.2725980531536],[-1.51434095118972,47.2722915539843],[-1.51402478101561,47.2725598708801],[-1.51247668174377,47.2721120653456],[-1.51166189260674,47.2722613344449],[-1.51005675902455,47.2718909249452],[-1.510498772731,47.271189537579],[-1.51164559682658,47.2694693834435],[-1.51359294308795,47.2665169427598],[-1.51626995571912,47.2681171529601],[-1.51684094720382,47.2684720349514],[-1.51794037123904,47.2690426124015],[-1.51747339097713,47.2694663870359],[-1.51754098342224,47.2696587572715],[-1.51855433116302,47.270184256983],[-1.51884206201406,47.2703334664136]]],"type":"Polygon"},"properties":{"gid":"6239","idbureau":"1090772","commune":"Nantes","code_insee":"44109","numero_bureau":"772","lien_lieu_vote":"109056","nom":"Germaine Tillion","site":"Ecole Primaire","num_canton":"7"}},{"type":"Feature","geometry":{"coordinates":[[[-1.54949972516449,47.208599566991],[-1.5497441609731,47.208731289807],[-1.54992505013508,47.2089580198371],[-1.54972861828589,47.2089795909407],[-1.54893214223983,47.2090671510419],[-1.54849360319975,47.20922028053],[-1.547873162148,47.2094369114076],[-1.54720791693267,47.2095880388637],[-1.54719217337437,47.2096497234046],[-1.54708434976072,47.2101383721042],[-1.54703397766927,47.2103494792235],[-1.54679972810824,47.2110104550066],[-1.54672245897343,47.2114811395973],[-1.54662513143393,47.2119706918446],[-1.5466586235583,47.2120150474441],[-1.54663953296893,47.2121108959785],[-1.54659406037793,47.212127198112],[-1.54656383235435,47.2122790773231],[-1.54640106745708,47.2128723451602],[-1.54491309338868,47.2134740399517],[-1.542599207649,47.2143986382553],[-1.54162470902541,47.2136536646987],[-1.54089431684432,47.2130952834958],[-1.54086771168692,47.213076544434],[-1.54080312461251,47.2130245917558],[-1.54072014320327,47.2129578418573],[-1.5406286811388,47.2128842709429],[-1.53933581283363,47.2118442722207],[-1.53860133022281,47.2112534203408],[-1.53871510217864,47.211234643749],[-1.54212536696434,47.2101188328006],[-1.54213904552903,47.2101143198601],[-1.54359287377442,47.2096385548647],[-1.54889574768217,47.2079029879193],[-1.54903342587947,47.2078769109968],[-1.54949972516449,47.208599566991]]],"type":"Polygon"},"properties":{"gid":"5990","idbureau":"1090332","commune":"Nantes","code_insee":"44109","numero_bureau":"332","lien_lieu_vote":"109016","nom":"Emile P\u00e9hant","site":"Ecole Elementaire","num_canton":"3"}},{"type":"Feature","geometry":{"coordinates":[[[-1.49788882590185,47.2363303623089],[-1.49342914081615,47.2341176216693],[-1.49455600240005,47.2336028074403],[-1.4959299019544,47.2329751054183],[-1.49602174345173,47.2329336859938],[-1.49619145697268,47.2328423030884],[-1.49638374356128,47.2327573249201],[-1.4963838405091,47.2327572823815],[-1.49661471422067,47.2326004598555],[-1.49661714939563,47.2326003636435],[-1.4966286896821,47.2325999065581],[-1.49662882153105,47.2325999013976],[-1.49693055536461,47.2324502710541],[-1.4978130851716,47.2331409026647],[-1.49805644949476,47.2330440060942],[-1.50031028276937,47.2316444476337],[-1.50032240776036,47.231640170299],[-1.50047736745208,47.2315847584329],[-1.50049438347671,47.2315725135386],[-1.50256232057428,47.2326112650181],[-1.50279640299188,47.2327093872348],[-1.5030253226984,47.232862714283],[-1.50488925912902,47.2338335834673],[-1.50517089634932,47.2338039362306],[-1.50540339787833,47.2339039058609],[-1.50527696719584,47.2339901707858],[-1.50383118488633,47.2349763584463],[-1.50362156264563,47.234870937621],[-1.50337682005138,47.2347478622431],[-1.50298114128205,47.2348266101192],[-1.5029566303169,47.2348314776744],[-1.50270172339572,47.2352097711759],[-1.50280179127051,47.2353769310609],[-1.50281061921296,47.2355975670167],[-1.50195822578493,47.2369411600272],[-1.50100609577734,47.2365391885894],[-1.50028786336187,47.2362472320452],[-1.49934125302331,47.237065351585],[-1.49788882590185,47.2363303623089]]],"type":"Polygon"},"properties":{"gid":"6183","idbureau":"1090736","commune":"Nantes","code_insee":"44109","numero_bureau":"736","lien_lieu_vote":"109040","nom":"Maurice Mac\u00e9","site":"Ecole Maternelle","num_canton":"7"}},{"type":"Feature","geometry":{"coordinates":[[[[-1.48868833043285,47.2450916149525],[-1.48866962106525,47.2450841995868],[-1.48866951837245,47.2450841585468],[-1.48866204863852,47.2450811985199],[-1.48863427461883,47.2450467829982],[-1.48861540426665,47.2450311727821],[-1.48860374863436,47.2450215271118],[-1.48860369632107,47.2450214872575],[-1.48856942317191,47.245006205659],[-1.48856617040139,47.2450047547166],[-1.48846261181993,47.2450069050982],[-1.48846004459054,47.2450063827632],[-1.48844473659035,47.2450032657503],[-1.48842063149585,47.2449983478984],[-1.48835194002156,47.2449706933606],[-1.48835048551985,47.2449701077397],[-1.4883501657578,47.2449699715599],[-1.48828064317622,47.244940303216],[-1.48822040359898,47.2449132870969],[-1.48818802889873,47.2448916691211],[-1.48812881436142,47.2448782048825],[-1.48808598300329,47.244868464421],[-1.48808589772532,47.2448684416218],[-1.48807057444168,47.2448624716128],[-1.48805334098373,47.2448557526681],[-1.48804381512647,47.2448479848471],[-1.48798471354535,47.2447997735131],[-1.48793885755485,47.2447910224178],[-1.48788197798301,47.2447764360953],[-1.48788169532015,47.2447763633392],[-1.48784192484063,47.2447661554562],[-1.4877397382065,47.2447128211922],[-1.48763357604894,47.2446396829016],[-1.4875969242233,47.2446570584523],[-1.4875733365352,47.2446605285867],[-1.48757318491606,47.2446605507261],[-1.48757278243248,47.2446606105939],[-1.4875497715532,47.2446510230769],[-1.48754847289011,47.2446504809172],[-1.48751359961352,47.2446384832671],[-1.48745742949412,47.2446191512763],[-1.48739260882411,47.2446049892571],[-1.48735152663157,47.2445959983607],[-1.48734737761398,47.244592906779],[-1.48732728927148,47.2445778629228],[-1.48728371518642,47.2445452183087],[-1.48721447391028,47.2445321541664],[-1.48718807107271,47.2445266256958],[-1.48714958608957,47.244518559581],[-1.4871126086708,47.2445024226795],[-1.48704986481853,47.2444676666644],[-1.48704624827567,47.2444653201518],[-1.48702122169011,47.2444490607696],[-1.48702108545839,47.2444489985122],[-1.48693111685049,47.2444006836539],[-1.48691653450592,47.2443942178396],[-1.48688905623842,47.244374972657],[-1.4868854862753,47.244372472048],[-1.48687581542685,47.244360763315],[-1.48687263106256,47.2443569075265],[-1.48686004791039,47.2443455065254],[-1.48681477266804,47.2443044846762],[-1.48679114051547,47.2442866660931],[-1.48678752645128,47.2442839401452],[-1.4867874296942,47.2442830266806],[-1.48678563372599,47.2442130848306],[-1.48672379644474,47.2442062084863],[-1.48658498176227,47.2442091072711],[-1.48657627974306,47.2442085432982],[-1.48654588968305,47.2442065401915],[-1.48653690343639,47.2442059476676],[-1.4865366905403,47.2442059334541],[-1.48648799402779,47.2442027231812],[-1.48646590135103,47.2441957233944],[-1.48644032681202,47.2441875990098],[-1.48644014375233,47.2441875620066],[-1.48641750745975,47.2441776253735],[-1.48641333331144,47.2441486798629],[-1.48641681679011,47.2441269724497],[-1.48641693309663,47.2441262479908],[-1.48642244169324,47.2440920237795],[-1.48642997399334,47.2440577917389],[-1.48643002867424,47.2440575454266],[-1.48643805882965,47.2440211332922],[-1.48644461895357,47.2439530372793],[-1.48645034162513,47.2438937904795],[-1.48645348686446,47.2438716962135],[-1.48645378211528,47.2438696240445],[-1.48646945388613,47.2437595125415],[-1.48648850781142,47.2436256900847],[-1.48650432357309,47.2434991860183],[-1.4865085329681,47.2433931432331],[-1.4865091970357,47.2433764672817],[-1.48651446904708,47.2431074859502],[-1.48651703883652,47.2430210377682],[-1.48651861774209,47.242968128351],[-1.48650434725721,47.2428850434448],[-1.48646397467954,47.2427367812025],[-1.48635114711293,47.2424514178286],[-1.48629594272682,47.24231743108],[-1.48624255160475,47.2421956292494],[-1.48621592540831,47.2420978309313],[-1.48621503099851,47.2420179423017],[-1.48622409212148,47.2419654102288],[-1.48623218759755,47.2419185229283],[-1.48626353352829,47.2418254478081],[-1.48626521130358,47.2418204672167],[-1.48626917830532,47.2418116399776],[-1.48632672612915,47.2416836290943],[-1.4863739824266,47.2415837282853],[-1.48638703502549,47.2415561383796],[-1.48644601322933,47.2414267686781],[-1.48650333777379,47.2413050420152],[-1.4865489836537,47.2412081160887],[-1.48654930018712,47.2412074441796],[-1.48656812614999,47.2411674676925],[-1.48660486192378,47.2411151362474],[-1.48660581761835,47.2411137744255],[-1.48665639778441,47.241041769136],[-1.48670473636763,47.2409941510805],[-1.4867179525096,47.240981142326],[-1.48678414247023,47.2409214517539],[-1.48680527840823,47.240902394212],[-1.48691290195193,47.2408227957629],[-1.48693995368275,47.2408050650613],[-1.48694703555595,47.2408004095412],[-1.48706262750111,47.2407243958082],[-1.48719619395942,47.2406365667767],[-1.48718485703507,47.2405988249511],[-1.48715025024436,47.2404835792196],[-1.48711498088987,47.240352401297],[-1.48711474385709,47.2403514716851],[-1.48711467644033,47.2403512995188],[-1.48703822407752,47.2400881546176],[-1.48692067076816,47.2396630461447],[-1.48685782201002,47.2394241156937],[-1.4867897672129,47.239186199428],[-1.48677069663326,47.2391159433212],[-1.48674681528833,47.239027940158],[-1.48675857377219,47.2389542339627],[-1.48675858847751,47.238954141484],[-1.48667434298024,47.2386543262365],[-1.48666751898122,47.238610983078],[-1.48666748608535,47.2386011631872],[-1.48667496950955,47.238569143171],[-1.4866750724669,47.2385687003514],[-1.48671632236125,47.2384960888179],[-1.48673569421955,47.2384653282296],[-1.48682892770137,47.2383212149758],[-1.48683215514555,47.2383162261109],[-1.48695501587382,47.2381177078801],[-1.48703158507673,47.2380026301694],[-1.48711033695307,47.2378930535124],[-1.48717122173469,47.2377928243991],[-1.48726851808804,47.2375971061308],[-1.48727472945268,47.23757974406],[-1.4873019830572,47.2374870453558],[-1.48730978316102,47.2374416029317],[-1.48731022155599,47.2374390476203],[-1.48731058077856,47.2374369504191],[-1.48731414273911,47.2374162003398],[-1.48731519726045,47.2374020130484],[-1.48730677488692,47.2373695446357],[-1.48728562447357,47.2373194626874],[-1.4872710990588,47.2373009282177],[-1.4872507070202,47.237280280195],[-1.49018135839594,47.2356012731974],[-1.49342914081615,47.2341176216693],[-1.49788882590185,47.2363303623089],[-1.49934125302331,47.237065351585],[-1.50028786336187,47.2362472320452],[-1.50100609577734,47.2365391885894],[-1.50195822578493,47.2369411600272],[-1.50281061921296,47.2355975670167],[-1.50280179127051,47.2353769310609],[-1.50270172339572,47.2352097711759],[-1.5029566303169,47.2348314776744],[-1.50298114128205,47.2348266101192],[-1.50337682005138,47.2347478622431],[-1.50362156264563,47.234870937621],[-1.50383118488633,47.2349763584463],[-1.50527696719584,47.2339901707858],[-1.50594107488093,47.2341747418325],[-1.50623184615029,47.2343145607752],[-1.50594879933952,47.2346744325946],[-1.50589885775293,47.2348794637755],[-1.50582673597272,47.2351751172339],[-1.5056627952621,47.2358475139635],[-1.50570754534474,47.2359293330641],[-1.50640870324058,47.2359665837809],[-1.50661094581886,47.235967319198],[-1.50702362870682,47.2359687827529],[-1.50793313635101,47.2359721470259],[-1.50786473156982,47.2360562083148],[-1.50785792689959,47.2360646297052],[-1.5078182602245,47.2361989794535],[-1.50753546280363,47.2371567912458],[-1.50743790838082,47.2375861395739],[-1.50736849552312,47.2380794901286],[-1.50538433304372,47.2383577193207],[-1.50496218856172,47.2384143838365],[-1.50455356422859,47.2385250808257],[-1.5036319136706,47.2389075716154],[-1.50174171091181,47.2397623502967],[-1.50140726165495,47.2399319078514],[-1.50097998409053,47.2402879186992],[-1.50059962183652,47.2405457353576],[-1.50153809603872,47.2418290842953],[-1.50237263888638,47.2429702603648],[-1.50326265751816,47.2434669663126],[-1.50336114976436,47.2435401539594],[-1.50436623304796,47.2441249745111],[-1.50337730673858,47.2449221031726],[-1.50332563205347,47.2449631854026],[-1.50324067042647,47.2450306793879],[-1.50318437122848,47.2450754270707],[-1.50249797390035,47.2456213719288],[-1.50200834467348,47.2459622628008],[-1.5014174812429,47.2458805108606],[-1.50043748735316,47.2445612548984],[-1.50033061185752,47.2445961476937],[-1.4980220848464,47.2455688873996],[-1.49767442885407,47.245715362616],[-1.49603044228356,47.246396582627],[-1.49589274882421,47.2464536662257],[-1.4950564905729,47.2464429889759],[-1.4913764052611,47.2473039966003],[-1.49135540386399,47.2472822908278],[-1.49134763200025,47.2472742447596],[-1.49130252055718,47.2472320359264],[-1.49123458566285,47.2471684646052],[-1.49120016232561,47.2471295736845],[-1.49117315604042,47.2470990562574],[-1.49115595052686,47.2470790239817],[-1.49111153471071,47.247027292883],[-1.49105200217118,47.2469375291409],[-1.49104517174757,47.2469272288382],[-1.49099739026051,47.2468551696298],[-1.49095173972404,47.2467955036396],[-1.49078047049355,47.2466018083815],[-1.49076367681106,47.2465863137495],[-1.49065952008023,47.2464901952255],[-1.49064895817283,47.2464665145143],[-1.4906288468593,47.2464214012297],[-1.49055546426769,47.2463503945355],[-1.49051779082227,47.2463139361704],[-1.49051708759746,47.2463134734914],[-1.49037572582126,47.2462204520308],[-1.49016970608661,47.2460506079676],[-1.49015461048588,47.2460381608544],[-1.49013354537047,47.2460264434504],[-1.4900806181974,47.2459969953673],[-1.48997696269556,47.2459916747144],[-1.48995412212555,47.2459859896377],[-1.48992836759012,47.2459605607016],[-1.48989856583646,47.2459311154364],[-1.48980660655573,47.2459079460563],[-1.48972300151437,47.2458670739323],[-1.48969957271216,47.2458408530879],[-1.48969677175355,47.2458377143215],[-1.48967392739576,47.2458121166744],[-1.48962829863881,47.2457859747462],[-1.4895832304818,47.2457609894414],[-1.48954934456193,47.2457360844431],[-1.48932912934676,47.2455813496847],[-1.48932890680322,47.2455812367401],[-1.48931460388768,47.2455742683316],[-1.48926701152636,47.2455510583331],[-1.48923968122611,47.2455336657951],[-1.48923799355683,47.2455325901253],[-1.48923238532246,47.2455212733844],[-1.48923039821614,47.2455172558508],[-1.48922691684927,47.2455101863512],[-1.48922275634334,47.2454860136879],[-1.48922059377297,47.2454841801865],[-1.4892125044039,47.2454773213339],[-1.48920273330547,47.2454759910946],[-1.48919667862491,47.2454762276209],[-1.48918954209453,47.2454764856858],[-1.48916046045701,47.2454733914406],[-1.48913547215895,47.2454624064866],[-1.48909205401657,47.2454026094091],[-1.48906240421662,47.2453617176988],[-1.48904514702458,47.2453219402994],[-1.48904497546234,47.2453218199567],[-1.48900379207026,47.2452912242829],[-1.48897333133764,47.2452789303372],[-1.4889656992294,47.2452758496268],[-1.48894913408718,47.2452456843508],[-1.48892728541723,47.2452297787539],[-1.48892482405773,47.2452291468731],[-1.48887912559277,47.2452174030811],[-1.4888375562239,47.2452118267818],[-1.48881826124263,47.2451999733375],[-1.48881850440923,47.2451761779749],[-1.48881680412635,47.2451741302858],[-1.48879597606451,47.2451490402947],[-1.48876163134085,47.2451292978656],[-1.48875592687779,47.2451269843043],[-1.4887519064282,47.2451253420015],[-1.48868833043285,47.2450916149525]]],[[[-1.49160141511425,47.2473479412812],[-1.49159370606205,47.2473426345969],[-1.49162932059459,47.2473668308677],[-1.49177938236683,47.2474721415087],[-1.49163033228281,47.2473676247756],[-1.49160141511425,47.2473479412812]]],[[[-1.49217947997838,47.2478104592658],[-1.49203035622597,47.2476815136302],[-1.49217955359588,47.2478104221491],[-1.49217947997838,47.2478104592658]]]],"type":"MultiPolygon"},"properties":{"gid":"6019","idbureau":"1090733","commune":"Nantes","code_insee":"44109","numero_bureau":"733","lien_lieu_vote":"109040","nom":"Maurice Mac\u00e9","site":"Ecole Maternelle","num_canton":"7"}},{"type":"Feature","geometry":{"coordinates":[[[-1.54563638762786,47.2263355508831],[-1.54615736826684,47.2254980330026],[-1.54640649623726,47.2251122592458],[-1.54664069082562,47.2248048110065],[-1.54674497610245,47.224667904479],[-1.54546312610257,47.223927398946],[-1.5453456651866,47.2238681172049],[-1.54535254630582,47.2237207231187],[-1.5453544312052,47.2236775216381],[-1.54561443775218,47.2233068703668],[-1.54607171719815,47.2227269283894],[-1.54774903746044,47.2214391996825],[-1.54781762762478,47.2214862463929],[-1.54809046787903,47.2212617904768],[-1.548983949365,47.2220215764139],[-1.54899590893982,47.2220934082506],[-1.54917480185347,47.2221992399491],[-1.54902576953983,47.2222752339211],[-1.5483937711212,47.2226314961589],[-1.54822840043789,47.2227902738736],[-1.55000437433822,47.2236823409001],[-1.55073735811803,47.2238681146345],[-1.55083828598492,47.2239416270705],[-1.54953780322662,47.224765638803],[-1.54938285639397,47.2248749787994],[-1.54904921566498,47.2250943723548],[-1.54938123168715,47.2253350113926],[-1.54938477176654,47.2254856661241],[-1.54892530420628,47.2258095448083],[-1.54840442506664,47.2255115888124],[-1.54690171889482,47.226481446829],[-1.54676005198822,47.2264514539902],[-1.54663029232265,47.2265363434846],[-1.54563638762786,47.2263355508831]]],"type":"Polygon"},"properties":{"gid":"6098","idbureau":"1090134","commune":"Nantes","code_insee":"44109","numero_bureau":"134","lien_lieu_vote":"109006","nom":"Sully","site":"Ecole Maternelle","num_canton":"1"}},{"type":"Feature","geometry":{"coordinates":[[[-1.54029216071116,47.2183498254531],[-1.5403732414642,47.2185056834827],[-1.5407839057263,47.2193530972904],[-1.54089540224005,47.2195654198448],[-1.54164722192235,47.2206507484565],[-1.54308110201964,47.2216045857184],[-1.53960290526517,47.2231119569399],[-1.53966734097502,47.2231874289438],[-1.53831995655302,47.2237583580397],[-1.53820020987985,47.2236547507587],[-1.53700578811575,47.2223446945523],[-1.53738682067605,47.2221768853634],[-1.53748012753661,47.2221381724402],[-1.53732632695822,47.2220132857885],[-1.53687539043842,47.222201637492],[-1.53623776717618,47.2215021624912],[-1.53631065363908,47.2214187434226],[-1.53688951015419,47.2211365701908],[-1.53742002548347,47.2209280722195],[-1.53721511739793,47.2208697493928],[-1.53711665964566,47.220848287256],[-1.53670241207884,47.2202101253306],[-1.53566093355185,47.2201388344039],[-1.53528757096201,47.2192760327462],[-1.53548436941624,47.2192408387525],[-1.53668480220073,47.2190261524249],[-1.53695950270349,47.2189712577424],[-1.53826243946723,47.218711847532],[-1.53845817952077,47.2186711296388],[-1.53847055617732,47.2186685546145],[-1.53852508317516,47.2186582858934],[-1.53863996991046,47.2186366501578],[-1.53879709111416,47.2185993004121],[-1.53882178568067,47.2185934299545],[-1.54029216071116,47.2183498254531]]],"type":"Polygon"},"properties":{"gid":"6086","idbureau":"1090123","commune":"Nantes","code_insee":"44109","numero_bureau":"123","lien_lieu_vote":"109012","nom":"Stalingrad","site":"Groupe Scolaire","num_canton":"1"}},{"type":"Feature","geometry":{"coordinates":[[[-1.54346210361982,47.223697541465],[-1.54332824064685,47.2234613847921],[-1.54367898552197,47.2232261261927],[-1.54393723609253,47.2227582657366],[-1.54408223952961,47.2222674706442],[-1.54420667515569,47.221967050922],[-1.54509130485168,47.2208667268054],[-1.54521724062021,47.2208222251935],[-1.54586426813963,47.2205237512425],[-1.54497939885541,47.2198671417813],[-1.54804860779556,47.2177669053758],[-1.54814631511802,47.2168835433894],[-1.55020876373343,47.2167912719163],[-1.55031242012697,47.2170002768478],[-1.55034504119244,47.2174108960818],[-1.55066282015153,47.2178119571171],[-1.55079666357984,47.218129393712],[-1.5504222764388,47.2188072307693],[-1.55055249437264,47.2190300545215],[-1.54875209970032,47.2193892352601],[-1.54883302462171,47.2194950400169],[-1.54919500743771,47.219486168233],[-1.54944363974419,47.2197606009112],[-1.54947353574101,47.2197991359481],[-1.54949192699598,47.2198229202074],[-1.54955347155919,47.2199022681238],[-1.54845290287535,47.2209165998988],[-1.54836638540536,47.2208666438836],[-1.54800878840602,47.2211983473329],[-1.54774903746044,47.2214391996825],[-1.54607171719815,47.2227269283894],[-1.54561443775218,47.2233068703668],[-1.5453544312052,47.2236775216381],[-1.54535254630582,47.2237207231187],[-1.5453456651866,47.2238681172049],[-1.54522941379731,47.2238094443705],[-1.54481633020004,47.2243098966226],[-1.54346210361982,47.223697541465]]],"type":"Polygon"},"properties":{"gid":"6031","idbureau":"1090121","commune":"Nantes","code_insee":"44109","numero_bureau":"121","lien_lieu_vote":"109012","nom":"Stalingrad","site":"Groupe Scolaire","num_canton":"1"}},{"type":"Feature","geometry":{"coordinates":[[[-1.58345516150145,47.215799205552],[-1.58359846725417,47.2158444133688],[-1.58369476315408,47.2157622342933],[-1.5839200876767,47.2155700213122],[-1.5842238702549,47.2157378472297],[-1.58501182566142,47.2159788187166],[-1.58514690625434,47.2160272743989],[-1.58501940967764,47.2162085981317],[-1.58496046557745,47.2163098610085],[-1.5845918911349,47.2168257099547],[-1.58451374055166,47.2169931956832],[-1.58426806162388,47.2174056918684],[-1.58389939286474,47.2178031017743],[-1.58353147029915,47.2179563019153],[-1.58345240629797,47.2182485670175],[-1.58328656166878,47.2188433502066],[-1.58315160882588,47.2193580031462],[-1.58300750128303,47.2199211547729],[-1.58295880396779,47.2201262737775],[-1.58266505905197,47.2200831232252],[-1.58175854822948,47.2199569471383],[-1.58172514631087,47.2200695915727],[-1.58151403767733,47.2200337096486],[-1.58155755870568,47.2199148712204],[-1.58070619790111,47.2197871746376],[-1.5807800933288,47.2196209171386],[-1.58104180777018,47.2190532351429],[-1.58151566686443,47.2180986055978],[-1.58185107558748,47.2173387227136],[-1.58131709325887,47.2170493779587],[-1.5814120266932,47.2169683322009],[-1.58304129480403,47.2155776600823],[-1.58345516150145,47.215799205552]]],"type":"Polygon"},"properties":{"gid":"6182","idbureau":"1090546","commune":"Nantes","code_insee":"44109","numero_bureau":"546","lien_lieu_vote":"109020","nom":"Fraternit\u00e9","site":"Ecole El\u00e9mentaire","num_canton":"5"}},{"type":"Feature","geometry":{"coordinates":[[[-1.59178533858349,47.2218585189844],[-1.59030802116241,47.2219053394572],[-1.58771895647609,47.2220621380691],[-1.58573000583669,47.2222229621174],[-1.58536841264011,47.2223383908857],[-1.58545999780258,47.2221610828786],[-1.58663807450374,47.2200955988763],[-1.58667638080955,47.220028455834],[-1.5872594019457,47.2190061367624],[-1.58728271479841,47.2189652591196],[-1.58746932678652,47.2186380765899],[-1.58765732665951,47.2183083286466],[-1.58780347271248,47.2178856108282],[-1.58764715727565,47.2176125228702],[-1.58799988329593,47.2175911482856],[-1.58802313359883,47.217601794981],[-1.58833822555421,47.2177467983973],[-1.58958509645147,47.2182148520944],[-1.58965382474407,47.218221787007],[-1.59041284280284,47.2190963632361],[-1.59030593767634,47.219248259341],[-1.59027755125228,47.2192884970261],[-1.59017842031421,47.219429233042],[-1.59071987735555,47.2200771212017],[-1.59085958121212,47.2200225534554],[-1.59128017110125,47.2205328797479],[-1.591820986013,47.221204117759],[-1.59222248252832,47.2215100034466],[-1.59210556617868,47.2217398851654],[-1.59181931482775,47.2218459212785],[-1.59178533858349,47.2218585189844]]],"type":"Polygon"},"properties":{"gid":"6173","idbureau":"1090511","commune":"Nantes","code_insee":"44109","numero_bureau":"511","lien_lieu_vote":"109047","nom":"Grand Carcouet","site":"Ecole Elementaire","num_canton":"5"}},{"type":"Feature","geometry":{"coordinates":[[[-1.57344670696645,47.2415803263799],[-1.57369272873794,47.2416132351717],[-1.57378141490209,47.2416250891788],[-1.57644429766476,47.2416361833462],[-1.57644608417494,47.2412917880109],[-1.57712251733651,47.241294596283],[-1.57725126211606,47.2417111141424],[-1.57731796687939,47.241926815892],[-1.57785972818039,47.2421351339515],[-1.57799134435641,47.2423305267297],[-1.57703090835061,47.2427468193261],[-1.57733313650286,47.243027123646],[-1.57726609422082,47.2433617475461],[-1.57535429818492,47.2441255490305],[-1.57523486530516,47.2439699991094],[-1.57434047655953,47.2442735114908],[-1.57369526052182,47.244662056834],[-1.57315511409493,47.2451509745583],[-1.57306464349576,47.245127383096],[-1.57292048530483,47.2451148893555],[-1.57277791354386,47.2451241348654],[-1.57272768771061,47.2451317824307],[-1.57259530272248,47.2451519372145],[-1.57251018303133,47.2451635601987],[-1.57236618576162,47.2451532183514],[-1.57224007694015,47.2451271426369],[-1.57134764810466,47.2451573834794],[-1.5709756260845,47.2452068317827],[-1.57091558899644,47.2450984393878],[-1.5708765910758,47.2450280682482],[-1.57079920713515,47.2449699828827],[-1.57074366067777,47.2449501573406],[-1.57066614012776,47.2449354913515],[-1.57052880289617,47.2448425110353],[-1.5702580670781,47.2448408767291],[-1.57015695893856,47.2448074626601],[-1.57002010578586,47.2447210377057],[-1.56988197727635,47.2446606855932],[-1.56976408341424,47.2445713690028],[-1.56967344638772,47.2444205131627],[-1.5695419751346,47.2443209404867],[-1.56944213696634,47.2442613656722],[-1.56945703133207,47.2442552750002],[-1.5713190156145,47.2433986909924],[-1.57251517237728,47.2428483696052],[-1.57236753541273,47.2424641853067],[-1.5724726095563,47.2418840056931],[-1.57344670696645,47.2415803263799]]],"type":"Polygon"},"properties":{"gid":"6134","idbureau":"1090634","commune":"Nantes","code_insee":"44109","numero_bureau":"634","lien_lieu_vote":"109030","nom":"Muloti\u00e8re","site":"Groupe Scolaire","num_canton":"6"}},{"type":"Feature","geometry":{"coordinates":[[[-1.57344670696645,47.2415803263799],[-1.5724726095563,47.2418840056931],[-1.57236753541273,47.2424641853067],[-1.57251517237728,47.2428483696052],[-1.5713190156145,47.2433986909924],[-1.56945703133207,47.2442552750002],[-1.56944213696634,47.2442613656722],[-1.569224751277,47.244162535591],[-1.56912064091234,47.2440879733524],[-1.56899248966895,47.2440337662733],[-1.56886289216718,47.2439145839091],[-1.56871513989872,47.2438545591043],[-1.56851498762501,47.2437724406174],[-1.56846891626867,47.2437501324226],[-1.56840026145945,47.2437264279199],[-1.56834582828712,47.2437217843649],[-1.56799931135333,47.2437291913681],[-1.56794376722851,47.243709364468],[-1.56777195531481,47.2436241258471],[-1.5677165800091,47.2436065439278],[-1.56759820612601,47.2435974935185],[-1.56728208802782,47.2435864875497],[-1.5672526314807,47.2435833404043],[-1.56725148511313,47.2435731145837],[-1.56718412310032,47.2429527507871],[-1.56717798680986,47.2423394173864],[-1.56728147269895,47.2419941054037],[-1.5674028351578,47.2417324929642],[-1.56753984869496,47.2414370219044],[-1.56757058690755,47.2413707718853],[-1.56758007592664,47.2408810234326],[-1.56782254076092,47.2405971125237],[-1.56889305344317,47.2408568314194],[-1.56891472291351,47.2408619484241],[-1.56937405916474,47.2401069317132],[-1.56982223194696,47.2393983152195],[-1.57077928635738,47.2388472745157],[-1.57192485544808,47.2399697965861],[-1.57215689278304,47.2402096197421],[-1.5727497232462,47.2408222541471],[-1.57293300403976,47.241017343888],[-1.57332739159163,47.2414371131769],[-1.57344670696645,47.2415803263799]]],"type":"Polygon"},"properties":{"gid":"6135","idbureau":"1090633","commune":"Nantes","code_insee":"44109","numero_bureau":"633","lien_lieu_vote":"109030","nom":"Muloti\u00e8re","site":"Groupe Scolaire","num_canton":"6"}},{"type":"Feature","geometry":{"coordinates":[[[-1.56357082707445,47.2150710840472],[-1.56336833754114,47.2144909563684],[-1.56349129684483,47.2144803990731],[-1.56531098797928,47.2144618659304],[-1.56541234065535,47.2143725106404],[-1.56554428006483,47.2143491321552],[-1.56572913497899,47.2144043003665],[-1.56610253882228,47.2144927143898],[-1.56636071398563,47.2145000032871],[-1.56637626602454,47.214499476826],[-1.56643073397456,47.214497635475],[-1.56719182968281,47.2144153894166],[-1.56690544177815,47.214641073211],[-1.56672617492922,47.2147930519181],[-1.56672236536961,47.21505438162],[-1.56579267637459,47.2159609641531],[-1.56584044745813,47.2159834005346],[-1.56740266565676,47.2168114310589],[-1.56726033669993,47.216868947676],[-1.56722323101609,47.2168839422259],[-1.56720708769184,47.2168904655709],[-1.56719008285712,47.2168973376512],[-1.56718850672546,47.2168979743192],[-1.56650417260123,47.2173172707291],[-1.56632650941371,47.2174225417953],[-1.56557980060928,47.217871324669],[-1.56437262446775,47.2181822091134],[-1.56331322983796,47.2184546329069],[-1.56245765725184,47.2179362619092],[-1.56235686258911,47.2178762243365],[-1.56263154877295,47.2176974609543],[-1.56268032199844,47.2176411395505],[-1.56252416151909,47.217493667567],[-1.56223974027568,47.2172060615092],[-1.562458014232,47.2171264432577],[-1.56257358637451,47.2170688541076],[-1.56249596324677,47.2170028294041],[-1.56255105236075,47.2169736923198],[-1.56256066853976,47.2169114907759],[-1.5628188974757,47.2167707167479],[-1.56361739722254,47.2160076603321],[-1.56390780033788,47.215952889225],[-1.56357082707445,47.2150710840472]]],"type":"Polygon"},"properties":{"gid":"6005","idbureau":"1090315","commune":"Nantes","code_insee":"44109","numero_bureau":"315","lien_lieu_vote":"109022","nom":"Andr\u00e9 Lermite","site":"Ecole Elementaire","num_canton":"3"}},{"type":"Feature","geometry":{"coordinates":[[[-1.51860181601786,47.2271250018516],[-1.51854070046816,47.2272664547874],[-1.51764989570378,47.2293281369623],[-1.51766675485655,47.2295438209556],[-1.51784537692688,47.2298263301791],[-1.51828777751239,47.2304592023041],[-1.51888039363079,47.2302332248988],[-1.51917566483314,47.2301233803232],[-1.51971629030894,47.2299247170248],[-1.51993862131679,47.2298907114732],[-1.5203315158892,47.2299520534055],[-1.52167853571768,47.2301654761105],[-1.52186354677902,47.2302303032376],[-1.52238243626525,47.2304121169312],[-1.52326765848264,47.2307526575937],[-1.52305765982635,47.2309484650759],[-1.52274484256192,47.2313998095233],[-1.52248232754813,47.2317878643243],[-1.52242381109249,47.2318785392636],[-1.52195002719538,47.2325945303049],[-1.52182597217157,47.2327820018207],[-1.5218162441898,47.2327978962772],[-1.521707799785,47.2329750948506],[-1.52163618058439,47.2330788410811],[-1.52131306214768,47.2335468939462],[-1.52117876424241,47.2337126027324],[-1.52066121127998,47.2342170832734],[-1.52032728111073,47.2345430329071],[-1.51903449983857,47.2356854302524],[-1.51887110034757,47.2354677125409],[-1.51736347014388,47.2348491929297],[-1.51728310783137,47.2349341955751],[-1.51629351675886,47.2345146000458],[-1.51540462522595,47.2341434130718],[-1.51540657581722,47.2341338015486],[-1.51542175506833,47.2340581803371],[-1.51551243246717,47.2336040117784],[-1.51559001793047,47.233351937724],[-1.51559281420791,47.2333430182959],[-1.51561714479243,47.2332641197517],[-1.51569013788554,47.2330272419983],[-1.51570289188021,47.2329857413152],[-1.51576836940264,47.232773069923],[-1.51600809729307,47.232196480744],[-1.51605854646174,47.2320045282772],[-1.51611127529669,47.2320004705248],[-1.51615597389549,47.2319969059244],[-1.51621886840167,47.2318548443211],[-1.51823143234682,47.2273086043809],[-1.51823340276156,47.2273041513886],[-1.51826986968526,47.2272219164327],[-1.51840839200258,47.2271856890361],[-1.51860181601786,47.2271250018516]]],"type":"Polygon"},"properties":{"gid":"6075","idbureau":"1090725","commune":"Nantes","code_insee":"44109","numero_bureau":"725","lien_lieu_vote":"109039","nom":"Urbain Le Verrier","site":"Ecole Maternelle","num_canton":"7"}},{"type":"Feature","geometry":{"coordinates":[[[-1.57014549904645,47.2274741883087],[-1.57012589261566,47.2275370899227],[-1.57007884063529,47.2276876549949],[-1.56994135613054,47.2278437216927],[-1.56944291719437,47.2292226283046],[-1.56884241541555,47.2291710951193],[-1.56879520478599,47.2291691792136],[-1.56875546876399,47.2292424920025],[-1.56874217985796,47.2292669874946],[-1.56866863327706,47.2293137068753],[-1.5686421960353,47.2293354939863],[-1.56854872433542,47.2293900026037],[-1.56841781922274,47.2294733314065],[-1.56840401194142,47.2294744328571],[-1.56798555725131,47.2296308200664],[-1.56768209642374,47.229741345856],[-1.56759824336843,47.2297755302534],[-1.5675051031927,47.2298110191617],[-1.5670538204772,47.2299832865693],[-1.5669568679633,47.230019170758],[-1.56754337592323,47.2306616785106],[-1.56759806398557,47.230717107524],[-1.56670426237157,47.2309591213549],[-1.56536246407907,47.2310997428351],[-1.56416183825054,47.2312216975319],[-1.56396276684835,47.2309831758733],[-1.56390527810639,47.2309218932018],[-1.56384292301165,47.2308302401566],[-1.56365566400106,47.2309025073286],[-1.56331705687406,47.2304802824156],[-1.56326294967959,47.2304127612394],[-1.56325598552489,47.2304043478753],[-1.5631707532614,47.2303052754925],[-1.56307163171809,47.2301899199121],[-1.56300589833708,47.2301135099506],[-1.56273030199256,47.2297882300407],[-1.56259850338969,47.2296326359054],[-1.56216146174008,47.2291459141361],[-1.56266226976037,47.22907791195],[-1.56426975923285,47.2288968995045],[-1.56552205540624,47.2287517558596],[-1.56564975899389,47.2286480860539],[-1.56562262602309,47.2285316464838],[-1.56607551276659,47.2285862991011],[-1.56670474644365,47.2282869586909],[-1.56736307520046,47.228147218732],[-1.56897141551507,47.2277519293741],[-1.56981504930232,47.2275516746788],[-1.57010325229036,47.2274840833466],[-1.57014549904645,47.2274741883087]]],"type":"Polygon"},"properties":{"gid":"6046","idbureau":"1090151","commune":"Nantes","code_insee":"44109","numero_bureau":"151","lien_lieu_vote":"109004","nom":"L\u00e9on Say","site":"Ecole Primaire","num_canton":"1"}},{"type":"Feature","geometry":{"coordinates":[[[-1.56490859879042,47.2245239909739],[-1.56543859212375,47.2248332724138],[-1.56593178473802,47.2250965085618],[-1.56687014939851,47.2254377160795],[-1.56721614364106,47.2255915437503],[-1.56726685649174,47.2256070326876],[-1.56741487439951,47.2256948823057],[-1.56743556338461,47.2257918153322],[-1.56795221444131,47.2261045064602],[-1.56809449486411,47.2261155418249],[-1.56821573687798,47.2262006951074],[-1.5682345603612,47.2263100290376],[-1.56833318627195,47.2264259407951],[-1.56971434387425,47.2274997821814],[-1.56981504930232,47.2275516746788],[-1.56897141551507,47.2277519293741],[-1.56736307520046,47.228147218732],[-1.56670474644365,47.2282869586909],[-1.56607551276659,47.2285862991011],[-1.56562262602309,47.2285316464838],[-1.56556970580847,47.2283463665603],[-1.56487959258272,47.2277818434182],[-1.56429545131669,47.2273377550385],[-1.56407148626415,47.2271946498124],[-1.56378399701205,47.2270381107804],[-1.56349169100566,47.2269098355607],[-1.56274404798093,47.2265314353694],[-1.56315469214866,47.2259432727579],[-1.56490859879042,47.2245239909739]]],"type":"Polygon"},"properties":{"gid":"6039","idbureau":"1090154","commune":"Nantes","code_insee":"44109","numero_bureau":"154","lien_lieu_vote":"109004","nom":"L\u00e9on Say","site":"Ecole Primaire","num_canton":"1"}},{"type":"Feature","geometry":{"coordinates":[[[-1.57344670696645,47.2415803263799],[-1.57332739159163,47.2414371131769],[-1.57293300403976,47.241017343888],[-1.5727497232462,47.2408222541471],[-1.57215689278304,47.2402096197421],[-1.57192485544808,47.2399697965861],[-1.57077928635738,47.2388472745157],[-1.57031507358541,47.2383924875646],[-1.57023306599686,47.2383054676178],[-1.57137856512968,47.2379428578219],[-1.5730760051814,47.2375868302671],[-1.57356017388804,47.2381045190363],[-1.57369546516834,47.2380575097594],[-1.57383168296906,47.2382058291261],[-1.57423880570678,47.2386481296771],[-1.57456502863256,47.2390328259625],[-1.57490718461051,47.2394292310136],[-1.57517919019647,47.2397163274133],[-1.57527316921751,47.2397101720952],[-1.57586664866002,47.2396712990037],[-1.57667657459888,47.2396696693643],[-1.57673168686604,47.2398643278292],[-1.57680165793882,47.2400669502038],[-1.57697736873118,47.2406122061428],[-1.57709567227536,47.2412078666439],[-1.57712251733651,47.241294596283],[-1.57644608417494,47.2412917880109],[-1.57644429766476,47.2416361833462],[-1.57378141490209,47.2416250891788],[-1.57369272873794,47.2416132351717],[-1.57344670696645,47.2415803263799]]],"type":"Polygon"},"properties":{"gid":"6133","idbureau":"1090621","commune":"Nantes","code_insee":"44109","numero_bureau":"621","lien_lieu_vote":"109028","nom":"Longchamp","site":"Ecole Maternelle","num_canton":"6"}},{"type":"Feature","geometry":{"coordinates":[[[-1.56068254724403,47.215707652038],[-1.56065076018685,47.2155198543304],[-1.55918492984774,47.2157510720731],[-1.55910687850116,47.2157629866655],[-1.55900289560868,47.2157764766439],[-1.55906590231193,47.2156540410607],[-1.55901499228773,47.2154703993138],[-1.55940398323026,47.2148759526761],[-1.55938042838165,47.2146395039966],[-1.55932703288297,47.2145271047935],[-1.55927978074136,47.2142811047145],[-1.56055249780421,47.2139689551819],[-1.56061444278973,47.2141823957878],[-1.56195202304784,47.2140168293207],[-1.56199514373952,47.213421997091],[-1.56199585306653,47.2134117092067],[-1.56200725354484,47.2132543330922],[-1.5625050443803,47.2132666793476],[-1.56280150244305,47.2132686569911],[-1.56399824809903,47.2137324910101],[-1.56444084331048,47.2139102230591],[-1.56504992578302,47.214122052952],[-1.56554428006483,47.2143491321552],[-1.56541234065535,47.2143725106404],[-1.56531098797928,47.2144618659304],[-1.56349129684483,47.2144803990731],[-1.56336833754114,47.2144909563684],[-1.56357082707445,47.2150710840472],[-1.56390780033788,47.215952889225],[-1.56361739722254,47.2160076603321],[-1.5628188974757,47.2167707167479],[-1.56256066853976,47.2169114907759],[-1.56255105236075,47.2169736923198],[-1.56249596324677,47.2170028294041],[-1.56165642951405,47.2162887171992],[-1.56098288943917,47.2156840765226],[-1.56098249820888,47.2156841100813],[-1.56080620191579,47.2156993282416],[-1.56075252967804,47.2157029410356],[-1.56068254724403,47.215707652038]]],"type":"Polygon"},"properties":{"gid":"6034","idbureau":"1090323","commune":"Nantes","code_insee":"44109","numero_bureau":"323","lien_lieu_vote":"109015","nom":"Ch\u00eane d'Aron","site":"Ecole Elementaire","num_canton":"3"}},{"type":"Feature","geometry":{"coordinates":[[[-1.53507357171516,47.2426232599051],[-1.53460012184697,47.2426309581152],[-1.53433687223774,47.2426502416882],[-1.5340439926326,47.2426310707765],[-1.53382978624906,47.2426025038203],[-1.53372121520908,47.2425697605177],[-1.53216212311885,47.2416857456827],[-1.53166845282858,47.2414228311897],[-1.53151504347853,47.2413296238695],[-1.53048084377979,47.2407334844651],[-1.53034253033235,47.2406477872933],[-1.53052127411713,47.2404845312343],[-1.53061262695066,47.2404038530761],[-1.53061813410544,47.2403988792648],[-1.53103269191165,47.2398330506221],[-1.53103559037987,47.2398291717184],[-1.53108758188843,47.2397597919762],[-1.53109021847962,47.2397562721057],[-1.53111119878058,47.2397281914595],[-1.5311169983312,47.2397204335437],[-1.53121787443026,47.2395857061353],[-1.53146805644564,47.2392515681166],[-1.53185304989709,47.2387373535094],[-1.53243538090811,47.2379595414242],[-1.53253198527913,47.2378471398173],[-1.53537561008553,47.2388516764113],[-1.53656657934412,47.2392692207138],[-1.53723471793537,47.2394922941575],[-1.53746571126393,47.2392726129392],[-1.53794657645608,47.2390243549626],[-1.53825498347316,47.2388491669538],[-1.5385182513865,47.2385018511263],[-1.53865140162238,47.2384869267947],[-1.53871622187336,47.2383922518305],[-1.53901663646186,47.2385065355028],[-1.53858723715693,47.2399105179065],[-1.53883432335106,47.2406723719307],[-1.54023534266841,47.2411021842424],[-1.5405917097393,47.2420958888662],[-1.54044242456793,47.2420729674802],[-1.54044204921597,47.2420729102273],[-1.54005414571665,47.2419871474692],[-1.53953349459924,47.2418635077407],[-1.53932719454068,47.2418145162078],[-1.53868781642872,47.2415654437932],[-1.53828934108601,47.2413628534413],[-1.53816964108004,47.2411691796411],[-1.53798775058093,47.2412105972499],[-1.53781825739652,47.2412613239748],[-1.53781791676322,47.2412614257309],[-1.53769270001284,47.2413384968778],[-1.53697172791379,47.2417851277343],[-1.53647645609507,47.2420813284841],[-1.53588201777549,47.2424437234165],[-1.53554640794301,47.2425632523867],[-1.53507357171516,47.2426232599051]]],"type":"Polygon"},"properties":{"gid":"6118","idbureau":"1090275","commune":"Nantes","code_insee":"44109","numero_bureau":"275","lien_lieu_vote":"109034","nom":"Port Boyer","site":"Ecole Maternelle","num_canton":"2"}},{"type":"Feature","geometry":{"coordinates":[[[-1.56148873292156,47.2390012946628],[-1.56132712608576,47.2391719420977],[-1.56113227694576,47.2393717250557],[-1.56108113599104,47.2394241603968],[-1.56088287981688,47.2395801038614],[-1.56081921264925,47.2396301717731],[-1.56052585342532,47.2397932009774],[-1.56022074741428,47.2399075401884],[-1.56007668761204,47.2399614948184],[-1.56011522366857,47.2398695841115],[-1.56032162845662,47.2395205303097],[-1.56045538242865,47.2389747041054],[-1.56058053822582,47.2385160815244],[-1.56075361903306,47.2379547873306],[-1.56088186374385,47.2375186656818],[-1.56135651551358,47.2369036714404],[-1.56174467055437,47.2363848162412],[-1.56091592757064,47.2360930030946],[-1.55927960983139,47.2357721732792],[-1.55683564843843,47.2350524892174],[-1.55684445127204,47.23360173987],[-1.55683188524308,47.2329875388526],[-1.55682938545308,47.2328605380326],[-1.556794028858,47.2310645189695],[-1.55690784073218,47.2310040253185],[-1.55719349441448,47.2308519787976],[-1.55838449379653,47.2304670625335],[-1.55847881689875,47.2315591914867],[-1.55817543137501,47.2317602026522],[-1.55774416530679,47.2323279702665],[-1.55817971428185,47.2328961746379],[-1.55832333755362,47.2330834375553],[-1.56029878746171,47.2334446963985],[-1.56149976342627,47.2337406842409],[-1.56155431862968,47.2336128351405],[-1.56168096712022,47.2336413409424],[-1.56326969542907,47.2340373258218],[-1.5633527202445,47.2341917724609],[-1.56334465604202,47.2341949302652],[-1.56334473124802,47.2342129443174],[-1.56335112197089,47.2357348754651],[-1.56336259102592,47.2360590932395],[-1.56336586825279,47.2361131132837],[-1.56336492098602,47.2361853794237],[-1.56336375345681,47.236274588247],[-1.56335073749385,47.2368071495791],[-1.56327406298143,47.2370302801866],[-1.56324141976074,47.2371252733281],[-1.56311085380848,47.2373188316802],[-1.56291166764932,47.2375332167554],[-1.56188802536014,47.2386042879744],[-1.56184441907228,47.2386501665983],[-1.56173254661943,47.2387537427867],[-1.56157383914105,47.2389115027892],[-1.56148873292156,47.2390012946628]]],"type":"Polygon"},"properties":{"gid":"6001","idbureau":"1090162","commune":"Nantes","code_insee":"44109","numero_bureau":"162","lien_lieu_vote":"109029","nom":"Charles Lebourg","site":"Ecole Primaire","num_canton":"1"}},{"type":"Feature","geometry":{"coordinates":[[[[-1.56350200796365,47.2231113923787],[-1.56334054440459,47.2228914145313],[-1.56322534647725,47.2227396592212],[-1.56320395693787,47.2227114815982],[-1.56319429381227,47.2226987520785],[-1.56309883634444,47.2225595006449],[-1.56306129821633,47.2225047402126],[-1.56263481363683,47.2219408400907],[-1.56256327783907,47.2218462533915],[-1.56243414118936,47.2218684548241],[-1.56239962416525,47.2218682688237],[-1.56203693137715,47.2218663130666],[-1.56150845771172,47.2218634619696],[-1.56151559341647,47.2218019719117],[-1.5615734365176,47.2213035614597],[-1.56161216634938,47.2209332414385],[-1.56076634772381,47.2205742743349],[-1.56049379753993,47.2204660414518],[-1.56045345980511,47.220458578234],[-1.55995175243042,47.2202862138537],[-1.55943942417797,47.2201603222013],[-1.5593820283964,47.2201330993277],[-1.55920773647765,47.2200504327955],[-1.55998972292584,47.2200505747565],[-1.56056698746156,47.2195286565994],[-1.56099779437556,47.2196824276195],[-1.56134422494205,47.2199300262836],[-1.56169303945558,47.2201668200086],[-1.56232532738494,47.2201681293354],[-1.56284446677672,47.2204925602083],[-1.56308991009475,47.2208691231588],[-1.56483196541764,47.2208344957525],[-1.56553119001664,47.2213764580354],[-1.56565568414075,47.2214447502703],[-1.56515688007361,47.2222264056244],[-1.5644452411197,47.2228090944544],[-1.56420786363586,47.2229874662486],[-1.56416910815476,47.2230165883039],[-1.56404363969666,47.2230837015031],[-1.56393929130901,47.2229435739688],[-1.56373400264905,47.2230220329581],[-1.56360605499458,47.2230713162759],[-1.56350200796365,47.2231113923787]]],[[[-1.5696093544845,47.2230932194076],[-1.56977886042092,47.2225957553205],[-1.56978313308325,47.2225832161505],[-1.57080003681633,47.2227345669802],[-1.57092696451618,47.2227282445305],[-1.57178406703228,47.2230059129618],[-1.57191247322165,47.2230284049807],[-1.57191544495855,47.2230289255651],[-1.57356301389244,47.223245423561],[-1.57398072294474,47.2233003405098],[-1.57422330286863,47.2233994749546],[-1.5734660505042,47.2235848534559],[-1.57243830016447,47.2238265033251],[-1.57163361610969,47.224016090275],[-1.57151488736926,47.2240667709748],[-1.57138996518779,47.2241231549991],[-1.57119399845351,47.2236249596684],[-1.57117838840143,47.2235813574541],[-1.57114256842932,47.2234565662067],[-1.57093862554559,47.2234082364579],[-1.57018791287474,47.2232303308964],[-1.56998910215249,47.2231832154387],[-1.5696093544845,47.2230932194076]]]],"type":"MultiPolygon"},"properties":{"gid":"6172","idbureau":"1090416","commune":"Nantes","code_insee":"44109","numero_bureau":"416","lien_lieu_vote":"109052","nom":"Harouys","site":"Ecole","num_canton":"4"}},{"type":"Feature","geometry":{"coordinates":[[[-1.56099779437556,47.2196824276195],[-1.56056698746156,47.2195286565994],[-1.55998972292584,47.2200505747565],[-1.55920773647765,47.2200504327955],[-1.5593728289206,47.2199636555211],[-1.56023000616088,47.2193852219559],[-1.56026785666803,47.2193476453518],[-1.56086503592515,47.2189077012889],[-1.56088202735646,47.2188951836757],[-1.56100827602681,47.2188079512821],[-1.56103189735297,47.2187916300214],[-1.56235387974724,47.2178781657117],[-1.56235686258911,47.2178762243365],[-1.56245765725184,47.2179362619092],[-1.56331322983796,47.2184546329069],[-1.56343116823364,47.2185260711437],[-1.56343409652925,47.2185278497671],[-1.56367353808875,47.2186735010597],[-1.56432724225916,47.2190685789483],[-1.56384612417342,47.2195323197807],[-1.56379360369966,47.2195825559534],[-1.56376381619739,47.2196111207002],[-1.56297705711926,47.2203654019281],[-1.56284446677672,47.2204925602083],[-1.56232532738494,47.2201681293354],[-1.56169303945558,47.2201668200086],[-1.56134422494205,47.2199300262836],[-1.56099779437556,47.2196824276195]]],"type":"Polygon"},"properties":{"gid":"6040","idbureau":"1090411","commune":"Nantes","code_insee":"44109","numero_bureau":"411","lien_lieu_vote":"109052","nom":"Harouys","site":"Ecole","num_canton":"4"}},{"type":"Feature","geometry":{"coordinates":[[[-1.5273955372483,47.2294816840024],[-1.5290161863175,47.2306882813695],[-1.53069195474148,47.231835864112],[-1.5309166924011,47.2317824869119],[-1.53086366326606,47.2319407250273],[-1.53225910748255,47.2330231790867],[-1.53283178187289,47.2333390596807],[-1.53341200202509,47.233513491982],[-1.533289639584,47.233580754548],[-1.53203602402591,47.233720996664],[-1.53178186458902,47.233810582881],[-1.53014977921476,47.2344227436976],[-1.52983836195002,47.2345127556922],[-1.52875594611701,47.2344781533019],[-1.52727805189955,47.2345115414983],[-1.52625048372707,47.2346905247991],[-1.52624524214831,47.2331936821084],[-1.52546031007051,47.2331440883078],[-1.52394619468256,47.2330921041281],[-1.52383631551814,47.2330243593499],[-1.52333808400266,47.2330631052456],[-1.52320260195954,47.2334835660131],[-1.52242649829073,47.2334868469243],[-1.5220114367934,47.2329865514091],[-1.52184942657219,47.2329366683551],[-1.521707799785,47.2329750948506],[-1.5218162441898,47.2327978962772],[-1.52182597217157,47.2327820018207],[-1.52195002719538,47.2325945303049],[-1.52242381109249,47.2318785392636],[-1.52248232754813,47.2317878643243],[-1.52274484256192,47.2313998095233],[-1.52305765982635,47.2309484650759],[-1.52326765848264,47.2307526575937],[-1.52355123381054,47.2308161170633],[-1.52371974548948,47.230681318825],[-1.52410614765191,47.2303721580152],[-1.52528632574395,47.2294516066665],[-1.52557018817645,47.2292552977163],[-1.52594271771356,47.229466726458],[-1.52636979574105,47.2291572700927],[-1.52626294433743,47.2287760859896],[-1.52626824562999,47.2285894734348],[-1.5273955372483,47.2294816840024]]],"type":"Polygon"},"properties":{"gid":"6077","idbureau":"1090251","commune":"Nantes","code_insee":"44109","numero_bureau":"251","lien_lieu_vote":"109038","nom":"Fran\u00e7ois Dallet","site":"Ecole Elementaire","num_canton":"2"}},{"type":"Feature","geometry":{"coordinates":[[[-1.51158324456134,47.2167751005581],[-1.51491235612637,47.2164484216805],[-1.51491447165503,47.2164476672357],[-1.51862659811531,47.2151247577969],[-1.51864670349802,47.2151176008326],[-1.51865685979412,47.2151143710345],[-1.52038879487827,47.2145635963845],[-1.52039468052796,47.2145619689934],[-1.52430283914824,47.2134813594976],[-1.5254489519279,47.2151798590504],[-1.52704688694587,47.2153125278396],[-1.52797191106131,47.2151308365061],[-1.52884505036813,47.2151368627916],[-1.53048377733658,47.2152720276054],[-1.53069064084959,47.2153834386308],[-1.53146575411978,47.217230192109],[-1.5315915925968,47.2174641043438],[-1.5322581053487,47.2191645337624],[-1.52824724459863,47.2199392722281],[-1.5246615342769,47.2208325609489],[-1.52238010095596,47.2219541712657],[-1.52217505793254,47.2219799488136],[-1.52051284618103,47.2221118596705],[-1.51758237880456,47.2220968416731],[-1.51511088815904,47.2224926907948],[-1.51497156077208,47.2225149962785],[-1.51092942012877,47.2238557677964],[-1.51040422714575,47.2241712309419],[-1.51089139215254,47.2246305240059],[-1.51436925594355,47.2275046741768],[-1.51237746735745,47.2289998973689],[-1.51176911105788,47.22935272586],[-1.51140173180668,47.2295815957615],[-1.51083298466392,47.2299338174736],[-1.50895940047782,47.231113222025],[-1.50890885677988,47.2311421973592],[-1.50882568589067,47.2310814750212],[-1.50773191315831,47.2307759708013],[-1.50690066225582,47.2306054499291],[-1.50596356478796,47.2304651996078],[-1.50531808841726,47.2302982033841],[-1.50460446765022,47.2301231154987],[-1.50369915274105,47.2298562377723],[-1.50323449245251,47.2296199808577],[-1.50321921316758,47.2296115739163],[-1.50062030049767,47.2314819012931],[-1.50049438347671,47.2315725135386],[-1.50047736745208,47.2315847584329],[-1.50032240776036,47.231640170299],[-1.50031028276937,47.2316444476337],[-1.49805644949476,47.2330440060942],[-1.4978130851716,47.2331409026647],[-1.49693055536461,47.2324502710541],[-1.49662882153105,47.2325999013976],[-1.4966286896821,47.2325999065581],[-1.49661714939563,47.2326003636435],[-1.49661471422067,47.2326004598555],[-1.4963838405091,47.2327572823815],[-1.49638374356128,47.2327573249201],[-1.49619145697268,47.2328423030884],[-1.49602174345173,47.2329336859938],[-1.4959299019544,47.2329751054183],[-1.49455600240005,47.2336028074403],[-1.49342914081615,47.2341176216693],[-1.49018135839594,47.2356012731974],[-1.4872507070202,47.237280280195],[-1.48723968083099,47.2372718807584],[-1.48723401319277,47.2372674167675],[-1.4871883219036,47.2372322591231],[-1.48714347476918,47.2371976992136],[-1.4870996263304,47.2371640013126],[-1.4870983488487,47.237162969971],[-1.48709778385032,47.2371624973726],[-1.48702975625719,47.2371056403684],[-1.48702946985265,47.2371053812453],[-1.48700086389278,47.2370814498531],[-1.48675679669394,47.2368773477371],[-1.48666488132045,47.2366891086418],[-1.48655535559078,47.2365287942556],[-1.48642773666483,47.236289032846],[-1.48632637513392,47.2362258643291],[-1.48604610571015,47.2361338204182],[-1.48602043183544,47.236100437006],[-1.48595917775473,47.2358303251971],[-1.48597351832521,47.2357382220014],[-1.48598542918112,47.2356746995864],[-1.48601707115421,47.235505948186],[-1.48589226290758,47.2351908021959],[-1.48587445025225,47.2351450489029],[-1.48585716575639,47.2351006508526],[-1.48583114910475,47.2349598875668],[-1.48582520445745,47.2348672653817],[-1.48586014004654,47.2346379004496],[-1.48585349219647,47.2343168542642],[-1.48585258769442,47.2343155380412],[-1.48584236690838,47.2343009800762],[-1.48583198151393,47.2342907534606],[-1.48581029867842,47.2342688941958],[-1.48579156027271,47.2342694456074],[-1.48575645861771,47.2342343245599],[-1.48568825256356,47.2341658065101],[-1.48495960826095,47.2334346882571],[-1.48495412180061,47.2334292259726],[-1.48488737912309,47.2333592087484],[-1.48488710502749,47.2333589383282],[-1.48484295262911,47.2333154412166],[-1.48479881180696,47.233268779238],[-1.48464344985375,47.2331077036345],[-1.48445046936643,47.2329460238604],[-1.48339460311485,47.2320624246153],[-1.48241928577256,47.2311091713538],[-1.48236265178973,47.2310538956652],[-1.48115507405406,47.2299430089518],[-1.48114733539188,47.2299359224157],[-1.48084697944923,47.2296594905257],[-1.48083708958637,47.2296504155229],[-1.48081185442238,47.2296271622589],[-1.48075551054628,47.2295752984588],[-1.48074332249733,47.229564060527],[-1.48073701561203,47.2295582696582],[-1.47895668950804,47.2279190851869],[-1.47884386214796,47.2278151812213],[-1.48096263541695,47.2263522350702],[-1.48096561443918,47.2263501780602],[-1.48191374207173,47.2257858202643],[-1.48309848402018,47.2251891759904],[-1.48438348870479,47.2246750578517],[-1.48641577485644,47.2240502199706],[-1.48816843722136,47.2235296050839],[-1.48841413457099,47.223456620114],[-1.48909671262661,47.2232538538218],[-1.49107689225877,47.2227808025126],[-1.49178963550261,47.2226285007334],[-1.49351248037174,47.2220781627221],[-1.49566365722771,47.2213636639823],[-1.49566376918592,47.2213636271631],[-1.49566409978778,47.2213635169118],[-1.49704454726753,47.2208675206381],[-1.49734506487014,47.2207503332158],[-1.49866694997487,47.2202346238369],[-1.50058414215265,47.2197635118464],[-1.50242921626056,47.2191751777368],[-1.5024607720758,47.2191651150584],[-1.50350813742185,47.2188514947496],[-1.50604690327473,47.2183959493946],[-1.50614873863311,47.2183776753093],[-1.50789636445166,47.2179288351698],[-1.50797112275831,47.2179096344398],[-1.50797120040259,47.2179096142725],[-1.5079716314381,47.2179095036461],[-1.50991699086972,47.2173083156924],[-1.51082199746042,47.217028619054],[-1.51100824677501,47.2169710562574],[-1.51153397173917,47.2168085726926],[-1.51156016444011,47.2167930369602],[-1.51158324456134,47.2167751005581]]],"type":"Polygon"},"properties":{"gid":"6091","idbureau":"1090213","commune":"Nantes","code_insee":"44109","numero_bureau":"213","lien_lieu_vote":"109011","nom":"Henri Bergson","site":"Ecole Maternelle","num_canton":"2"}},{"type":"Feature","geometry":{"coordinates":[[[-1.60081422797354,47.2014226562655],[-1.60106086525939,47.201514657623],[-1.60122236730361,47.2015452562191],[-1.60199314274588,47.2015993490417],[-1.60283272747455,47.2017156645679],[-1.60330579042209,47.2017864999136],[-1.60330603689579,47.2017865368894],[-1.60380863638953,47.2018615394927],[-1.60400948695387,47.2018916008682],[-1.60419337628579,47.2018851315575],[-1.60395163848867,47.2028849909263],[-1.6052188149017,47.2032186903982],[-1.60577043915636,47.2033708634142],[-1.60666038185605,47.203610450123],[-1.60704146967288,47.2037170244828],[-1.60730897564899,47.2037906429254],[-1.60747006955373,47.203835211378],[-1.60735934622633,47.20393789836],[-1.60730286784606,47.2040664683309],[-1.60682359413047,47.2049881789562],[-1.606768946286,47.2050931803772],[-1.60658213263626,47.2054153628836],[-1.60619354789527,47.205284275211],[-1.60566311110654,47.2055942512656],[-1.60422887769805,47.2061359784933],[-1.6039585927716,47.2070141918648],[-1.60059514395854,47.2069575104835],[-1.6003766427695,47.2068695613992],[-1.60110129027598,47.2063486250711],[-1.59953629161239,47.2062323046862],[-1.60003381777347,47.2044472373322],[-1.59990179027636,47.2044366166912],[-1.59992981484452,47.2042649132582],[-1.59995645992512,47.2041016688073],[-1.59997755698657,47.204048885515],[-1.60019088057288,47.2035170255403],[-1.6004043538627,47.2029962380692],[-1.6004107387118,47.2029806183375],[-1.60047997957273,47.2028097295121],[-1.60053769621877,47.2026672475776],[-1.60061876493702,47.2025116270732],[-1.60071785460917,47.2022470359172],[-1.60071862992092,47.2022000822835],[-1.60071737476746,47.2021848128179],[-1.6007103222396,47.2016458048574],[-1.60070687834959,47.2013826422647],[-1.60081422797354,47.2014226562655]]],"type":"Polygon"},"properties":{"gid":"5999","idbureau":"1090562","commune":"Nantes","code_insee":"44109","numero_bureau":"562","lien_lieu_vote":"109044","nom":"Lucie Aubrac","site":"Ecole Maternelle","num_canton":"5"}},{"type":"Feature","geometry":{"coordinates":[[[-1.55530072263041,47.2082852077501],[-1.5509218237196,47.2077771580077],[-1.55087010711231,47.2056917802772],[-1.5510560805879,47.2053903192375],[-1.55353523309831,47.2046171558893],[-1.55360366139305,47.2046523081808],[-1.55386945563061,47.2045888441739],[-1.55480275861535,47.2045610302407],[-1.55513909513532,47.2045625530388],[-1.55787827242108,47.2042677003557],[-1.55799613111773,47.2051170520672],[-1.55533057591309,47.2053729140283],[-1.55536957237022,47.2058729196501],[-1.55505286151334,47.2063487287458],[-1.55506477728522,47.2064035380817],[-1.55508265056298,47.2064857083964],[-1.55524551987268,47.2072369601126],[-1.55510419830583,47.2073292823314],[-1.55530072263041,47.2082852077501]]],"type":"Polygon"},"properties":{"gid":"6180","idbureau":"1090341","commune":"Nantes","code_insee":"44109","numero_bureau":"341","lien_lieu_vote":"109054","nom":"Aim\u00e9 C\u00e9saire","site":"Ecole Primaire","num_canton":"3"}},{"type":"Feature","geometry":{"coordinates":[[[-1.60459565227039,47.2173103828525],[-1.60459069826605,47.2173203098429],[-1.60448656512784,47.2175234387677],[-1.60416420392899,47.2181185756636],[-1.60411161439542,47.2182202121944],[-1.60264618903079,47.2177785242765],[-1.60140194017857,47.2173476258267],[-1.59995721554963,47.2167843161416],[-1.59976398325983,47.2166967924016],[-1.59899155248891,47.2166123815384],[-1.5988646621286,47.2165941989079],[-1.59874139734211,47.216370975916],[-1.5986975265703,47.2163280657338],[-1.59827319741786,47.2159130105501],[-1.59782721706207,47.2154461774069],[-1.59774793388551,47.2153422345057],[-1.59769029025448,47.2152666516626],[-1.59728623654678,47.214737048778],[-1.59655713979678,47.2137451272117],[-1.59627842552057,47.2134385812389],[-1.59616854394328,47.2133589231364],[-1.59612612482512,47.2132584086301],[-1.59622158713743,47.2132174066369],[-1.59713102088461,47.2128267264908],[-1.59740215280176,47.2127656863008],[-1.59759339691134,47.2131015176401],[-1.59778417598903,47.2130930190809],[-1.5978981620207,47.2130413915806],[-1.59838317062945,47.2130666279916],[-1.60153936390099,47.2132308439011],[-1.60221780754846,47.2132567494639],[-1.60359123089382,47.2133372583213],[-1.60362375217567,47.213342531824],[-1.60535961321994,47.2136236552123],[-1.60583586675871,47.2137730043717],[-1.60624782424984,47.213762377443],[-1.60745358644576,47.2140780794294],[-1.607219180177,47.2143206146283],[-1.60717240434717,47.2143593466215],[-1.60715338723843,47.2143749778753],[-1.60714677706057,47.2143804379643],[-1.60644508329567,47.2149600070484],[-1.60638583803426,47.2150090600321],[-1.60620291204314,47.2151601683522],[-1.60620228139502,47.2151606910595],[-1.60619911660689,47.215163369939],[-1.60619624369131,47.2151657992187],[-1.60616064392116,47.2151961527071],[-1.60604596282811,47.2152939261921],[-1.60603882922802,47.2152999739985],[-1.60582907341738,47.2154777149737],[-1.60572910286763,47.2155712008661],[-1.60571661709765,47.2155832673419],[-1.60570945199129,47.2155901913654],[-1.60560071759483,47.2157001620602],[-1.60541750630979,47.2159048522298],[-1.60537761268914,47.2159528591467],[-1.60521201456398,47.2161685570295],[-1.60511293848347,47.2163242397202],[-1.60504712102116,47.2164276598222],[-1.60504654928283,47.2164285433068],[-1.60504280426051,47.2164343209001],[-1.60502117500916,47.2164656456684],[-1.60498180887206,47.2165412052004],[-1.60489854148184,47.2167102578954],[-1.60480022487648,47.2169072184049],[-1.60478732364097,47.2169324116472],[-1.60466758970681,47.2171661975777],[-1.60459565227039,47.2173103828525]]],"type":"Polygon"},"properties":{"gid":"6108","idbureau":"1090552","commune":"Nantes","code_insee":"44109","numero_bureau":"552","lien_lieu_vote":"109045","nom":"Contrie","site":"Ecole Elementaire","num_canton":"5"}},{"type":"Feature","geometry":{"coordinates":[[[-1.50877623080144,47.2414444902861],[-1.50865208023303,47.2412443636075],[-1.50890931520155,47.2411727406974],[-1.50903897181957,47.241110863065],[-1.50813368911067,47.2397819711865],[-1.50835454347247,47.2396146481708],[-1.5091861211545,47.2390721094438],[-1.50898100522983,47.238961682916],[-1.50867041952655,47.2388926013464],[-1.50887349470607,47.2385423229774],[-1.50935477941318,47.2386735280769],[-1.50962919390576,47.2382304451951],[-1.50970360516875,47.238086376624],[-1.50928552440089,47.2380063865621],[-1.50793425823619,47.2377450427963],[-1.50782469735525,47.2377238391564],[-1.50743790838082,47.2375861395739],[-1.50753546280363,47.2371567912458],[-1.5078182602245,47.2361989794535],[-1.50785792689959,47.2360646297052],[-1.50786473156982,47.2360562083148],[-1.50793313635101,47.2359721470259],[-1.50875827362792,47.2349580586487],[-1.50881938040348,47.2348828871366],[-1.50883351669396,47.2348642268579],[-1.50936941113488,47.2341552832622],[-1.50965048832324,47.2338511212944],[-1.50970018222473,47.2338213636525],[-1.50995575415444,47.2336682839419],[-1.50997499475867,47.233661787215],[-1.51089344273818,47.2333193375549],[-1.51152715912086,47.2330830260883],[-1.51165949489839,47.2330146662021],[-1.51194861248077,47.232912519409],[-1.51247294448448,47.2327145224434],[-1.51257710998356,47.2326663745006],[-1.51321623656679,47.2324098734472],[-1.51411698257128,47.2321545451412],[-1.51453592321003,47.2320503962279],[-1.51479567555965,47.2319868729464],[-1.51557378332906,47.2319180948235],[-1.51570347775749,47.2320316585315],[-1.51582578628389,47.2320224385582],[-1.51605854646174,47.2320045282772],[-1.51600809729307,47.232196480744],[-1.51576836940264,47.232773069923],[-1.51570289188021,47.2329857413152],[-1.51569013788554,47.2330272419983],[-1.51561714479243,47.2332641197517],[-1.51559281420791,47.2333430182959],[-1.51559001793047,47.233351937724],[-1.51551243246717,47.2336040117784],[-1.51542175506833,47.2340581803371],[-1.51540657581722,47.2341338015486],[-1.51540462522595,47.2341434130718],[-1.51537690200614,47.2342818687946],[-1.51530388093987,47.2348966644782],[-1.51529492857716,47.2355474157857],[-1.51532353617439,47.2360219170346],[-1.51541466155002,47.2365895269922],[-1.51553232196038,47.2370610527337],[-1.5157290882504,47.2376926855026],[-1.51574420945008,47.2377410828071],[-1.51574834618207,47.2377543674148],[-1.51578052899969,47.2378579481114],[-1.51583226374265,47.2380069875523],[-1.51549097940064,47.2381967213815],[-1.51516920033912,47.2383946214531],[-1.51386357819518,47.2393485182594],[-1.51337119196313,47.2396770343344],[-1.51277482169954,47.2400748575719],[-1.51235182678427,47.2403570077189],[-1.51225058079552,47.240412892699],[-1.51145510412781,47.2408431146235],[-1.51130323159366,47.2408792550977],[-1.51105796881871,47.2409940752686],[-1.5099601538084,47.2412459500262],[-1.50910599775988,47.2413589227741],[-1.50881232232582,47.2414295954469],[-1.50877623080144,47.2414444902861]]],"type":"Polygon"},"properties":{"gid":"6170","idbureau":"1090735","commune":"Nantes","code_insee":"44109","numero_bureau":"735","lien_lieu_vote":"109040","nom":"Maurice Mac\u00e9","site":"Ecole Maternelle","num_canton":"7"}},{"type":"Feature","geometry":{"coordinates":[[[-1.55083828598492,47.2239416270705],[-1.55239061524078,47.2229578829258],[-1.5524463020569,47.2229509623614],[-1.55293266174651,47.2228904187173],[-1.55316292087759,47.2239227514368],[-1.5533810385943,47.2249008240167],[-1.55374115724428,47.2265951910734],[-1.55389632589136,47.2273254493644],[-1.5526472682975,47.2282135058978],[-1.55223608936107,47.2279392485546],[-1.55214779408771,47.2278814313978],[-1.55207861416349,47.2278300850955],[-1.55188986074672,47.2279619142105],[-1.55181533374417,47.228018918053],[-1.55161425217712,47.2281612523525],[-1.5514940732926,47.2281650355035],[-1.55146113821676,47.2281577505251],[-1.55127960188314,47.2281175971978],[-1.55066683170841,47.2280568374294],[-1.55051014074887,47.2280422333997],[-1.5503879394036,47.2280308440085],[-1.54881387354675,47.2278582824088],[-1.54607486894781,47.2275532464883],[-1.54605781654613,47.2275513469792],[-1.54539138833983,47.2274771180327],[-1.54521629113155,47.2274576143681],[-1.54531732439732,47.2273995419155],[-1.54564517062243,47.2271909845282],[-1.54646260721234,47.2266477763283],[-1.54663029232265,47.2265363434846],[-1.54676005198822,47.2264514539902],[-1.54690171889482,47.226481446829],[-1.54840442506664,47.2255115888124],[-1.54892530420628,47.2258095448083],[-1.54938477176654,47.2254856661241],[-1.54938123168715,47.2253350113926],[-1.54904921566498,47.2250943723548],[-1.54938285639397,47.2248749787994],[-1.54953780322662,47.224765638803],[-1.55083828598492,47.2239416270705]]],"type":"Polygon"},"properties":{"gid":"6099","idbureau":"1090133","commune":"Nantes","code_insee":"44109","numero_bureau":"133","lien_lieu_vote":"109006","nom":"Sully","site":"Ecole Maternelle","num_canton":"1"}},{"type":"Feature","geometry":{"coordinates":[[[-1.51802180455187,47.1808739362362],[-1.51812588019771,47.1805918357046],[-1.51830552714084,47.1806258690233],[-1.51830595708235,47.1806259521152],[-1.51837187302453,47.1806365126213],[-1.51847218898729,47.1806499988399],[-1.51865701203178,47.1806748451925],[-1.51940564103364,47.1807725985591],[-1.51951084805946,47.180786747303],[-1.51964560864731,47.180803426515],[-1.52039090584093,47.1808836440283],[-1.520695799692,47.1809148861737],[-1.52086219482627,47.1809335176269],[-1.52094402690328,47.1809426811593],[-1.52094463662165,47.1809427490506],[-1.52097833909437,47.1809470459209],[-1.52115091799458,47.180969043932],[-1.52218238251933,47.1811105124085],[-1.52267014581764,47.1811849133986],[-1.52285655355897,47.1812174263113],[-1.52302160048837,47.1812462123366],[-1.52359706969805,47.1813527450897],[-1.523994445973,47.1814256570497],[-1.52412935303859,47.1814508025402],[-1.52437433190674,47.1814964638471],[-1.52473212827139,47.1815606785593],[-1.52482672148482,47.1815776549218],[-1.5248496833183,47.1815814910757],[-1.52495502647967,47.1815990896661],[-1.5252092439059,47.1816388957432],[-1.52547953478487,47.1816812212323],[-1.52596251581997,47.1817583201609],[-1.5261405111402,47.1817876139434],[-1.52668599171123,47.1818785544893],[-1.52693858646819,47.1819225657333],[-1.52710167904503,47.1819470304608],[-1.52712244702126,47.1819501462529],[-1.52712265183112,47.1819501769203],[-1.52722468016161,47.1819688593625],[-1.52729648669855,47.1819802638079],[-1.52730619489809,47.1819856476816],[-1.52768966408704,47.1820487335555],[-1.52818527139967,47.1821546099176],[-1.52839926027014,47.1822046464612],[-1.52882675968592,47.1823208663413],[-1.52961438830347,47.1825474001739],[-1.53003201662921,47.1826733764175],[-1.53089919111789,47.1829556019336],[-1.53117771208113,47.1830511129233],[-1.53123369415315,47.1830722404854],[-1.53127838062187,47.1830926425715],[-1.53129554573091,47.1831017865416],[-1.53170151033616,47.1833175132398],[-1.53210809210946,47.1835435765265],[-1.53212481249659,47.1835552609315],[-1.53220544282121,47.1836051500165],[-1.53244890375003,47.1837683385605],[-1.53245084054075,47.1837696362075],[-1.53252879032099,47.1838315250288],[-1.53259956248344,47.1838898226552],[-1.53263405706518,47.1839193670863],[-1.53269219950341,47.183972126257],[-1.53311839741376,47.1843729396481],[-1.53334879074066,47.184598748694],[-1.53342230716198,47.1846753192774],[-1.53395411150161,47.1852191032908],[-1.53420051617399,47.185490142787],[-1.53461941224835,47.1859478269305],[-1.53462037036532,47.1859559888019],[-1.53463921500717,47.1859677691795],[-1.53480224140988,47.1861628074742],[-1.5348339510288,47.1862030939698],[-1.53483453831343,47.1862039231785],[-1.5348566303136,47.1862351049891],[-1.53490055582716,47.1862971012646],[-1.53492800233292,47.1863358405313],[-1.53490429978744,47.1863461039331],[-1.53163781958549,47.1879459905988],[-1.53033986041357,47.1868576849707],[-1.53031110114172,47.1868327107601],[-1.53078151545251,47.1865922941414],[-1.5305987008116,47.1864774696856],[-1.5301558991623,47.1866977761201],[-1.52966153151168,47.1862681698509],[-1.52893901992999,47.1857782186198],[-1.52841024200433,47.1858361318714],[-1.5284115047893,47.1858664389086],[-1.52776596649455,47.1862542187689],[-1.52650952491769,47.1869571823991],[-1.5262513433673,47.1871729028765],[-1.52572218626828,47.1877677943139],[-1.52540479219283,47.1881005162281],[-1.52476044239417,47.1886959275552],[-1.52454097562491,47.1887929002127],[-1.52454011551907,47.1887919384418],[-1.52355326445254,47.1876885381332],[-1.52333512491672,47.1874446526572],[-1.52171974758734,47.1857899175908],[-1.51964193458671,47.1836232107621],[-1.51786215475002,47.1810800123344],[-1.51787090561601,47.1810641786812],[-1.51788078783865,47.1810463014954],[-1.51788141469277,47.1810451671671],[-1.51789571014072,47.1810251415912],[-1.51791148999247,47.1810105504332],[-1.51791311390422,47.1810090484212],[-1.51792388706444,47.1810008031643],[-1.51792602183782,47.1809991693114],[-1.51794072089889,47.1809932744569],[-1.51795395105355,47.180985780376],[-1.51795610624253,47.1809845593047],[-1.51797113201075,47.1809778406329],[-1.5179798072576,47.1809694797198],[-1.51798423760667,47.1809615562205],[-1.517985200597,47.1809598342351],[-1.51798634944305,47.1809577787504],[-1.51802180455187,47.1808739362362]]],"type":"Polygon"},"properties":{"gid":"6157","idbureau":"1090385","commune":"Nantes","code_insee":"44109","numero_bureau":"385","lien_lieu_vote":"109043","nom":"Ledru Rollin","site":"Ecole Elementaire","num_canton":"3"}},{"type":"Feature","geometry":{"coordinates":[[[-1.55887541721057,47.216671131823],[-1.55888884117083,47.2166703178296],[-1.55946649734119,47.2170075539385],[-1.55947145973823,47.2170104494357],[-1.56020611033503,47.2174194783647],[-1.56118015952219,47.2175722677048],[-1.5613340658241,47.217596232523],[-1.56205698483882,47.2176969919609],[-1.56205939338338,47.2176984317304],[-1.56214351731428,47.2177487080438],[-1.56235594435386,47.2178756633962],[-1.56235686638957,47.2178762223834],[-1.56235387974724,47.2178781657117],[-1.56103189735297,47.2187916300214],[-1.56100827602681,47.2188079512821],[-1.56088202735646,47.2188951836757],[-1.56086503592515,47.2189077012889],[-1.56026785666803,47.2193476453518],[-1.56023000616088,47.2193852219559],[-1.5593728289206,47.2199636555211],[-1.55920773647765,47.2200504327955],[-1.55877281741241,47.2202451757618],[-1.55874858578217,47.2202537408223],[-1.5589360570167,47.2212018597997],[-1.55907680675033,47.2220292459737],[-1.55590382652819,47.2212022376279],[-1.55576259189632,47.2210545217064],[-1.55521156250166,47.2204383262569],[-1.55497428700687,47.2201726769097],[-1.55497423875167,47.2201726229568],[-1.55518525472557,47.2200420136281],[-1.55520714113861,47.2200284873177],[-1.55525724286618,47.2199975226094],[-1.55534718655075,47.2199417966503],[-1.55544357959928,47.2198820690486],[-1.55585248356291,47.2195513137584],[-1.55586846287364,47.2195383433001],[-1.55617664407014,47.2192878146817],[-1.55626598556842,47.2192311179103],[-1.55631484886811,47.2192122645112],[-1.55667734687447,47.2190723952224],[-1.55694458554857,47.2188024439535],[-1.55696643224971,47.2187647745012],[-1.557105511706,47.2185250926309],[-1.55711825711427,47.2185013571709],[-1.5571195987732,47.2184988575142],[-1.55714336632727,47.2184512170791],[-1.55718278219328,47.2182116562765],[-1.55717948773703,47.21817555921],[-1.55715845755308,47.2178973284167],[-1.55712983087109,47.2178090378252],[-1.55712826538803,47.2178042305226],[-1.55711696044344,47.2177670663411],[-1.55711630428896,47.2177649135728],[-1.55710658152444,47.217734887116],[-1.55688715606067,47.2170610214801],[-1.5568876672856,47.2170609372199],[-1.55688832583808,47.2170608281916],[-1.55688846153337,47.2170608065883],[-1.55701412560013,47.2170400706525],[-1.557176105107,47.2170170357836],[-1.55735260749742,47.2169832224072],[-1.55735589822967,47.2169825917302],[-1.55784731425329,47.2168779002765],[-1.55789950954968,47.2168666496037],[-1.55790328451537,47.2168658356973],[-1.55837714724458,47.2167706537509],[-1.55838991256167,47.2167680601988],[-1.55887541721057,47.216671131823]]],"type":"Polygon"},"properties":{"gid":"6181","idbureau":"1090145","commune":"Nantes","code_insee":"44109","numero_bureau":"145","lien_lieu_vote":"109002","nom":"Noire","site":"Ecole Primaire","num_canton":"1"}},{"type":"Feature","geometry":{"coordinates":[[[-1.51827024236275,47.2496559096006],[-1.51633920045099,47.2480236012093],[-1.5149477746846,47.2475134763311],[-1.51158087873756,47.2477701445715],[-1.51146493457041,47.2469399244786],[-1.51158719693959,47.2462935003849],[-1.51122011070985,47.2458330842181],[-1.51215052820259,47.2458526566869],[-1.51339906440251,47.2460066938771],[-1.51352559050028,47.2460170646366],[-1.51372269504625,47.2462012428658],[-1.51442808297604,47.2462990069925],[-1.51543912225535,47.246117356678],[-1.51539059270951,47.2459559567961],[-1.51508630586436,47.2453413404365],[-1.51538725695558,47.2450665848091],[-1.51615443499166,47.2443660993986],[-1.51635434960513,47.2441835237227],[-1.51637952131677,47.2441601695956],[-1.51640269202629,47.2441384970646],[-1.5170756903428,47.2435115845722],[-1.51777665750547,47.243082231071],[-1.51778919788339,47.2431149568527],[-1.517863582624,47.2433065615888],[-1.51804923236883,47.2437850012144],[-1.51814260034919,47.244025415098],[-1.51864883880022,47.245329396017],[-1.51865940984536,47.2453567829843],[-1.51871659304636,47.2455041997761],[-1.51872033109706,47.2455138903953],[-1.51878824178738,47.2456890510919],[-1.51883357083534,47.2458022761872],[-1.51941502436263,47.2456998883162],[-1.52008942339245,47.2460702955808],[-1.52120260303224,47.2464671800298],[-1.5218663703449,47.2469667267017],[-1.52180284569103,47.2471990580676],[-1.5225083924243,47.2475203109357],[-1.52165002030016,47.2482709055895],[-1.5216130597254,47.2483086188337],[-1.52151046560159,47.2483992288297],[-1.5214638452945,47.248440422575],[-1.52121963804053,47.2486562807626],[-1.52117874878753,47.2486795604705],[-1.51933879019963,47.2502919849953],[-1.51933870031794,47.2502920642175],[-1.51933487443304,47.2502954160779],[-1.51827024236275,47.2496559096006]]],"type":"Polygon"},"properties":{"gid":"6140","idbureau":"1090743","commune":"Nantes","code_insee":"44109","numero_bureau":"743","lien_lieu_vote":"109051","nom":"Julien Gracq","site":"Ecole Primaire","num_canton":"7"}},{"type":"Feature","geometry":{"coordinates":[[[-1.50877623080144,47.2414444902861],[-1.50881232232582,47.2414295954469],[-1.50910599775988,47.2413589227741],[-1.5099601538084,47.2412459500262],[-1.51105796881871,47.2409940752686],[-1.51130323159366,47.2408792550977],[-1.51145510412781,47.2408431146235],[-1.51225058079552,47.240412892699],[-1.51213145697305,47.2406468055231],[-1.51151475178818,47.2421576027245],[-1.51161807618512,47.2421801852184],[-1.51173873359002,47.242191832312],[-1.51244491816121,47.242147008802],[-1.51373110380938,47.2424320940657],[-1.514264884148,47.2427866879331],[-1.5148978544829,47.2432072338996],[-1.51562821697251,47.243703687388],[-1.51640269202629,47.2441384970646],[-1.51637952131677,47.2441601695956],[-1.51635434960513,47.2441835237227],[-1.51615443499166,47.2443660993986],[-1.51538725695558,47.2450665848091],[-1.51508630586436,47.2453413404365],[-1.51539059270951,47.2459559567961],[-1.51543912225535,47.246117356678],[-1.51442808297604,47.2462990069925],[-1.51372269504625,47.2462012428658],[-1.51352559050028,47.2460170646366],[-1.51339906440251,47.2460066938771],[-1.51215052820259,47.2458526566869],[-1.51122011070985,47.2458330842181],[-1.51119500204324,47.2458333824082],[-1.51105141602463,47.24579917684],[-1.51064914781145,47.2455777028876],[-1.51029822122414,47.2451818635318],[-1.51015018620046,47.2449128242641],[-1.51005310639365,47.2447362941092],[-1.5100238951768,47.2446831403368],[-1.51000683752667,47.2446520031127],[-1.50997504505682,47.2445942544203],[-1.50971792985401,47.2441160278011],[-1.50965066301166,47.2439732669663],[-1.50917841126809,47.242901392447],[-1.50915769750756,47.2428542573793],[-1.50912093014845,47.2427677596418],[-1.50892325076175,47.2419442241694],[-1.50877623080144,47.2414444902861]]],"type":"Polygon"},"properties":{"gid":"6169","idbureau":"1090744","commune":"Nantes","code_insee":"44109","numero_bureau":"744","lien_lieu_vote":"109051","nom":"Julien Gracq","site":"Ecole Primaire","num_canton":"7"}},{"type":"Feature","geometry":{"coordinates":[[[-1.52902868521085,47.2503866276476],[-1.52929268892199,47.2503882252911],[-1.52990261756738,47.2503920093131],[-1.53010416087325,47.2503932638696],[-1.53160785723807,47.2504718196183],[-1.53210096010123,47.250541025912],[-1.53297755781859,47.2508554891576],[-1.53305730253876,47.250868128425],[-1.53369573366476,47.2509694688415],[-1.53398692635325,47.2508952976002],[-1.53463595522724,47.2507300397366],[-1.53572973331549,47.2510002701517],[-1.53716261109589,47.2512530670421],[-1.53684579232117,47.2523724237413],[-1.53671512622904,47.2526503429227],[-1.53725535172846,47.2524858426119],[-1.53769968330604,47.2523379775972],[-1.53942174078327,47.2518985128998],[-1.5393108309323,47.2521970274779],[-1.53920930949598,47.2524734411837],[-1.53916433246184,47.2525958997465],[-1.53914701620077,47.2526416950734],[-1.53914561595398,47.252992910261],[-1.53652502222277,47.2536639343704],[-1.53467789315862,47.2535919239023],[-1.53450069302524,47.254444311628],[-1.53443034713986,47.2544246949137],[-1.53362163016355,47.2541990169296],[-1.53288172903228,47.2539774206109],[-1.53184815825648,47.2536678560662],[-1.52989415636351,47.2531383955938],[-1.52965520005247,47.2530736328352],[-1.52903837501473,47.2528888655263],[-1.52869041385755,47.2527323750591],[-1.52880292462123,47.2524680445592],[-1.52881206096106,47.252416944608],[-1.52898186250741,47.2517812410228],[-1.52819082881608,47.250635185421],[-1.52902868521085,47.2503866276476]]],"type":"Polygon"},"properties":{"gid":"6145","idbureau":"1090715","commune":"Nantes","code_insee":"44109","numero_bureau":"715","lien_lieu_vote":"109035","nom":"Marsauderies","site":"Ecole Elementaire","num_canton":"7"}},{"type":"Feature","geometry":{"coordinates":[[[-1.52383323958876,47.2410632972946],[-1.52570603321904,47.2419274572866],[-1.52648522960664,47.2424616555366],[-1.52661626609626,47.2426682054159],[-1.5269862509607,47.2430315657719],[-1.52716783264572,47.2429839583698],[-1.52731774089555,47.2431330374916],[-1.52740209710438,47.2432169473628],[-1.52713240769917,47.2434731253984],[-1.52629823269605,47.2441833151952],[-1.52628964455875,47.2441907204149],[-1.52553391797311,47.2448520736528],[-1.52517281114419,47.2451684999672],[-1.52463781090788,47.2456374625698],[-1.52455400959444,47.2457115070734],[-1.52306901167976,47.2470264567163],[-1.52299094271211,47.2470956266607],[-1.52273384216807,47.247323272684],[-1.5225083924243,47.2475203109357],[-1.52180284569103,47.2471990580676],[-1.5218663703449,47.2469667267017],[-1.52120260303224,47.2464671800298],[-1.52008942339245,47.2460702955808],[-1.51941502436263,47.2456998883162],[-1.51883357083534,47.2458022761872],[-1.51878824178738,47.2456890510919],[-1.51872033109706,47.2455138903953],[-1.51871659304636,47.2455041997761],[-1.51865940984536,47.2453567829843],[-1.51864883880022,47.245329396017],[-1.51814260034919,47.244025415098],[-1.51804923236883,47.2437850012144],[-1.517863582624,47.2433065615888],[-1.51833554127397,47.2431937004951],[-1.52068872419474,47.2437064775151],[-1.52052301761364,47.2423457211901],[-1.52034569583411,47.2420325532773],[-1.52001620350705,47.2418007535837],[-1.52025818924798,47.2416314437067],[-1.52315503762409,47.2423259315539],[-1.52331018375417,47.2418055660936],[-1.523583866818,47.2418446778345],[-1.52383323958876,47.2410632972946]]],"type":"Polygon"},"properties":{"gid":"6124","idbureau":"1090721","commune":"Nantes","code_insee":"44109","numero_bureau":"721","lien_lieu_vote":"109039","nom":"Urbain Le Verrier","site":"Ecole Maternelle","num_canton":"7"}},{"type":"Feature","geometry":{"coordinates":[[[-1.524558220985,47.2391299892156],[-1.52452384998669,47.2392254411516],[-1.52452866234696,47.2396695711914],[-1.52400862596784,47.2409645652801],[-1.523342981238,47.2406527047038],[-1.52166266070485,47.2404590909398],[-1.52123970105957,47.2405228700334],[-1.52033737401696,47.2407780358542],[-1.5193513102428,47.2412164834654],[-1.51904309731178,47.2410082915406],[-1.51880780886893,47.2408520569621],[-1.51766136813246,47.2416473823066],[-1.51707372757719,47.2412447922598],[-1.51650611260177,47.2397760586701],[-1.51639799273675,47.2394922697724],[-1.51742353724546,47.2388016950881],[-1.51706331477896,47.2385430836268],[-1.517572944324,47.2381643500023],[-1.51789235682272,47.2383962212638],[-1.51874633992094,47.2386578641648],[-1.51995797350247,47.2378049561125],[-1.52065404811589,47.2382241673775],[-1.52081643130287,47.2381982931697],[-1.52116165864493,47.2381442341746],[-1.52123875306485,47.2380928358737],[-1.52103666373182,47.2375864930311],[-1.52189446365116,47.2368540182277],[-1.52237448637156,47.2359149428671],[-1.52301660911057,47.2362631026643],[-1.5234173470883,47.2364266351386],[-1.523466374173,47.2364466418867],[-1.52368833607666,47.2365831368702],[-1.52439238174447,47.2370191719348],[-1.52442163344549,47.2370360257436],[-1.52501981631791,47.2374581293236],[-1.5251073979352,47.2375083448189],[-1.52516023734175,47.2375386403354],[-1.5252819218689,47.237608407948],[-1.52544829839394,47.2377037999144],[-1.52536387735253,47.2378332559051],[-1.52474593326112,47.2387808234753],[-1.524558220985,47.2391299892156]]],"type":"Polygon"},"properties":{"gid":"6122","idbureau":"1090723","commune":"Nantes","code_insee":"44109","numero_bureau":"723","lien_lieu_vote":"109039","nom":"Urbain Le Verrier","site":"Ecole Maternelle","num_canton":"7"}},{"type":"Feature","geometry":{"coordinates":[[[-1.57721492479309,47.2464638253497],[-1.57640927609922,47.2452669551308],[-1.57629623312007,47.2451102857065],[-1.5770818752791,47.2442821958974],[-1.57726609422082,47.2433617475461],[-1.57733313650286,47.243027123646],[-1.57703090835061,47.2427468193261],[-1.57799134435641,47.2423305267297],[-1.57785972818039,47.2421351339515],[-1.57731796687939,47.241926815892],[-1.57725127126934,47.2417111128767],[-1.57712249251397,47.241294599975],[-1.57709567227536,47.2412078666439],[-1.57697736873118,47.2406122061428],[-1.57680165793882,47.2400669502038],[-1.57673168686604,47.2398643278292],[-1.57667657459888,47.2396696693643],[-1.57735380347852,47.2396311920722],[-1.57742097675722,47.2396273833182],[-1.57772574690707,47.2396101023132],[-1.57960913052169,47.2394616716138],[-1.57968429975031,47.239382921998],[-1.58018753407564,47.2393397073171],[-1.58134532029568,47.2393692802879],[-1.58135516778588,47.2395489025249],[-1.58294459727558,47.2396015300445],[-1.58325558913043,47.2395428631265],[-1.58341853997517,47.2396927839564],[-1.58349976437652,47.2396858808623],[-1.58484776160086,47.2399629449379],[-1.58475710197778,47.2401947122944],[-1.58472335194132,47.2402935876027],[-1.5845648357135,47.2407545441134],[-1.58411783467674,47.2413701472131],[-1.58372915028105,47.2417656131237],[-1.58321822629106,47.2423502323224],[-1.58304796358832,47.2428586956046],[-1.58364006423034,47.2428979251692],[-1.5838363716974,47.2432823310111],[-1.5837864589835,47.2432977843917],[-1.58378391991203,47.243298570507],[-1.58374079595882,47.2433125410871],[-1.58362704330614,47.2433401042873],[-1.5836138986916,47.2433432886423],[-1.58358957588886,47.2433491977466],[-1.58348831303681,47.243373795405],[-1.58337994906183,47.2434001071492],[-1.58336504012026,47.2434037628345],[-1.58330464715149,47.2434366429785],[-1.58330398102052,47.2434370056548],[-1.58325697337816,47.2434625927999],[-1.58313904634484,47.2435268584307],[-1.58301333443763,47.2435959371644],[-1.58298270804394,47.243612204156],[-1.58296167318719,47.2436138973483],[-1.58295813287221,47.2436141809229],[-1.58291857968954,47.2436173804212],[-1.58283551785251,47.243622405283],[-1.58282551303319,47.2436230349844],[-1.58276906629428,47.2436265856058],[-1.5827270363497,47.2437518929544],[-1.58269130240888,47.2437471906928],[-1.58268151568366,47.2437431251235],[-1.58265865564524,47.243733627448],[-1.58263014036464,47.2437253005479],[-1.58262023597954,47.2437224516295],[-1.58261573740862,47.2437244863779],[-1.58257349302808,47.2437435990665],[-1.58242344311137,47.2438051792915],[-1.58242144789326,47.2438059968505],[-1.58242076021879,47.2438062783814],[-1.58241992208635,47.2438073030022],[-1.5823677701179,47.2438748017559],[-1.5823670555639,47.2438751861812],[-1.58235850659425,47.2438797901504],[-1.58232692181425,47.2438967953163],[-1.58220341384409,47.2439254191648],[-1.5821919935429,47.2439311008846],[-1.58214774742546,47.243953590307],[-1.58208662400967,47.2439845002678],[-1.58197147995964,47.2440427037351],[-1.58195663375846,47.2440762845452],[-1.58185656686161,47.2441589351086],[-1.58182149145495,47.24418773217],[-1.58178043147713,47.2442214426859],[-1.58177784753147,47.2442237083265],[-1.58177514004469,47.2442245371531],[-1.58141141235155,47.2443371680216],[-1.58134543472468,47.2443577067442],[-1.58133945105935,47.2443595681679],[-1.58133937224003,47.2443595902332],[-1.58127501048543,47.2443629095945],[-1.58126204219415,47.2443635780082],[-1.58123701781579,47.2443649361326],[-1.58122411773708,47.2443657207661],[-1.58121826852056,47.244366945161],[-1.58113436990582,47.2443853381881],[-1.58113189269937,47.2443857982844],[-1.58106268367567,47.2444148646967],[-1.58090929502343,47.2444792836626],[-1.58089756377389,47.2444859688345],[-1.58086488389449,47.2445044823872],[-1.58086135364554,47.2445065154035],[-1.5808469689067,47.2445146579816],[-1.58084590018193,47.2445151556352],[-1.58078640651734,47.2445428433684],[-1.58072044778854,47.2446021511104],[-1.58058413623987,47.2446357889481],[-1.58057614553151,47.2446382700866],[-1.58051656779106,47.2446564086026],[-1.58023577195181,47.2448216105212],[-1.58020194076137,47.244841513277],[-1.57989669580917,47.2450203805947],[-1.57989369418084,47.245018342128],[-1.57989205979162,47.2450172313516],[-1.57988541726363,47.2450200191392],[-1.57986128079737,47.2450301722035],[-1.57986518864911,47.2450340713384],[-1.57959760419217,47.2452015221168],[-1.57959294503914,47.2452012599615],[-1.57955088044971,47.2451989788118],[-1.57954565581775,47.2451986959386],[-1.57946173003543,47.2451941444068],[-1.57945979377865,47.2451901369503],[-1.57945963746222,47.2451898115804],[-1.57941434897447,47.2451908964621],[-1.57941149515697,47.2451909011613],[-1.57938616235081,47.2451909384514],[-1.57936899118663,47.2451909901904],[-1.5793323269412,47.2451910978858],[-1.57931857094835,47.2451961064533],[-1.57930229606881,47.2452020299807],[-1.57928974563099,47.2452087025642],[-1.57927243923618,47.2452178975855],[-1.57918702593534,47.2452742428148],[-1.57918525525606,47.2452754108984],[-1.57915597215438,47.2452947220819],[-1.5790712576081,47.2453406309328],[-1.57901372584201,47.245370135374],[-1.57895575327283,47.2454023642089],[-1.57890830186555,47.2454399380121],[-1.57890775174264,47.245440434805],[-1.57888660881437,47.2454595585111],[-1.57882763409609,47.2455128963788],[-1.57872844184756,47.2456007290248],[-1.57871425500356,47.2456132913557],[-1.57857433674269,47.2457281662009],[-1.57844389063921,47.2458686164927],[-1.57838518284716,47.2459230382752],[-1.57831813862439,47.2459725956067],[-1.57831638048663,47.2459738947338],[-1.57826616111313,47.2460066621919],[-1.57825121499605,47.2460164117843],[-1.57811549281827,47.2461006918807],[-1.5780706175435,47.2461285579911],[-1.57807057215182,47.2461285841287],[-1.57798496873226,47.2461764170664],[-1.5779845599392,47.2461767262047],[-1.57793551220376,47.246213801765],[-1.57789810426637,47.2462527771393],[-1.57785869120608,47.246316161654],[-1.57784477865678,47.2463399305305],[-1.5778240677999,47.24637530497],[-1.57780378803822,47.2464598262867],[-1.57779477460321,47.2464973857153],[-1.57778597334639,47.2465340572317],[-1.57777914981464,47.2465976617606],[-1.57777847687068,47.2466039222687],[-1.57777900577617,47.2466578734366],[-1.57780557530479,47.2467325096649],[-1.57780639672175,47.2467348161567],[-1.57782005688478,47.246752113444],[-1.57782761578524,47.2467615440288],[-1.57784701318952,47.2467855511066],[-1.57787056605049,47.2468147991442],[-1.57788443149429,47.2468575889296],[-1.57788515959312,47.2468599027428],[-1.57793618213754,47.2469463205474],[-1.57793651357643,47.2469468822353],[-1.57793750293399,47.2469485557824],[-1.57750937165212,47.2469925748502],[-1.57738030223681,47.2470058448178],[-1.57748814960844,47.2469946934407],[-1.57742346315507,47.2468625977488],[-1.57721492479309,47.2464638253497]]],"type":"Polygon"},"properties":{"gid":"6130","idbureau":"1090622","commune":"Nantes","code_insee":"44109","numero_bureau":"622","lien_lieu_vote":"109028","nom":"Longchamp","site":"Ecole Maternelle","num_canton":"6"}},{"type":"Feature","geometry":{"coordinates":[[[-1.58622859175884,47.23746120446],[-1.5852535330174,47.2379571762532],[-1.58516377528206,47.2380424647456],[-1.58501762342369,47.2381811847131],[-1.58480486514831,47.2380913280512],[-1.58456478571849,47.2379932970934],[-1.58417745212703,47.2384357372633],[-1.58296792120013,47.2387213059422],[-1.58289003574559,47.2385806537089],[-1.58283916299473,47.2384440376625],[-1.5822978550227,47.2382290646527],[-1.58218816822793,47.2382898095092],[-1.58093670807222,47.2378475807363],[-1.58003275411523,47.2375598893683],[-1.57902295858267,47.2370166640223],[-1.57855922951223,47.2365927824608],[-1.5786071401012,47.2363891323996],[-1.57856125763831,47.2362409956796],[-1.57917579833554,47.236112767826],[-1.57955348860663,47.2360857111633],[-1.57964650527239,47.2359869855596],[-1.58100174675234,47.2356945199578],[-1.58261267522532,47.2353128381148],[-1.58261761521546,47.2353116678939],[-1.58287700258949,47.2352511521922],[-1.58366364143304,47.2357501462391],[-1.58392174895666,47.2357785664809],[-1.58393297833313,47.235772856075],[-1.58393432583745,47.2357762480823],[-1.58393699853135,47.2357829726143],[-1.58394428955067,47.2358013225762],[-1.58398584126229,47.2358321940856],[-1.58403034579373,47.2358656167969],[-1.58403174028328,47.2358666631916],[-1.58403916290572,47.2358722376395],[-1.58420000598782,47.2359887287672],[-1.58422841163792,47.2360097612903],[-1.58422889624406,47.2360101195111],[-1.5842455052808,47.2360224234901],[-1.5843862534755,47.2361237587753],[-1.58455563237438,47.2362471184899],[-1.58458260005629,47.2362668575801],[-1.58465230378048,47.2363178613338],[-1.58467309120351,47.2363330730444],[-1.58474000192015,47.2363820895636],[-1.58484819166283,47.2364613474868],[-1.58486050778218,47.2364701913028],[-1.58490121028991,47.2364994221794],[-1.58492886385742,47.2365193338683],[-1.58496961766588,47.2365486834222],[-1.58501669819391,47.236583445641],[-1.58503827558734,47.2365993790795],[-1.58505230465617,47.2366097863938],[-1.5850907098099,47.2366382852954],[-1.58519032455923,47.2367104520412],[-1.58528855926233,47.2367819529143],[-1.58530762296448,47.2367944714707],[-1.58540042801948,47.236855420912],[-1.58545542092661,47.2368915317991],[-1.58549404350272,47.2368682773227],[-1.58596802573663,47.2372134893431],[-1.58603468331253,47.237262119715],[-1.58603536226159,47.2372626143463],[-1.58614610638906,47.2373764315201],[-1.58616541313627,47.2373962742343],[-1.58620080008986,47.2374326426733],[-1.58620489156789,47.2374368469455],[-1.58622859175884,47.23746120446]]],"type":"Polygon"},"properties":{"gid":"6027","idbureau":"1090625","commune":"Nantes","code_insee":"44109","numero_bureau":"625","lien_lieu_vote":"109028","nom":"Longchamp","site":"Ecole Maternelle","num_canton":"6"}},{"type":"Feature","geometry":{"coordinates":[[[-1.56370051338579,47.2540623942989],[-1.56340715006005,47.2547741205391],[-1.56268117593704,47.2558376811769],[-1.56247606464676,47.2559294601018],[-1.56095442456378,47.2562558602417],[-1.56065849686256,47.2555734192208],[-1.56029938752454,47.2556322956633],[-1.55984919646778,47.2553072288605],[-1.55818541426924,47.2556254273116],[-1.55660154381475,47.2559276628858],[-1.55576292277355,47.255265686637],[-1.55604665349142,47.2545182836193],[-1.55774552464014,47.254580546211],[-1.55800008771703,47.253525640513],[-1.55842392553076,47.2535819426224],[-1.56007254509414,47.2538008767313],[-1.56059065508224,47.2533336675621],[-1.56362692247427,47.2522824458648],[-1.5641280551332,47.2521597579954],[-1.56538442830471,47.2518762453267],[-1.56690811183995,47.2518644096011],[-1.56636584489612,47.25260879673],[-1.56662882414273,47.2539138055696],[-1.5668581355505,47.2538946937543],[-1.5669025965265,47.2541123271371],[-1.56699227614712,47.2545308064577],[-1.56700512967949,47.2545908966065],[-1.56701133240035,47.2546197791857],[-1.56706327068748,47.2548619273961],[-1.56706931588854,47.2548903611891],[-1.56729602585652,47.2559789941262],[-1.56663935431795,47.2561606351954],[-1.56578764145203,47.2562510582302],[-1.56545849116867,47.2550071892681],[-1.56531989438932,47.2547050202615],[-1.56495706862835,47.2544517732873],[-1.56438407018318,47.2542332854834],[-1.56434595330788,47.2541532458045],[-1.56422745047779,47.2541209547798],[-1.56401958266126,47.2541421210971],[-1.56370051338579,47.2540623942989]]],"type":"Polygon"},"properties":{"gid":"6143","idbureau":"1090652","commune":"Nantes","code_insee":"44109","numero_bureau":"652","lien_lieu_vote":"109033","nom":"Le Baut","site":"Ecole Maternelle","num_canton":"6"}},{"type":"Feature","geometry":{"coordinates":[[[-1.55340814480371,47.2589762304159],[-1.55339543326619,47.2589451967062],[-1.55338644247669,47.2589096904871],[-1.55337401725129,47.2588711665939],[-1.55335358970973,47.2588272829983],[-1.55332846470563,47.2588031250812],[-1.55332676746219,47.2588014938087],[-1.55329614490411,47.2587823428273],[-1.5532725188681,47.2587738175655],[-1.55326903695395,47.2587717929415],[-1.55323360202389,47.2587629245084],[-1.55318995899568,47.258744739819],[-1.55317952523049,47.2587341601409],[-1.55317840660348,47.2587272662534],[-1.5531854771711,47.2587000443255],[-1.55319561713362,47.2586762149613],[-1.55320161760723,47.2586566043669],[-1.55320393340279,47.2586527281578],[-1.55321503847165,47.2586339966301],[-1.55323372082449,47.2586187494103],[-1.55324915920052,47.2586042614387],[-1.55323608677464,47.2585803541177],[-1.55323551110668,47.2585793019515],[-1.55320967522452,47.2585526627081],[-1.55317107424816,47.2585348865034],[-1.55316751548982,47.2585332478736],[-1.55309703403968,47.2585154054548],[-1.55300103123167,47.2585164150249],[-1.5529076713731,47.2585204735521],[-1.55283646094259,47.2585188790183],[-1.55279472538775,47.2585106204539],[-1.55278573696968,47.2585061107342],[-1.5527464837147,47.2584819851978],[-1.55258951386556,47.2583565570476],[-1.5524057898348,47.2582169603661],[-1.55229586393812,47.2581163310972],[-1.55229408062515,47.2581146987149],[-1.55212241294159,47.257951837116],[-1.55212067023804,47.2579501842007],[-1.55211885051899,47.2579056535829],[-1.55210347246341,47.2578696712978],[-1.55210313500575,47.2578688818142],[-1.55206630470653,47.2578514180958],[-1.55205071641039,47.2578440159811],[-1.55196678512017,47.2578313911173],[-1.55189355291401,47.257819722914],[-1.55188842461097,47.2578189060029],[-1.55182181110354,47.2577982965876],[-1.55178464481192,47.2577753495987],[-1.55165867602797,47.257698251156],[-1.55155729543179,47.2576502086671],[-1.55151586205565,47.2576305734859],[-1.5515072037961,47.2576264704973],[-1.55148266910772,47.2576148442752],[-1.55139104188426,47.2575617055645],[-1.55130799687496,47.2575238153579],[-1.55121655335906,47.2574976110554],[-1.55114518645034,47.2574988150245],[-1.55109196749928,47.2575079505805],[-1.55105765872673,47.2575230953334],[-1.55100218243394,47.2575476383099],[-1.55091759545024,47.2575955000417],[-1.55088335411823,47.2576129848333],[-1.55085571103349,47.2576271447492],[-1.55080993381267,47.2576350844584],[-1.5507363763369,47.2576307883041],[-1.55068867836821,47.2576193410403],[-1.55064193261444,47.2575942499994],[-1.55063089524974,47.2575827929501],[-1.55061144029688,47.2575626585311],[-1.55059488846751,47.2575253790713],[-1.55059588903045,47.2575116351835],[-1.55059866359506,47.2574735085661],[-1.5506004504049,47.2574711851649],[-1.55061521243203,47.2574516414362],[-1.55061554533044,47.257451200251],[-1.55065703330344,47.2573962705715],[-1.55066786897025,47.2573819237372],[-1.55069737064658,47.257355435812],[-1.55072342442738,47.2573319677929],[-1.55072920972523,47.2573268729939],[-1.5507930189447,47.257238745548],[-1.55090630195119,47.2571146890774],[-1.55093541768896,47.2570619954039],[-1.55094489583916,47.2570412560769],[-1.55093836056061,47.2569879916505],[-1.55093107603479,47.2569631403998],[-1.55090992864987,47.2569123467686],[-1.55085653837193,47.2567955203061],[-1.55082630681862,47.2567514838965],[-1.55076106933787,47.25666639339],[-1.55075383002547,47.2566598571649],[-1.5507269378885,47.2566355767939],[-1.55072189788477,47.2566323523017],[-1.55067273737029,47.2566099699935],[-1.55061338984081,47.2565953797157],[-1.55045786778573,47.2565627012443],[-1.55040135483655,47.2565534050188],[-1.55029902545138,47.2565376328453],[-1.55024519976594,47.2565334563255],[-1.55018880505966,47.256530192442],[-1.55014011905626,47.2565304078237],[-1.54993159887995,47.2565357791721],[-1.54974686568786,47.2565422809862],[-1.5497064082573,47.2565381156736],[-1.54967532361374,47.2565336694398],[-1.54964249507316,47.2565196508535],[-1.54963556249093,47.2565159605944],[-1.54963190423448,47.2565136653234],[-1.54957571072029,47.2564784126496],[-1.54955441759815,47.2564584409451],[-1.54950803076503,47.2564096373341],[-1.54949305368503,47.2563892354005],[-1.54947381739676,47.2563608023827],[-1.54947182228146,47.256357369912],[-1.549431775873,47.256288489217],[-1.54941088624035,47.2562763407667],[-1.54933737378973,47.2562446497009],[-1.54931382619463,47.2562370216485],[-1.54923631686524,47.2562143191395],[-1.54921353307904,47.2562109859371],[-1.54914981823019,47.2562041367239],[-1.54912845161576,47.256203450602],[-1.54901279489045,47.2562020811808],[-1.54899470894974,47.2562026167836],[-1.54876842447286,47.2562138252095],[-1.54875686918878,47.2562164450765],[-1.54851898072214,47.2562855099224],[-1.54840022355689,47.2563113845508],[-1.54828613835929,47.2563271381594],[-1.54827948948646,47.2563280563419],[-1.54827657996244,47.2563280813717],[-1.54819128221055,47.2563195627323],[-1.54803128993726,47.2562903017854],[-1.547880975402,47.2562736329791],[-1.54749362796438,47.2562554396656],[-1.54743239566073,47.2562613449293],[-1.54742392499954,47.256262162137],[-1.54733371356904,47.2562860051772],[-1.5472755794746,47.256309835139],[-1.54726875358921,47.2563126335726],[-1.54715038116603,47.2563631807456],[-1.54709601190635,47.2563820914454],[-1.54701214234289,47.256402709821],[-1.54695487014042,47.2564126210589],[-1.54694667052486,47.2564140402292],[-1.54689917335008,47.2564126754086],[-1.54681792151895,47.2564081405793],[-1.54668174363535,47.2563911812896],[-1.5464788129494,47.2563643376148],[-1.54634644468015,47.2563547961534],[-1.54589629497741,47.2563326840734],[-1.54558936089971,47.2563122950402],[-1.54522809674088,47.2562762037222],[-1.54522040664989,47.2562754355694],[-1.54495880039899,47.2562325279767],[-1.54478505466965,47.2561956068069],[-1.54463929395267,47.2561573499761],[-1.54463805393428,47.2561570250672],[-1.54463288924913,47.256155669547],[-1.54453118877029,47.2561165002913],[-1.54452574109345,47.2561144026699],[-1.54436500931119,47.2560469249972],[-1.54435979062934,47.2560447345159],[-1.54420970623871,47.2559686720629],[-1.54412497694308,47.2559171474442],[-1.54391273739945,47.2557795667795],[-1.54322654119237,47.255380942764],[-1.54309653371803,47.2553167902961],[-1.54302080700567,47.2552854532302],[-1.54295234161173,47.2552616683156],[-1.54197267208921,47.2549924954148],[-1.54174990864122,47.2549471448034],[-1.54157519541314,47.2549205293214],[-1.54149714011386,47.2549271421722],[-1.54144488559048,47.2549315695219],[-1.54109087264684,47.2549615618827],[-1.54105281124613,47.2549668501428],[-1.54091744111538,47.2549872462174],[-1.54085682173265,47.2550027065435],[-1.54073954879544,47.2550258114279],[-1.54022835526059,47.2550302755416],[-1.54022418689957,47.2550303122538],[-1.54021874072743,47.2550300768646],[-1.54007408273989,47.2550113725276],[-1.53921062758869,47.2548983219766],[-1.53920012676564,47.254896947199],[-1.53917715401056,47.2543772501799],[-1.53914324957854,47.2535516706307],[-1.53914561595398,47.252992910261],[-1.53914701620077,47.2526416950734],[-1.53916433246184,47.2525958997465],[-1.53920930949598,47.2524734411837],[-1.5393108309323,47.2521970274779],[-1.53942174078327,47.2518985128998],[-1.539789163981,47.2518084361603],[-1.54099564947375,47.2519264890511],[-1.54191850034763,47.2519529273336],[-1.54214355623325,47.2519737291168],[-1.54225249572924,47.2519491695613],[-1.54235644091958,47.2519469337025],[-1.54316009906439,47.2520352794334],[-1.54360919467861,47.252091864731],[-1.54465548130566,47.2522314842768],[-1.54595687662572,47.2524613056762],[-1.54699090789305,47.2526014045758],[-1.54713653389778,47.2526211790831],[-1.54809410079622,47.2527629464973],[-1.54920983091964,47.2524670524783],[-1.54999268681542,47.2522305489627],[-1.55068402524008,47.2521527602984],[-1.55189074218856,47.2522443934321],[-1.55201984062054,47.2521279057823],[-1.55333423164473,47.2523739647917],[-1.55301195300227,47.2525062456757],[-1.55269043418434,47.253398302171],[-1.55281599936607,47.2536460761818],[-1.55263872766446,47.2542153309532],[-1.55266898520081,47.2548350494375],[-1.5529330740835,47.2554159061329],[-1.55468158135195,47.2563999959638],[-1.55595495131239,47.25692058735],[-1.55659187264649,47.2574720960042],[-1.55699047106753,47.2594452557468],[-1.55693708517506,47.2594460630074],[-1.55583787932607,47.259648791426],[-1.55413325124434,47.2599090299898],[-1.55405321914043,47.2598878721119],[-1.55403039369522,47.2598856227211],[-1.55399044716414,47.2598643372467],[-1.55398726598284,47.25986264223],[-1.55397673063699,47.259852427063],[-1.55393689178211,47.2598137278256],[-1.5538961275669,47.2597688478883],[-1.55386765339823,47.2597227673849],[-1.55386694224353,47.2597216169665],[-1.55385015465599,47.2596506473829],[-1.55384398022995,47.2595474497232],[-1.55384515974364,47.2595473128864],[-1.55383443116277,47.2594605148255],[-1.55381196349003,47.2594262012376],[-1.55381114000882,47.259424944438],[-1.55369208833446,47.2592523313573],[-1.55367447872377,47.2591528963339],[-1.55367443534334,47.2591526520617],[-1.55366348914818,47.259083433382],[-1.55365386708784,47.259059125394],[-1.55362494231063,47.2590412588275],[-1.55357176998926,47.2590311649061],[-1.55356682166752,47.259030225598],[-1.5535134929804,47.2590226067634],[-1.55346839296674,47.2590106071305],[-1.55344058068973,47.2589980127324],[-1.55342185960549,47.2589880316956],[-1.55340814480371,47.2589762304159]]],"type":"Polygon"},"properties":{"gid":"6171","idbureau":"1090655","commune":"Nantes","code_insee":"44109","numero_bureau":"655","lien_lieu_vote":"109033","nom":"Le Baut","site":"Ecole Maternelle","num_canton":"6"}},{"type":"Feature","geometry":{"coordinates":[[[-1.59077880291084,47.20371062911],[-1.59065152077474,47.2037356811373],[-1.58870778762569,47.2037233643543],[-1.58869666697972,47.2037068978246],[-1.58864313496967,47.2036275677587],[-1.58911702420824,47.201649786886],[-1.58919415829376,47.2013535276807],[-1.59062205311967,47.2012965863807],[-1.59064009541109,47.2010290962181],[-1.59057618765315,47.2005506598945],[-1.59212505666852,47.2002820505088],[-1.59230101434764,47.2002846129534],[-1.59232231540976,47.2002849675182],[-1.59227083474479,47.2000138939076],[-1.59255572709635,47.1998873641865],[-1.59279598097619,47.1998728668296],[-1.59278855000455,47.1998364585009],[-1.5928290798786,47.1994974915532],[-1.59306896488112,47.1994258142862],[-1.59359321093515,47.1996884125151],[-1.59373980814855,47.1997285385317],[-1.59388611715997,47.1997862366408],[-1.59392489503372,47.2001307869356],[-1.59415813368515,47.2011564789797],[-1.59408985179838,47.2017546298721],[-1.59419733891825,47.2024823325497],[-1.59422036430825,47.2035321345643],[-1.59420302863877,47.203839506563],[-1.59404199296816,47.2038477899381],[-1.59402381112018,47.2036488128276],[-1.59089266873434,47.2036881922144],[-1.59085045470167,47.2036964761483],[-1.59077880291084,47.20371062911]]],"type":"Polygon"},"properties":{"gid":"5996","idbureau":"1090461","commune":"Nantes","code_insee":"44109","numero_bureau":"461","lien_lieu_vote":"109026","nom":"Plessis-Cellier","site":"Ecole Maternelle","num_canton":"4"}},{"type":"Feature","geometry":{"coordinates":[[[-1.58003761451005,47.2280995972752],[-1.57992482096615,47.228372285675],[-1.57973655659763,47.2288657742701],[-1.57909314558462,47.2303563839658],[-1.57907331902818,47.2304022629345],[-1.57906827274129,47.2304139403458],[-1.5790577520351,47.2304382863096],[-1.5788856402266,47.2303811737996],[-1.57731561948918,47.2298598444463],[-1.57658666530174,47.2299053008689],[-1.57638937502878,47.2304892479126],[-1.57629022711368,47.2307824563557],[-1.57601784746205,47.2309887701511],[-1.57483705859447,47.2311611423523],[-1.57401662327965,47.2312596780181],[-1.57374225683976,47.231059034209],[-1.57343534702154,47.2308346307372],[-1.57227335754686,47.2296323441967],[-1.57240218622919,47.2295833932077],[-1.57247276793945,47.229557672871],[-1.57252003916822,47.2295404881914],[-1.57327154306227,47.2294000144142],[-1.57339532796822,47.2293768754877],[-1.57340157904621,47.2293756498464],[-1.5740130999162,47.2292557668085],[-1.57532419023847,47.2289998082355],[-1.57533070194781,47.2289985685008],[-1.57559022871387,47.2289491694872],[-1.57705800362556,47.2286698594509],[-1.57706411918319,47.2286687056838],[-1.57715699573031,47.2286511868855],[-1.57720159943353,47.2286427379929],[-1.57822395000407,47.2284491468201],[-1.57823005861832,47.2284479743428],[-1.5786146109489,47.2283741831456],[-1.57861906625845,47.2283733675957],[-1.57904596818315,47.2282952251196],[-1.57930644206521,47.2282408930772],[-1.57930708613802,47.2282407682821],[-1.57991166752271,47.2281239615605],[-1.57998455764563,47.2281099567342],[-1.57999068526895,47.2281087599739],[-1.58003761451005,47.2280995972752]]],"type":"Polygon"},"properties":{"gid":"6096","idbureau":"1090612","commune":"Nantes","code_insee":"44109","numero_bureau":"612","lien_lieu_vote":"109049","nom":"Plantes","site":"Ecole Maternelle","num_canton":"6"}},{"type":"Feature","geometry":{"coordinates":[[[-1.5487433812612,47.2353139922047],[-1.54931470939771,47.2352405325267],[-1.54949065441767,47.2352231653682],[-1.55076278607704,47.2350829192148],[-1.55135204593396,47.2349101178256],[-1.55199736876457,47.2346863378438],[-1.5522935985712,47.2345573651041],[-1.55315926196667,47.2341759130124],[-1.55474881207201,47.2334639757973],[-1.55498826601791,47.2333636649853],[-1.55524364437994,47.2332768672592],[-1.55561323616195,47.2331695495959],[-1.55596125094748,47.2330910619555],[-1.55626471542429,47.2330418191788],[-1.55639453826555,47.2330195986948],[-1.55655362057791,47.2329923420637],[-1.55683188524308,47.2329875388526],[-1.55684445127204,47.23360173987],[-1.55683564843843,47.2350524892174],[-1.55927960983139,47.2357721732792],[-1.56091592757064,47.2360930030946],[-1.56174467055437,47.2363848162412],[-1.56135651551358,47.2369036714404],[-1.56088186374385,47.2375186656818],[-1.56075361903306,47.2379547873306],[-1.56058053822582,47.2385160815244],[-1.56045538242865,47.2389747041054],[-1.56032162845662,47.2395205303097],[-1.56011522366857,47.2398695841115],[-1.56007668761204,47.2399614948184],[-1.56004978257597,47.2399715913637],[-1.55999816354176,47.2399891870879],[-1.55910772785911,47.2402927174106],[-1.55899192853093,47.2403315754119],[-1.5588105080551,47.2403919242802],[-1.55865573023342,47.2404421861624],[-1.55807538530142,47.2406417432151],[-1.55704164185005,47.2409744269611],[-1.55701606794192,47.2409801421123],[-1.5569749281154,47.2409890967134],[-1.55689875213865,47.2410055383481],[-1.55675355955675,47.2410112513721],[-1.55669383689992,47.2411028871388],[-1.55664949565531,47.2413931379255],[-1.55660023765167,47.2419974446884],[-1.55659619720577,47.242118179923],[-1.55658790412562,47.2423676765218],[-1.55656668092519,47.2425867169395],[-1.55640361424668,47.2425832146471],[-1.55634778162545,47.2425829551441],[-1.55634262594718,47.2425829316104],[-1.55585822516351,47.2426019843498],[-1.55496512736568,47.2426406816115],[-1.55433427504936,47.2426663811493],[-1.55401807719794,47.2426995657879],[-1.55367893111346,47.2427445123442],[-1.55364569712118,47.2427440119284],[-1.55311165871259,47.2428479499265],[-1.55256461217844,47.2429713294741],[-1.55208267249567,47.2430660285846],[-1.55158629399378,47.243145992011],[-1.55115232605193,47.2431819682932],[-1.55067342452913,47.2431547897509],[-1.55021181033988,47.2431143268656],[-1.54983654072467,47.2430298818192],[-1.54942444658497,47.2428864194218],[-1.5491113324707,47.2427544858659],[-1.54879946388473,47.2426215155411],[-1.54865932256128,47.2425603086882],[-1.5484294705442,47.2424421372529],[-1.54800195096586,47.2423191879],[-1.54769176973987,47.2422366860127],[-1.54750547180096,47.2421791040261],[-1.54797442021951,47.240696205553],[-1.54798380335713,47.2406669784347],[-1.54861566423548,47.2395429112844],[-1.5487344149715,47.2393515695921],[-1.54936148348089,47.2383440259234],[-1.54969314510435,47.237835946949],[-1.54982197781376,47.2375432083756],[-1.54983934423907,47.2372161287956],[-1.54982326236015,47.2370111375223],[-1.54981079460619,47.2369268966553],[-1.54971105825529,47.2366079945828],[-1.54954256620954,47.2362764617802],[-1.54946226340992,47.2361800430072],[-1.54932148332286,47.2360110095304],[-1.549167686439,47.2357888633878],[-1.54890020431758,47.2355072271983],[-1.5487433812612,47.2353139922047]]],"type":"Polygon"},"properties":{"gid":"6008","idbureau":"1090163","commune":"Nantes","code_insee":"44109","numero_bureau":"163","lien_lieu_vote":"109029","nom":"Charles Lebourg","site":"Ecole Primaire","num_canton":"1"}},{"type":"Feature","geometry":{"coordinates":[[[-1.5322581053487,47.2191645337624],[-1.53252149694527,47.2191085940777],[-1.53377932715299,47.2188576808313],[-1.53427076275636,47.219467056711],[-1.53445926096262,47.2196769771745],[-1.53483217998868,47.2200970458814],[-1.5351731240336,47.2204786392865],[-1.53519180379122,47.2204995461165],[-1.53519846716067,47.2205067780429],[-1.53533613247326,47.2206561887738],[-1.53484917896201,47.2208619541662],[-1.53474604425465,47.2209110827003],[-1.53393229068152,47.2211809566487],[-1.5338623836054,47.2214975473072],[-1.5355076348639,47.2219210018446],[-1.53523486386118,47.2219607882787],[-1.53451709945393,47.2224045116767],[-1.53374723871038,47.2228978082575],[-1.53304926009273,47.223343110244],[-1.53208932310493,47.2239414909489],[-1.53127929506258,47.224464935408],[-1.53067023973028,47.2249173250896],[-1.5304969775304,47.2250408565201],[-1.52990603281983,47.2249299001635],[-1.52968798543954,47.2249312695696],[-1.53029007462121,47.2237182334339],[-1.5301651617325,47.2236966615961],[-1.53021299363321,47.2235791433642],[-1.53028741142879,47.2233850751483],[-1.53029107751486,47.22337540638],[-1.53039310904799,47.2231096222711],[-1.5306550576978,47.2225870939964],[-1.53093896391201,47.2220189764832],[-1.5319514394746,47.2199294083856],[-1.53250761318858,47.2198307629631],[-1.5322581053487,47.2191645337624]]],"type":"Polygon"},"properties":{"gid":"6094","idbureau":"1090222","commune":"Nantes","code_insee":"44109","numero_bureau":"222","lien_lieu_vote":"109009","nom":"Louis Guiotton","site":"Ecole Maternelle","num_canton":"2"}},{"type":"Feature","geometry":{"coordinates":[[[-1.58185938553748,47.2028347832377],[-1.58151497942215,47.2034470777569],[-1.58145948049668,47.2035826292517],[-1.5815418162818,47.2039599290497],[-1.58133620088716,47.2041716458043],[-1.58158142295319,47.2043276881044],[-1.58336604317978,47.2053941346152],[-1.58317782126991,47.2061664003652],[-1.58336505038195,47.2061530068573],[-1.5834600942187,47.2062326356849],[-1.58332532785305,47.2067783613002],[-1.58379447541551,47.206836979837],[-1.5837438851941,47.207066668692],[-1.58299727048604,47.2071933938765],[-1.58248337744842,47.2076934701327],[-1.58235712220018,47.2076659600799],[-1.58230003765261,47.2076534907572],[-1.58219954155564,47.2077142818199],[-1.5820533688885,47.2079726188064],[-1.58204690615513,47.2079818452943],[-1.58203326911367,47.2080014043728],[-1.5818946122372,47.2082143737905],[-1.58161444357177,47.2086446907506],[-1.58158735882242,47.2086611035327],[-1.58135571509074,47.2088010214595],[-1.58128474182941,47.2088444149091],[-1.58073868664625,47.2091458707453],[-1.58076799709101,47.2091198493371],[-1.57996451967549,47.2084555111477],[-1.57951149805463,47.2077736758947],[-1.57869606008248,47.207626555297],[-1.57885122731049,47.2073771025141],[-1.57910770495769,47.2069696512418],[-1.57901218086493,47.2067461001781],[-1.5794987081453,47.2059855088796],[-1.57867382360824,47.2060522629349],[-1.57806978886417,47.2059598350994],[-1.5781426677707,47.2058485548958],[-1.57814908749505,47.2058386995888],[-1.57875611953012,47.2053451207486],[-1.57930313764871,47.2049003236072],[-1.57964679049074,47.2046350149338],[-1.57948106271117,47.2045321085063],[-1.57926187916113,47.204395894634],[-1.57916814988613,47.2043377428062],[-1.57909144164554,47.2042900910844],[-1.57926419930385,47.2041565912634],[-1.57937491660599,47.2040730279623],[-1.58041502606515,47.2035686867789],[-1.58050165865875,47.2035370102652],[-1.58073206878892,47.2034238867953],[-1.5809018312081,47.2033128247492],[-1.58127619952549,47.2029907089209],[-1.5814593690152,47.202869641372],[-1.58168347987008,47.2028131108905],[-1.58185938553748,47.2028347832377]]],"type":"Polygon"},"properties":{"gid":"6014","idbureau":"1090432","commune":"Nantes","code_insee":"44109","numero_bureau":"432","lien_lieu_vote":"109024","nom":"Mutualit\u00e9","site":"Ecole Elementaire","num_canton":"4"}},{"type":"Feature","geometry":{"coordinates":[[[-1.52169455804674,47.2079411651266],[-1.52263754843362,47.2086297686961],[-1.52414884682553,47.2097280455047],[-1.52391961169421,47.2098887457406],[-1.52400638785958,47.209994102721],[-1.52471803435553,47.2102252387454],[-1.52501248018307,47.2103638943968],[-1.52536555692911,47.2105657953243],[-1.52687588194315,47.2096604462515],[-1.52776714953816,47.2091791502307],[-1.52817613452281,47.208958280629],[-1.52961955199213,47.2081196249672],[-1.52987918909599,47.2080325551244],[-1.53019338673109,47.2084445229409],[-1.53044021638927,47.2086339340394],[-1.53107483221255,47.2096241829921],[-1.53168951611539,47.2105725873801],[-1.53275967942986,47.2105056816797],[-1.53424392785348,47.2103434404946],[-1.5342655036932,47.2117329051481],[-1.53421165976911,47.2117395769354],[-1.53389753216243,47.2117788569583],[-1.53329090669126,47.2118512848285],[-1.53277350527423,47.2119310716996],[-1.53220305206291,47.2120084040347],[-1.53158871103566,47.2120838736538],[-1.53117381766085,47.2121519824782],[-1.53104045247076,47.2121738753383],[-1.53093040090578,47.2121984641835],[-1.52986265388467,47.2123175076385],[-1.52862650528673,47.2125134526643],[-1.52816949858046,47.2125858907751],[-1.52672488135349,47.2128148558708],[-1.52672475348832,47.2128148762288],[-1.52589900226056,47.2130399910328],[-1.52589303616871,47.2130416173843],[-1.52082960340631,47.2144417212795],[-1.52039468052796,47.2145619689934],[-1.52038879487827,47.2145635963845],[-1.51865685979412,47.2151143710345],[-1.51864670349802,47.2151176008326],[-1.51862659811531,47.2151247577969],[-1.51491447165503,47.2164476672357],[-1.51491235612637,47.2164484216805],[-1.51158324456134,47.2167751005581],[-1.51436115635316,47.2135349816522],[-1.51437769734269,47.2135179323593],[-1.51563773939616,47.2125465839568],[-1.51565665590562,47.2125320009252],[-1.51596769792292,47.2123152317798],[-1.51598030206173,47.2123063563747],[-1.51605759452887,47.2122524977027],[-1.51606983367212,47.2122439970597],[-1.51850792264655,47.2105453033449],[-1.52092933454047,47.2085456247575],[-1.52093153233247,47.2085405112486],[-1.52094059928679,47.2085194111117],[-1.52169455804674,47.2079411651266]]],"type":"Polygon"},"properties":{"gid":"5978","idbureau":"1090361","commune":"Nantes","code_insee":"44109","numero_bureau":"361","lien_lieu_vote":"109017","nom":"Louise Michel","site":"Ecole Maternelle","num_canton":"3"}},{"type":"Feature","geometry":{"coordinates":[[[-1.52641775151166,47.2285340274056],[-1.52626824562999,47.2285894734348],[-1.52626294433743,47.2287760859896],[-1.52636979574105,47.2291572700927],[-1.52594271771356,47.229466726458],[-1.52557018817645,47.2292552977163],[-1.52528632574395,47.2294516066665],[-1.52410614765191,47.2303721580152],[-1.52371974548948,47.230681318825],[-1.52355123381054,47.2308161170633],[-1.52326765848264,47.2307526575937],[-1.52238243626525,47.2304121169312],[-1.52186354677902,47.2302303032376],[-1.52167853571768,47.2301654761105],[-1.5203315158892,47.2299520534055],[-1.51993862131679,47.2298907114732],[-1.51971629030894,47.2299247170248],[-1.51917566483314,47.2301233803232],[-1.51888039363079,47.2302332248988],[-1.51828777751239,47.2304592023041],[-1.51784537692688,47.2298263301791],[-1.51766675485655,47.2295438209556],[-1.51764989570378,47.2293281369623],[-1.51854070046816,47.2272664547874],[-1.51884921409985,47.2272225562523],[-1.51963839172422,47.2279431703694],[-1.52305976367905,47.2279165921089],[-1.522872235571,47.2273350049702],[-1.52306271194333,47.2271162537123],[-1.52294513120814,47.2262303376319],[-1.52318771754881,47.2262060950911],[-1.52398888588291,47.2267899176975],[-1.52465052635936,47.2272648352272],[-1.52567504337186,47.2280042785867],[-1.52630581983756,47.228454283801],[-1.52641775151166,47.2285340274056]]],"type":"Polygon"},"properties":{"gid":"6074","idbureau":"1090231","commune":"Nantes","code_insee":"44109","numero_bureau":"231","lien_lieu_vote":"109041","nom":"Gay Lussac","site":"Ecole Primaire","num_canton":"2"}},{"type":"Feature","geometry":{"coordinates":[[[-1.5322581053487,47.2191645337624],[-1.53250761318858,47.2198307629631],[-1.5319514394746,47.2199294083856],[-1.53093896391201,47.2220189764832],[-1.53075891232736,47.2219898886694],[-1.53071392558388,47.2219912189444],[-1.53009362964366,47.2220096835917],[-1.52996207640051,47.2221266778078],[-1.52891945311055,47.2226291763957],[-1.5288649687281,47.2227882598708],[-1.52808785293772,47.2226509341276],[-1.52779338601739,47.2225587610783],[-1.52725454169565,47.2223175210588],[-1.52587599176765,47.2221942088006],[-1.52561326842932,47.2221662655828],[-1.52485946843532,47.2221465751687],[-1.52461123501026,47.2224019395475],[-1.52428318321821,47.2227988643627],[-1.524163384549,47.2236726427032],[-1.52386395071425,47.2236765462704],[-1.52372540086524,47.2236821757877],[-1.52327880984499,47.2237005529819],[-1.52302387775938,47.2237111592111],[-1.52200783415036,47.224376356666],[-1.52176225511562,47.2245368754549],[-1.52134805277943,47.2248854242844],[-1.52009897233313,47.2239891748298],[-1.51993970157937,47.2238741787341],[-1.51977219765385,47.2237532341876],[-1.51883917365334,47.223079547956],[-1.51850654862985,47.2233581408433],[-1.51681334376879,47.2236776134121],[-1.51595810207141,47.2234264008587],[-1.51497156077208,47.2225149962785],[-1.51758237880456,47.2220968416731],[-1.52051284618103,47.2221118596705],[-1.52217505793254,47.2219799488136],[-1.52238010095596,47.2219541712657],[-1.5246615342769,47.2208325609489],[-1.52824724459863,47.2199392722281],[-1.5322581053487,47.2191645337624]]],"type":"Polygon"},"properties":{"gid":"6079","idbureau":"1090234","commune":"Nantes","code_insee":"44109","numero_bureau":"234","lien_lieu_vote":"109041","nom":"Gay Lussac","site":"Ecole Primaire","num_canton":"2"}},{"type":"Feature","geometry":{"coordinates":[[[-1.55530072263041,47.2082852077501],[-1.55510419830583,47.2073292823314],[-1.55524551987268,47.2072369601126],[-1.55508265056298,47.2064857083964],[-1.55506477728522,47.2064035380817],[-1.55505286151334,47.2063487287458],[-1.55536957237022,47.2058729196501],[-1.55533057591309,47.2053729140283],[-1.55721314698814,47.2051893537694],[-1.55799613111773,47.2051170520672],[-1.55886771847493,47.2050365244176],[-1.56011727673806,47.2049066460016],[-1.5606122830246,47.2048491984245],[-1.5615724332266,47.2047543968118],[-1.56203888812854,47.2068245942166],[-1.56256385314756,47.2091542757475],[-1.56202744255659,47.2091689481282],[-1.56140470357708,47.2090230233244],[-1.56114936819737,47.2089635651175],[-1.55530072263041,47.2082852077501]]],"type":"Polygon"},"properties":{"gid":"6179","idbureau":"1090342","commune":"Nantes","code_insee":"44109","numero_bureau":"342","lien_lieu_vote":"109054","nom":"Aim\u00e9 C\u00e9saire","site":"Ecole Primaire","num_canton":"3"}},{"type":"Feature","geometry":{"coordinates":[[[-1.50563173624356,47.2579727122054],[-1.5056325818192,47.2579723664011],[-1.5056337317727,47.2579718951352],[-1.50717041585066,47.2573420268344],[-1.50717292288187,47.2573434080251],[-1.51028403185051,47.2560730805316],[-1.51165366835673,47.2553299251509],[-1.5147797725627,47.2572280961673],[-1.51544626551264,47.2582199710604],[-1.51522718548379,47.2584611392343],[-1.51820979619948,47.2587255113157],[-1.5181467468929,47.2591960428631],[-1.51821773978364,47.25963949398],[-1.51820502540169,47.2598760683867],[-1.51785603931175,47.2602792046632],[-1.51739399020638,47.2607858010698],[-1.51715317381737,47.2610386447977],[-1.51706922860693,47.2611698831908],[-1.51637395102229,47.2621902108793],[-1.51592202140375,47.2628533183062],[-1.51483064445009,47.262537515201],[-1.50818713917683,47.262022229454],[-1.50785452332156,47.2619815719734],[-1.50756653393081,47.2619098800258],[-1.50714125373402,47.2618014940829],[-1.50708434900857,47.2617869903704],[-1.50708211429824,47.2617864211373],[-1.50604124906494,47.2615234893448],[-1.50609811906071,47.2614182935897],[-1.50623909872409,47.2611572854055],[-1.50638616271295,47.2608850116059],[-1.50655403108164,47.260574151484],[-1.50662268975108,47.2604470269644],[-1.50665409364148,47.260394256626],[-1.50666440596135,47.2603769128883],[-1.50673232648545,47.2602629723077],[-1.50672579413995,47.2602551416439],[-1.50653864095189,47.2600308009369],[-1.5064713359757,47.2599501841393],[-1.50646089882134,47.2599378887536],[-1.50625515485183,47.2596945663976],[-1.50603911531049,47.2594390328675],[-1.50621276500059,47.2593702343046],[-1.50616214847807,47.2592568863322],[-1.50631616914775,47.2591954346359],[-1.50631527891164,47.2591942981931],[-1.50619383229046,47.2590516925952],[-1.50595953547828,47.2587765699429],[-1.50589292521156,47.2586119385152],[-1.50582631922499,47.2584472275993],[-1.50578573852616,47.2583414151863],[-1.50577655694383,47.2583173570988],[-1.50572661742202,47.2581869529096],[-1.50570419349435,47.2581362027034],[-1.50565032310653,47.2580146502528],[-1.50563173624356,47.2579727122054]]],"type":"Polygon"},"properties":{"gid":"6147","idbureau":"1090752","commune":"Nantes","code_insee":"44109","numero_bureau":"752","lien_lieu_vote":"109036","nom":"Beaujoire","site":"Ecole Elementaire","num_canton":"7"}},{"type":"Feature","geometry":{"coordinates":[[[-1.55044029415934,47.2100480322381],[-1.55097536387883,47.2110470750073],[-1.55069666258958,47.2111395738866],[-1.54981422129153,47.2114491646364],[-1.54988146389308,47.2115851531494],[-1.54981553630734,47.2116475387511],[-1.5498267861659,47.2116731917225],[-1.54984707450286,47.2117196113527],[-1.54985642051688,47.21174091368],[-1.54987562364068,47.2117850290065],[-1.54952807176632,47.211919150125],[-1.54741459175706,47.2128733210123],[-1.54748479712707,47.212957332236],[-1.54692768556925,47.2132092886903],[-1.54642171658295,47.2134138550035],[-1.54531326358295,47.2139485484119],[-1.54518599162226,47.2137976500358],[-1.54516227883103,47.2137695353321],[-1.54514636254432,47.2137506138421],[-1.54510645146536,47.2137033247841],[-1.54491309338868,47.2134740399517],[-1.54640106745708,47.2128723451602],[-1.54656383235435,47.2122790773231],[-1.54659406037793,47.212127198112],[-1.54663953296893,47.2121108959785],[-1.5466586235583,47.2120150474441],[-1.54662513143393,47.2119706918446],[-1.54672245897343,47.2114811395973],[-1.54679972810824,47.2110104550066],[-1.54703397766927,47.2103494792235],[-1.54708434976072,47.2101383721042],[-1.54719217337437,47.2096497234046],[-1.54720791693267,47.2095880388637],[-1.547873162148,47.2094369114076],[-1.54849360319975,47.20922028053],[-1.54893214223983,47.2090671510419],[-1.54972861828589,47.2089795909407],[-1.54992505013508,47.2089580198371],[-1.54995809218512,47.2092219353882],[-1.55044029415934,47.2100480322381]]],"type":"Polygon"},"properties":{"gid":"6165","idbureau":"1090333","commune":"Nantes","code_insee":"44109","numero_bureau":"333","lien_lieu_vote":"109016","nom":"Emile P\u00e9hant","site":"Ecole Elementaire","num_canton":"3"}},{"type":"Feature","geometry":{"coordinates":[[[-1.51252506178254,47.2291033190492],[-1.51299068286439,47.2294295723819],[-1.51351852545166,47.2297714895354],[-1.51386424894611,47.2299951051802],[-1.51426167828124,47.2303601985134],[-1.51498876141573,47.2300017688777],[-1.51528586823071,47.2299117755239],[-1.51548346905623,47.2298868898416],[-1.51642104446683,47.2298737556118],[-1.51644416147624,47.2301965893185],[-1.51645595027744,47.2305659154563],[-1.51641157041203,47.2306749388135],[-1.51601746886961,47.2314360132241],[-1.51584266539119,47.2317665384731],[-1.51576723982944,47.2319102060885],[-1.51570347775749,47.2320316585315],[-1.51557378332906,47.2319180948235],[-1.51479567555965,47.2319868729464],[-1.51453592321003,47.2320503962279],[-1.51411698257128,47.2321545451412],[-1.51321623656679,47.2324098734472],[-1.51257710998356,47.2326663745006],[-1.51247294448448,47.2327145224434],[-1.51194861248077,47.232912519409],[-1.5115170391611,47.2324514670769],[-1.51077275740832,47.2327241646426],[-1.51014591070035,47.2324600167413],[-1.50872502756358,47.2317838308307],[-1.50828467209914,47.2315624505076],[-1.50890885677988,47.2311421973592],[-1.50895940047782,47.231113222025],[-1.51083298466392,47.2299338174736],[-1.51140173180668,47.2295815957615],[-1.51176911105788,47.22935272586],[-1.51237746735745,47.2289998973689],[-1.51252506178254,47.2291033190492]]],"type":"Polygon"},"properties":{"gid":"6126","idbureau":"1090731","commune":"Nantes","code_insee":"44109","numero_bureau":"731","lien_lieu_vote":"109040","nom":"Maurice Mac\u00e9","site":"Ecole Maternelle","num_canton":"7"}},{"type":"Feature","geometry":{"coordinates":[[[-1.55033763779656,47.2149635287446],[-1.55051934960646,47.2151339358249],[-1.55112045613426,47.2158460016255],[-1.55151191377422,47.2163050252507],[-1.55175170507925,47.2165851557796],[-1.5522339438627,47.2171527063111],[-1.55225433170565,47.2171766984619],[-1.55236616706399,47.2173077583077],[-1.5523794663639,47.2173233405546],[-1.55240677634347,47.2173553860304],[-1.55246947883331,47.2174287449155],[-1.55283029580287,47.2178514198577],[-1.55297028157967,47.2180150328268],[-1.55314274688912,47.2182102184267],[-1.5548594106563,47.2202438247063],[-1.55491028366576,47.2203057384864],[-1.55441520225503,47.2206005779019],[-1.55314549432823,47.2214277395831],[-1.55300878076362,47.2215167469885],[-1.55192435129837,47.2212517839679],[-1.55155038329521,47.2208193728424],[-1.55058454278383,47.219658726865],[-1.55094748292621,47.2195157096059],[-1.55129877851744,47.21944342899],[-1.55110887737661,47.2191113532545],[-1.55098980195772,47.2191555421026],[-1.5507323540167,47.2192512293717],[-1.55055249437264,47.2190300545215],[-1.5504222764388,47.2188072307693],[-1.55079666357984,47.218129393712],[-1.55066282015153,47.2178119571171],[-1.55034504119244,47.2174108960818],[-1.55031242012697,47.2170002768478],[-1.55020876373343,47.2167912719163],[-1.54814631511802,47.2168835433894],[-1.54708134264008,47.2162394857642],[-1.54691342150722,47.2160129432841],[-1.5468900920969,47.2159814689258],[-1.54677801117485,47.2158302598398],[-1.54674845694169,47.2157782054606],[-1.54670355457419,47.215716851426],[-1.54661280806841,47.2155998447236],[-1.54660103286384,47.2155846628988],[-1.54660652077288,47.2155826272832],[-1.54661152797846,47.215580770187],[-1.54661301251041,47.2155802203338],[-1.54669345860927,47.2155503855356],[-1.54676796347364,47.2155077960602],[-1.55365878509454,47.2125782998622],[-1.55365913090551,47.212578152791],[-1.55383307384949,47.2125041947274],[-1.55412197039117,47.2128452592528],[-1.55405828880311,47.2128747898185],[-1.55394996495312,47.212919584218],[-1.5535834771458,47.213071132145],[-1.5535831753891,47.2130712531401],[-1.55326258928762,47.2131992306576],[-1.55269884376516,47.2134342370017],[-1.55254451953224,47.2135024919646],[-1.55172408479176,47.2140343721741],[-1.55153466429383,47.2141581198207],[-1.55117031909897,47.2144033266701],[-1.55079410767701,47.2146489294357],[-1.55068999575423,47.2147170202391],[-1.55033763779656,47.2149635287446]]],"type":"Polygon"},"properties":{"gid":"6026","idbureau":"1090131","commune":"Nantes","code_insee":"44109","numero_bureau":"131","lien_lieu_vote":"109006","nom":"Sully","site":"Ecole Maternelle","num_canton":"1"}},{"type":"Feature","geometry":{"coordinates":[[[-1.57173227019701,47.2549032282221],[-1.57187005089302,47.2550272667281],[-1.57118523358358,47.2553791299956],[-1.57101114396668,47.2554986903632],[-1.57095223377654,47.2555180735424],[-1.57081791587225,47.2557347324253],[-1.57081635175823,47.2557911642292],[-1.57079653873944,47.2565212985605],[-1.5707911948826,47.2566328049245],[-1.570765134802,47.257168775625],[-1.57076549966168,47.2572661260941],[-1.57076832680867,47.2579963933009],[-1.57060326864758,47.2584334969033],[-1.57038987425984,47.2591904506973],[-1.56962378643853,47.2591242533119],[-1.56872529951723,47.2595748431986],[-1.56704882792736,47.2610469991655],[-1.56717597434471,47.2621942086959],[-1.56667249759287,47.2623222055879],[-1.56373992816379,47.2610166131927],[-1.563456494031,47.2609653065692],[-1.56455856364275,47.260504366051],[-1.56428720038142,47.2602067751669],[-1.5644478144339,47.2601469447629],[-1.56486865135049,47.2599835603843],[-1.565979110467,47.2595763622004],[-1.56650472019779,47.2590595162709],[-1.56634329621339,47.258426576115],[-1.56617788177557,47.2576085055954],[-1.56600928545914,47.2568318827236],[-1.56578764145203,47.2562510582302],[-1.56663935431795,47.2561606351954],[-1.56729602585652,47.2559789941262],[-1.56706931588854,47.2548903611891],[-1.56706327068748,47.2548619273961],[-1.56701133240035,47.2546197791857],[-1.56816189820764,47.2544972513163],[-1.56842469772399,47.2544692624974],[-1.56853148857621,47.2549842581977],[-1.5687657044005,47.2549670527062],[-1.56927840117552,47.254935458835],[-1.56934750342597,47.2548798913538],[-1.56957804173472,47.2546185430571],[-1.57027003057226,47.2538342140667],[-1.57149121420539,47.2540285489869],[-1.57173227019701,47.2549032282221]]],"type":"Polygon"},"properties":{"gid":"6151","idbureau":"1090664","commune":"Nantes","code_insee":"44109","numero_bureau":"664","lien_lieu_vote":"109031","nom":"Chauvini\u00e8re","site":"Ecole Maternelle","num_canton":"6"}},{"type":"Feature","geometry":{"coordinates":[[[-1.53946531319641,47.2068919413028],[-1.54225009118329,47.2056587176972],[-1.54230945594569,47.204780606419],[-1.54630144115278,47.2042931315898],[-1.54658462687468,47.20470069763],[-1.54682352759347,47.205106147502],[-1.54729907927781,47.2056183728008],[-1.5474530562554,47.2058496995198],[-1.54889574768217,47.2079029879193],[-1.54359287377442,47.2096385548647],[-1.54213904552903,47.2101143198601],[-1.54212536696434,47.2101188328006],[-1.54153114118218,47.2093806367721],[-1.53983181581071,47.2073408547501],[-1.53946531319641,47.2068919413028]]],"type":"Polygon"},"properties":{"gid":"5983","idbureau":"1090353","commune":"Nantes","code_insee":"44109","numero_bureau":"353","lien_lieu_vote":"109055","nom":"Jane Vialle","site":"Ecole Elementaire","num_canton":"3"}},{"type":"Feature","geometry":{"coordinates":[[[-1.57960379500809,47.2122832926571],[-1.57906719394725,47.212127154343],[-1.58014588097705,47.2118117190544],[-1.58021899074573,47.2117903397361],[-1.58102109386125,47.2115737519176],[-1.58293951517902,47.2110182784094],[-1.58319866387869,47.2110445013872],[-1.58388718754784,47.2110641361943],[-1.58472221407056,47.2110879733179],[-1.58548001495743,47.2111096554428],[-1.58566466421076,47.2111149010662],[-1.5862522656112,47.2111317395087],[-1.58627968366436,47.211132516977],[-1.58641511162426,47.2111244887148],[-1.58662542143338,47.2111120142016],[-1.58592780011018,47.2138793759181],[-1.58594121779491,47.2140497817934],[-1.58595210503489,47.2141892909801],[-1.58557060487911,47.2142831579234],[-1.58476080807004,47.2144383396046],[-1.58458476696785,47.2144461306115],[-1.58337561019835,47.2143359376504],[-1.5831033338015,47.214358078375],[-1.5828192322581,47.214269293401],[-1.58223981058127,47.2141172312168],[-1.58280220977468,47.2133780014917],[-1.58281053060118,47.2133670923912],[-1.58291458869533,47.2132302490829],[-1.58285628412112,47.2132138573724],[-1.58197074690381,47.212964570093],[-1.58114633155653,47.2127321142656],[-1.5810570586001,47.2127061394317],[-1.5809575264572,47.2126771802535],[-1.58031538967012,47.2124903434974],[-1.57984271469455,47.212352811208],[-1.57960379500809,47.2122832926571]]],"type":"Polygon"},"properties":{"gid":"6042","idbureau":"1090544","commune":"Nantes","code_insee":"44109","numero_bureau":"544","lien_lieu_vote":"109020","nom":"Fraternit\u00e9","site":"Ecole El\u00e9mentaire","num_canton":"5"}},{"type":"Feature","geometry":{"coordinates":[[[-1.51225058079552,47.240412892699],[-1.51235182678427,47.2403570077189],[-1.51277482169954,47.2400748575719],[-1.51337119196313,47.2396770343344],[-1.51386357819518,47.2393485182594],[-1.51516920033912,47.2383946214531],[-1.51549097940064,47.2381967213815],[-1.51583226374265,47.2380069875523],[-1.51611078674222,47.2387381139164],[-1.51620016476637,47.2389729011036],[-1.51626947736216,47.2391548575591],[-1.51639179733694,47.2394760845445],[-1.51639799273675,47.2394922697724],[-1.51650611260177,47.2397760586701],[-1.51707372757719,47.2412447922598],[-1.51766136813246,47.2416473823066],[-1.51880780886893,47.2408520569621],[-1.51904309731178,47.2410082915406],[-1.5193513102428,47.2412164834654],[-1.51951003936647,47.2413288036412],[-1.51803635971743,47.2423070951881],[-1.51777665750547,47.243082231071],[-1.5170756903428,47.2435115845722],[-1.51640269202629,47.2441384970646],[-1.51562821697251,47.243703687388],[-1.5148978544829,47.2432072338996],[-1.514264884148,47.2427866879331],[-1.51373110380938,47.2424320940657],[-1.51244491816121,47.242147008802],[-1.51173873359002,47.242191832312],[-1.51161807618512,47.2421801852184],[-1.51151475178818,47.2421576027245],[-1.51213145697305,47.2406468055231],[-1.51225058079552,47.240412892699]]],"type":"Polygon"},"properties":{"gid":"6175","idbureau":"1090745","commune":"Nantes","code_insee":"44109","numero_bureau":"745","lien_lieu_vote":"109051","nom":"Julien Gracq","site":"Ecole Primaire","num_canton":"7"}},{"type":"Feature","geometry":{"coordinates":[[[-1.55565702612357,47.2269172796821],[-1.55590105721857,47.2266021779843],[-1.55639792889653,47.2273199032859],[-1.55650194714371,47.2274975159242],[-1.55659454072434,47.2275688755584],[-1.55667784479472,47.2277361138755],[-1.55657372251677,47.2280932380083],[-1.55626285142497,47.2290870937102],[-1.55628509723844,47.2290966115805],[-1.55635920947905,47.2291957015559],[-1.55649160583558,47.2293724482097],[-1.55749850530779,47.2297995049577],[-1.55837903910807,47.2302413579061],[-1.55865990440618,47.2303903870471],[-1.55852685790365,47.2304210020694],[-1.55838449379653,47.2304670625335],[-1.55719349441448,47.2308519787976],[-1.55690784073218,47.2310040253185],[-1.556794028858,47.2310645189695],[-1.55626743947858,47.231212808779],[-1.55563202123179,47.2317300821333],[-1.55466893581652,47.231198586948],[-1.55511760067573,47.2308351528754],[-1.55520448535009,47.2307099053007],[-1.55539491461908,47.2306465580527],[-1.55574044759157,47.2304177418826],[-1.55563054256843,47.230341109165],[-1.55448432997809,47.2295947645092],[-1.55428653448244,47.2294658901312],[-1.5540247427813,47.2293025129693],[-1.55394858491222,47.2291970952276],[-1.55366595644629,47.2291053063204],[-1.55316384814041,47.2287662955607],[-1.55312309272176,47.2287366878821],[-1.55260611495725,47.2282439855549],[-1.55263772979594,47.228220569871],[-1.5526472682975,47.2282135058978],[-1.55389632589136,47.2273254493644],[-1.55374115724428,47.2265951910734],[-1.55565702612357,47.2269172796821]]],"type":"Polygon"},"properties":{"gid":"6092","idbureau":"1090172","commune":"Nantes","code_insee":"44109","numero_bureau":"172","lien_lieu_vote":"109005","nom":"Fellonneau","site":"Ecole Maternelle","num_canton":"1"}},{"type":"Feature","geometry":{"coordinates":[[[-1.55565702612357,47.2269172796821],[-1.55374115724428,47.2265951910734],[-1.5533810385943,47.2249008240167],[-1.55316292087759,47.2239227514368],[-1.55293266174651,47.2228904187173],[-1.55291032210527,47.2227903894699],[-1.55281680732883,47.2223714867246],[-1.55281245408545,47.2223479412372],[-1.55300878076362,47.2215167469885],[-1.55314549432823,47.2214277395831],[-1.55369697911602,47.2210684023347],[-1.55441520225503,47.2206005779019],[-1.55490868788446,47.2203038103954],[-1.55503763732244,47.2204481623336],[-1.55508980787601,47.2205037720316],[-1.55505249085482,47.2205305226021],[-1.55558111473975,47.2210823524772],[-1.55564131097128,47.2211519247831],[-1.55510365736395,47.2214159663237],[-1.55501898968447,47.221746041012],[-1.55507756084529,47.2221805329769],[-1.55535665906092,47.2223460245464],[-1.55436930434173,47.2231311501316],[-1.5565242339584,47.2241838855326],[-1.55693387942246,47.2246460634089],[-1.55743007867909,47.2252384327856],[-1.55591729785531,47.2258585695015],[-1.55594539005396,47.2260447832125],[-1.55597708195058,47.2262677107772],[-1.55590105721857,47.2266021779843],[-1.55565702612357,47.2269172796821]]],"type":"Polygon"},"properties":{"gid":"6047","idbureau":"1090175","commune":"Nantes","code_insee":"44109","numero_bureau":"175","lien_lieu_vote":"109005","nom":"Fellonneau","site":"Ecole Maternelle","num_canton":"1"}},{"type":"Feature","geometry":{"coordinates":[[[-1.56157322422463,47.2280755298798],[-1.56189496189858,47.2281159899947],[-1.56245718684716,47.2288148211393],[-1.56266226976037,47.22907791195],[-1.56216146174008,47.2291459141361],[-1.56259850338969,47.2296326359054],[-1.56273030199256,47.2297882300407],[-1.56300589833708,47.2301135099506],[-1.56307163171809,47.2301899199121],[-1.56224799202905,47.2309539000874],[-1.56141696133685,47.2316513861647],[-1.55847881689875,47.2315591914867],[-1.55838449379653,47.2304670625335],[-1.55852685790365,47.2304210020694],[-1.55865990440618,47.2303903870471],[-1.55837903910807,47.2302413579061],[-1.55749850530779,47.2297995049577],[-1.55649160583558,47.2293724482097],[-1.55635920947905,47.2291957015559],[-1.55628509723844,47.2290966115805],[-1.55626285142497,47.2290870937102],[-1.55657372251677,47.2280932380083],[-1.55667784479472,47.2277361138755],[-1.55659454072434,47.2275688755584],[-1.55667326345087,47.2275732426204],[-1.55695748307619,47.227766839108],[-1.55767726981983,47.2280807368737],[-1.55786422096621,47.2281078377428],[-1.55895086692216,47.2280085266667],[-1.5592113384897,47.227986668901],[-1.5595738070423,47.2279382991915],[-1.56013601338873,47.227627841862],[-1.56042535885001,47.2275522211647],[-1.56076100424616,47.2273897385586],[-1.56090997160073,47.2273165234923],[-1.56157322422463,47.2280755298798]]],"type":"Polygon"},"properties":{"gid":"6084","idbureau":"1090171","commune":"Nantes","code_insee":"44109","numero_bureau":"171","lien_lieu_vote":"109005","nom":"Fellonneau","site":"Ecole Maternelle","num_canton":"1"}},{"type":"Feature","geometry":{"coordinates":[[[-1.54346210361982,47.223697541465],[-1.54481633020004,47.2243098966226],[-1.54522941379731,47.2238094443705],[-1.5453456651866,47.2238681172049],[-1.54546312610257,47.223927398946],[-1.54674497610245,47.224667904479],[-1.54664069082562,47.2248048110065],[-1.54640649623726,47.2251122592458],[-1.54615736826684,47.2254980330026],[-1.54563638762786,47.2263355508831],[-1.54663029232265,47.2265363434846],[-1.54646260721234,47.2266477763283],[-1.54564517062243,47.2271909845282],[-1.54531732439732,47.2273995419155],[-1.54521629113155,47.2274576143681],[-1.54539138833983,47.2274771180327],[-1.54533419047579,47.2275828029868],[-1.54515336800603,47.2276838217349],[-1.54479064795527,47.2276139788559],[-1.54400972669445,47.2275187687467],[-1.54339496880475,47.2273610344433],[-1.54269802252258,47.2273189171963],[-1.54152277851922,47.228414130387],[-1.54137333324804,47.2283516080941],[-1.54122210915403,47.2282882467662],[-1.53992340920182,47.2277375222214],[-1.54024911846272,47.2269781924352],[-1.53985948758386,47.2267852766113],[-1.54080589422236,47.2261337885282],[-1.54043243698524,47.2258644298373],[-1.54058523612159,47.2257762563357],[-1.54036080600225,47.2255947524392],[-1.5404419441707,47.2255303252528],[-1.54044240015208,47.2255299639239],[-1.54044301586452,47.2255294746377],[-1.54064319986876,47.2253705191539],[-1.54081113155795,47.2252371732579],[-1.54130371199399,47.2249409464672],[-1.54201894609664,47.2245847186081],[-1.54229992856637,47.2244483606543],[-1.54346210361982,47.223697541465]]],"type":"Polygon"},"properties":{"gid":"6100","idbureau":"1090241","commune":"Nantes","code_insee":"44109","numero_bureau":"241","lien_lieu_vote":"109008","nom":"Alice Guy","site":"Ecole Primaire","num_canton":"2"}},{"type":"Feature","geometry":{"coordinates":[[[-1.5730760051814,47.2375868302671],[-1.57317082854729,47.2375669518603],[-1.57324307514192,47.2375404551854],[-1.57338411152083,47.2374887472698],[-1.57656227165731,47.2366860587394],[-1.57670573718608,47.236660386651],[-1.57686969552977,47.2366311325886],[-1.57850026169801,47.2362550441516],[-1.57856125763831,47.2362409956796],[-1.5786071401012,47.2363891323996],[-1.57855922951223,47.2365927824608],[-1.57902295858267,47.2370166640223],[-1.58003275411523,47.2375598893683],[-1.58093670807222,47.2378475807363],[-1.58218816822793,47.2382898095092],[-1.5822978550227,47.2382290646527],[-1.58283916299473,47.2384440376625],[-1.58289003574559,47.2385806537089],[-1.58271057072526,47.2386419638216],[-1.58277785360055,47.2387661337207],[-1.58311604138251,47.2394143952431],[-1.58325558913043,47.2395428631265],[-1.58294459727558,47.2396015300445],[-1.58135516778588,47.2395489025249],[-1.58134532029568,47.2393692802879],[-1.58018753407564,47.2393397073171],[-1.57968429975031,47.239382921998],[-1.57960913052169,47.2394616716138],[-1.57772574690707,47.2396101023132],[-1.57742097644869,47.2396273797261],[-1.57735380347852,47.2396311920722],[-1.57667657459888,47.2396696693643],[-1.57586664866002,47.2396712990037],[-1.57527316921751,47.2397101720952],[-1.57517919019647,47.2397163274133],[-1.57490718461051,47.2394292310136],[-1.57456502863256,47.2390328259625],[-1.57423880570678,47.2386481296771],[-1.57383168296906,47.2382058291261],[-1.57369546516834,47.2380575097594],[-1.57356017388804,47.2381045190363],[-1.5730760051814,47.2375868302671]]],"type":"Polygon"},"properties":{"gid":"6057","idbureau":"1090623","commune":"Nantes","code_insee":"44109","numero_bureau":"623","lien_lieu_vote":"109028","nom":"Longchamp","site":"Ecole Maternelle","num_canton":"6"}},{"type":"Feature","geometry":{"coordinates":[[[-1.58392786276023,47.2432371247796],[-1.58386071967677,47.2432717928547],[-1.58384466015009,47.2432787465347],[-1.58383635858793,47.2432823324352],[-1.58364006423034,47.2428979251692],[-1.58304796358832,47.2428586956046],[-1.58321822629106,47.2423502323224],[-1.58372915028105,47.2417656131237],[-1.58411783467674,47.2413701472131],[-1.5845648357135,47.2407545441134],[-1.58472335194132,47.2402935876027],[-1.58475710197778,47.2401947122944],[-1.58484776160086,47.2399629449379],[-1.58349976437652,47.2396858808623],[-1.58341853997517,47.2396927839564],[-1.58325558913043,47.2395428631265],[-1.58311604138251,47.2394143952431],[-1.58277785360055,47.2387661337207],[-1.58271057072526,47.2386419638216],[-1.58289003574559,47.2385806537089],[-1.58296792120013,47.2387213059422],[-1.58417745212703,47.2384357372633],[-1.58456478571849,47.2379932970934],[-1.58480486514831,47.2380913280512],[-1.58501762342369,47.2381811847131],[-1.58516377528206,47.2380424647456],[-1.5852535330174,47.2379571762532],[-1.58622859175884,47.23746120446],[-1.58629893929147,47.2375335041652],[-1.58661730146457,47.2377214685797],[-1.5878063916999,47.2383184548414],[-1.58795537074105,47.2383942783145],[-1.58798798766406,47.2384108814763],[-1.58815507670681,47.2384959467277],[-1.588247636528,47.2385410797926],[-1.58825991247853,47.2385472008817],[-1.58830346983811,47.2385689331141],[-1.58845635253788,47.2386450073928],[-1.5885557721862,47.2386948321998],[-1.58862020893403,47.2387271310964],[-1.5888759406152,47.2388544244355],[-1.58893297399624,47.2388828386844],[-1.58899776906939,47.2389151293824],[-1.58904234993521,47.2389373548262],[-1.58910044822699,47.2389661797153],[-1.58911342567688,47.2389726241281],[-1.58914908383056,47.2389903030692],[-1.58919266763743,47.2390124412293],[-1.58920053219552,47.2390164217144],[-1.58925255295325,47.2390427796938],[-1.58944176750665,47.2391412787521],[-1.58939383827483,47.239205345267],[-1.58933504190742,47.2392836956325],[-1.58929297442371,47.2393397497172],[-1.58928587075522,47.2393491840615],[-1.58926399256647,47.2393782297192],[-1.58867653929424,47.2401588809771],[-1.58856319627676,47.2402848044968],[-1.58856312986277,47.2402848783354],[-1.58856253451586,47.2402855397843],[-1.58843177493948,47.2404341177155],[-1.58841811313223,47.2404492636951],[-1.58838177148099,47.2404895493556],[-1.58829517643462,47.2405856397171],[-1.58826699614948,47.2406169561445],[-1.58825877350924,47.2406260917757],[-1.58822925619311,47.2406588916168],[-1.58820591621646,47.24068481814],[-1.58813121965978,47.2407676476151],[-1.58811632217222,47.2407841647958],[-1.5879563943139,47.2409217399422],[-1.58787439651303,47.240992249968],[-1.58781017935473,47.2410474423685],[-1.58774320323843,47.2410994063399],[-1.58770501726527,47.2411276240671],[-1.58766133999598,47.2411598969802],[-1.5874290171524,47.2413047960501],[-1.58740078745456,47.2413224067882],[-1.5871830432027,47.2414582385753],[-1.5870805645741,47.2415097271664],[-1.58697160084815,47.2415627360758],[-1.58673641374159,47.2416711546131],[-1.5867222893643,47.2416820422406],[-1.58669857930691,47.2417003157917],[-1.58666915819584,47.2417228442878],[-1.58661006338374,47.2417819854802],[-1.58661001706314,47.2417820314826],[-1.58658576190503,47.2418062712641],[-1.58647640936264,47.2419155466889],[-1.58636311068442,47.2420857797112],[-1.58633244928401,47.2421446202133],[-1.58628814432044,47.2422296241924],[-1.58627510600143,47.2422547326732],[-1.58626306055246,47.2422777407276],[-1.58625250752752,47.242298072444],[-1.5862477356949,47.2423048931327],[-1.58620620070955,47.2423642622082],[-1.58618124690853,47.242398454382],[-1.58614854217482,47.2424432580816],[-1.58613830474504,47.2424547888494],[-1.58607991999242,47.2425205054559],[-1.58599413241248,47.2425907002119],[-1.58574213205447,47.2426929391798],[-1.58552631273466,47.2427804876497],[-1.58549706100746,47.2428080569442],[-1.58549520448595,47.2428098241807],[-1.58548182824951,47.2428078385361],[-1.58548189366401,47.2428071276687],[-1.5854682294367,47.2428066799622],[-1.58531407569797,47.2428273292614],[-1.5853140025487,47.2428273402903],[-1.58530491851999,47.2428287660773],[-1.58530238427621,47.2428291618634],[-1.58522862972122,47.2428408456047],[-1.58517301901767,47.2428496426693],[-1.58514325499097,47.2428543446223],[-1.58479875651284,47.2429688327369],[-1.58478151870895,47.2429730852473],[-1.58475910130903,47.2429786068076],[-1.58471071808601,47.2429922073178],[-1.58470901012481,47.2429926872633],[-1.58463572609818,47.2430132735238],[-1.58451360240864,47.2430410337777],[-1.58446112705528,47.2430417064187],[-1.58446006437872,47.2430417199822],[-1.58440376564169,47.2430424307028],[-1.58436490310408,47.2430429016984],[-1.58428086561487,47.2430724428608],[-1.58423762496223,47.2430876374701],[-1.58413033082737,47.2431401262719],[-1.58401758414314,47.2431907599822],[-1.58393954464472,47.2432310882219],[-1.58392786276023,47.2432371247796]]],"type":"Polygon"},"properties":{"gid":"6129","idbureau":"1090624","commune":"Nantes","code_insee":"44109","numero_bureau":"624","lien_lieu_vote":"109028","nom":"Longchamp","site":"Ecole Maternelle","num_canton":"6"}},{"type":"Feature","geometry":{"coordinates":[[[-1.57760541193053,47.2246156446697],[-1.57726571319773,47.2254990431699],[-1.57691628110935,47.225575305974],[-1.57678495136522,47.2259218438993],[-1.57756093442443,47.2260482586914],[-1.57753877487454,47.2261194464879],[-1.57711413558157,47.2273240333368],[-1.57689330920819,47.22803974534],[-1.57715699573031,47.2286511868855],[-1.57706411918319,47.2286687056838],[-1.57705800362556,47.2286698594509],[-1.57559022871387,47.2289491694872],[-1.57533070194781,47.2289985685008],[-1.57532419023847,47.2289998082355],[-1.57473183069796,47.2282529691465],[-1.57463957054935,47.2281412610018],[-1.57445882725039,47.2279224906015],[-1.5742395449839,47.2276569122363],[-1.57423847470774,47.227655615841],[-1.57355909914587,47.2268158898863],[-1.57263633394312,47.2256902485428],[-1.57166704293606,47.2244954743143],[-1.57165173584919,47.2244995851536],[-1.57164785186267,47.2245006282059],[-1.57151125526147,47.2243356568992],[-1.5714365440999,47.2242033585368],[-1.57138996518779,47.2241231549991],[-1.57151488736926,47.2240667709748],[-1.57163361610969,47.224016090275],[-1.57243830016447,47.2238265033251],[-1.5734660505042,47.2235848534559],[-1.57422330410978,47.2233994740041],[-1.57436123221541,47.2233655221412],[-1.57449805720423,47.2234232077406],[-1.57524211256863,47.2236994244782],[-1.57586261165603,47.2239329913554],[-1.5768251202404,47.2242094398583],[-1.57864905699933,47.2246292007934],[-1.57904626795913,47.2247200090791],[-1.57856193804212,47.2248191439758],[-1.57760541193053,47.2246156446697]]],"type":"Polygon"},"properties":{"gid":"6037","idbureau":"1090525","commune":"Nantes","code_insee":"44109","numero_bureau":"525","lien_lieu_vote":"109027","nom":"Jacques Pr\u00e9vert","site":"Ecole Maternelle","num_canton":"5"}},{"type":"Feature","geometry":{"coordinates":[[[-1.57760541193053,47.2246156446697],[-1.57856193804212,47.2248191439758],[-1.57904626795913,47.2247200090791],[-1.57954688536932,47.2250422996593],[-1.57955826448867,47.2250496548378],[-1.57959253108489,47.2250716386219],[-1.58020528433298,47.2254644193356],[-1.58027645820543,47.2254938007264],[-1.58127675577585,47.2258794394682],[-1.58130954857379,47.2258921093161],[-1.58110141569184,47.2260831901336],[-1.58080247355393,47.2267009593559],[-1.58058036237537,47.2270822930731],[-1.58059264686597,47.2272501241967],[-1.58103395132058,47.2274173360033],[-1.5814530486372,47.2277398662703],[-1.5811942638656,47.2278299020928],[-1.58090647591563,47.2279300227984],[-1.58067002011158,47.2279764228078],[-1.58003761451005,47.2280995972752],[-1.57999068526895,47.2281087599739],[-1.57998455764563,47.2281099567342],[-1.57991166752271,47.2281239615605],[-1.57930708613802,47.2282407682821],[-1.57930644206521,47.2282408930772],[-1.57904596818315,47.2282952251196],[-1.57861906625845,47.2283733675957],[-1.5786146109489,47.2283741831456],[-1.57823005861832,47.2284479743428],[-1.57822395000407,47.2284491468201],[-1.57720159943353,47.2286427379929],[-1.57715699573031,47.2286511868855],[-1.57689330920819,47.22803974534],[-1.57711413558157,47.2273240333368],[-1.57753877487454,47.2261194464879],[-1.57756093442443,47.2260482586914],[-1.57678495136522,47.2259218438993],[-1.57691628110935,47.225575305974],[-1.57726571319773,47.2254990431699],[-1.57760541193053,47.2246156446697]]],"type":"Polygon"},"properties":{"gid":"6054","idbureau":"1090524","commune":"Nantes","code_insee":"44109","numero_bureau":"524","lien_lieu_vote":"109027","nom":"Jacques Pr\u00e9vert","site":"Ecole Maternelle","num_canton":"5"}},{"type":"Feature","geometry":{"coordinates":[[[-1.56209696236527,47.2120394857376],[-1.56304663661436,47.2115045713304],[-1.56332603894905,47.2112981468325],[-1.56358744294634,47.2110109456159],[-1.56369257120066,47.2109789270437],[-1.5652385607119,47.2120414722052],[-1.56527815870384,47.2120914679446],[-1.56530895891732,47.2120950219618],[-1.56532871687097,47.2121031761505],[-1.56521337861121,47.212142117775],[-1.56492212935286,47.2122483506532],[-1.56431343979523,47.2124553933536],[-1.56437981768284,47.212544569159],[-1.56449743274855,47.2125042935427],[-1.5646706921425,47.2127377410498],[-1.56450039494839,47.2128659073534],[-1.5648133518772,47.213302143301],[-1.56516444509067,47.2134073509595],[-1.56554428006483,47.2143491321552],[-1.56504992578302,47.214122052952],[-1.56444084331048,47.2139102230591],[-1.56399824809903,47.2137324910101],[-1.56280150244305,47.2132686569911],[-1.5625050443803,47.2132666793476],[-1.56200725354484,47.2132543330922],[-1.56199585306653,47.2134117092067],[-1.56199514373952,47.213421997091],[-1.56195202304784,47.2140168293207],[-1.56061444278973,47.2141823957878],[-1.56055249780421,47.2139689551819],[-1.55927978074136,47.2142811047145],[-1.55926491660662,47.2142040587613],[-1.55925547153493,47.2141796063009],[-1.55929003284738,47.2140823350994],[-1.56021996522095,47.2137789863047],[-1.5603085389553,47.2137609509595],[-1.56019925126993,47.2136652086132],[-1.56012190774141,47.2125375527001],[-1.5602346491919,47.2124157525539],[-1.56074856464964,47.2121105143994],[-1.56170453834478,47.2122042286385],[-1.56209696236527,47.2120394857376]]],"type":"Polygon"},"properties":{"gid":"5988","idbureau":"1090324","commune":"Nantes","code_insee":"44109","numero_bureau":"324","lien_lieu_vote":"109015","nom":"Ch\u00eane d'Aron","site":"Ecole Elementaire","num_canton":"3"}},{"type":"Feature","geometry":{"coordinates":[[[-1.57080003681633,47.2227345669802],[-1.56978313308325,47.2225832161505],[-1.56972381993967,47.2225639192623],[-1.56963470258756,47.2225349247831],[-1.56909786005313,47.2222458903085],[-1.56907021937204,47.2222388557527],[-1.56896485713838,47.2222120415404],[-1.56884193062193,47.2221807572803],[-1.5687880246055,47.2221670388252],[-1.56867482085291,47.2221337448021],[-1.56790955133805,47.2219086658596],[-1.56788871053854,47.2219043765304],[-1.56722676108257,47.2217681318538],[-1.56565568414075,47.2214447502703],[-1.5655311912579,47.221376457085],[-1.56483196541764,47.2208344957525],[-1.56308991009475,47.2208691231588],[-1.56284446801792,47.220492559258],[-1.56297705711926,47.2203654019281],[-1.56376381619739,47.2196111207002],[-1.56384681590085,47.2196578497919],[-1.56390953186645,47.2196931076007],[-1.5645704028127,47.2190690886524],[-1.56502016891234,47.2188717463822],[-1.5652664476938,47.2186050923099],[-1.56677623827809,47.2186640436567],[-1.56697766785748,47.2186344316977],[-1.56741984350354,47.2186991713052],[-1.5674340286868,47.2187232770566],[-1.56744068293211,47.2187384570026],[-1.56800827444668,47.2200310829683],[-1.56807740186935,47.2200435123924],[-1.56808815491002,47.2201039457036],[-1.56810551376694,47.2202023429512],[-1.56835768447168,47.2207756450616],[-1.57004789091037,47.2207552139118],[-1.57008734164568,47.220895286612],[-1.57020185258909,47.2209608499832],[-1.57020483655748,47.2209709261239],[-1.57080003681633,47.2227345669802]]],"type":"Polygon"},"properties":{"gid":"6033","idbureau":"1090413","commune":"Nantes","code_insee":"44109","numero_bureau":"413","lien_lieu_vote":"109019","nom":"Harouys","site":"Ecole Maternelle","num_canton":"4"}},{"type":"Feature","geometry":{"coordinates":[[[-1.54483171893532,47.2418629232131],[-1.54467458003386,47.2418681220119],[-1.54457280160019,47.241916311262],[-1.54372674939561,47.2419179418126],[-1.54329674258714,47.2420322037152],[-1.54309919318665,47.242029154936],[-1.54309853474152,47.2420291449269],[-1.54283137227695,47.241935471877],[-1.54355979450621,47.2400611554288],[-1.54298024277454,47.2398473847435],[-1.54281418705977,47.2397861371411],[-1.54174917808785,47.2395051952464],[-1.54200921136861,47.2391280797154],[-1.54288073850634,47.238998787771],[-1.5432952317446,47.2389699803072],[-1.54504559528819,47.2389234162842],[-1.54527540326153,47.2387041108813],[-1.54452900122368,47.2384490372442],[-1.54391604155284,47.2382321616777],[-1.54507444174917,47.2372031565379],[-1.54560521361203,47.2366811820488],[-1.54568024320285,47.236459524236],[-1.54665416630633,47.2355426303885],[-1.5470726400074,47.2355107014346],[-1.5471263010922,47.2355048436453],[-1.54712823449802,47.2355046175485],[-1.54778677640413,47.2354275660929],[-1.54778701290884,47.2354275315013],[-1.54779307141599,47.2354268105143],[-1.54871201307316,47.2353176724171],[-1.5487433812612,47.2353139922047],[-1.54890020431758,47.2355072271983],[-1.549167686439,47.2357888633878],[-1.54932148332286,47.2360110095304],[-1.54946226340992,47.2361800430072],[-1.54954256620954,47.2362764617802],[-1.54971105825529,47.2366079945828],[-1.54981079460619,47.2369268966553],[-1.54982326236015,47.2370111375223],[-1.54983934423907,47.2372161287956],[-1.54982197781376,47.2375432083756],[-1.54969314510435,47.237835946949],[-1.54936148348089,47.2383440259234],[-1.54883926114906,47.2391831102458],[-1.5487344149715,47.2393515695921],[-1.54861566423548,47.2395429112844],[-1.54835904380355,47.2399994400626],[-1.54834468420775,47.2400249851335],[-1.54798380335713,47.2406669784347],[-1.54797442021951,47.240696205553],[-1.54788999367766,47.2409631836497],[-1.54788522583883,47.2409782606653],[-1.54784615979351,47.2411017949294],[-1.54779300055514,47.2412698967973],[-1.54753759153708,47.2420775389218],[-1.54751882038416,47.2421368933818],[-1.54750547180096,47.2421791040261],[-1.54750484045106,47.2421789929516],[-1.54710223905243,47.2421082909466],[-1.54707395779519,47.242103118872],[-1.54577453285637,47.2420829243081],[-1.54547469634496,47.2419686593797],[-1.5454742040047,47.2419684716113],[-1.54483171893532,47.2418629232131]]],"type":"Polygon"},"properties":{"gid":"6114","idbureau":"1090272","commune":"Nantes","code_insee":"44109","numero_bureau":"272","lien_lieu_vote":"109034","nom":"Port Boyer","site":"Ecole Maternelle","num_canton":"2"}},{"type":"Feature","geometry":{"coordinates":[[[-1.57015748862944,47.2308128939615],[-1.57017146165182,47.2308050663468],[-1.57103781160422,47.2303197217411],[-1.57104836875283,47.2303138068633],[-1.57135293149094,47.2301387484772],[-1.57225487402579,47.2296393676337],[-1.57227335754686,47.2296323441967],[-1.57343534702154,47.2308346307372],[-1.57374225683976,47.231059034209],[-1.57401662327965,47.2312596780181],[-1.57450990014599,47.2316203354411],[-1.57502950662638,47.2317659129831],[-1.57524074892089,47.2318029663631],[-1.57582564373526,47.2320835946985],[-1.57571181569968,47.2321961659986],[-1.57647233438745,47.2326125102254],[-1.57653228406892,47.2326384882598],[-1.57659948821701,47.2326677266487],[-1.57694605838211,47.2329296829718],[-1.57751061472138,47.2330603961733],[-1.57936911452218,47.2338577226012],[-1.58094857896735,47.2345513721849],[-1.58261761521546,47.2353116678939],[-1.58100174675234,47.2356945199578],[-1.57964650527239,47.2359869855596],[-1.57955348860663,47.2360857111633],[-1.57917579833554,47.236112767826],[-1.57856125763831,47.2362409956796],[-1.57850026169801,47.2362550441516],[-1.57686969552977,47.2366311325886],[-1.57670573718608,47.236660386651],[-1.57656227165731,47.2366860587394],[-1.57623858410147,47.2359490244864],[-1.5761191527212,47.2358095961536],[-1.57580611039547,47.2352197320543],[-1.57556590931748,47.2348193300006],[-1.57553104640874,47.2341364369382],[-1.57568150003311,47.2340835982519],[-1.57571192680129,47.2340059184887],[-1.57484765117787,47.233646499656],[-1.57483038085037,47.2335604435192],[-1.57463225049636,47.2333355963387],[-1.57437327017791,47.2332750255294],[-1.57416411016809,47.2333189598479],[-1.57413424632753,47.2333265456806],[-1.57411315253445,47.2333165463804],[-1.57303662351245,47.2328932534427],[-1.5727522442716,47.2327275307616],[-1.57158346814723,47.2317561355936],[-1.57056429089876,47.2308988177526],[-1.57037254042807,47.2309782709133],[-1.57015748862944,47.2308128939615]]],"type":"Polygon"},"properties":{"gid":"6056","idbureau":"1090615","commune":"Nantes","code_insee":"44109","numero_bureau":"615","lien_lieu_vote":"109049","nom":"Plantes","site":"Ecole Maternelle","num_canton":"6"}},{"type":"Feature","geometry":{"coordinates":[[[-1.54539138833983,47.2274771180327],[-1.54605781654613,47.2275513469792],[-1.54607486894781,47.2275532464883],[-1.54881387354675,47.2278582824088],[-1.5503879394036,47.2280308440085],[-1.55051014074887,47.2280422333997],[-1.55066683170841,47.2280568374294],[-1.55127960188314,47.2281175971978],[-1.55146113821676,47.2281577505251],[-1.5514940732926,47.2281650355035],[-1.55161425217712,47.2281612523525],[-1.55181533374417,47.228018918053],[-1.55188986074672,47.2279619142105],[-1.55207861416349,47.2278300850955],[-1.55214779408771,47.2278814313978],[-1.55223608936107,47.2279392485546],[-1.5526472682975,47.2282135058978],[-1.55263772979594,47.228220569871],[-1.55260611495725,47.2282439855549],[-1.55236793162785,47.2284634085746],[-1.55126652301304,47.2293697066001],[-1.54938975395843,47.2308447852598],[-1.54902491555436,47.2313750419937],[-1.54802965956879,47.2303258042246],[-1.54774659423218,47.2300840508597],[-1.54688163080049,47.230230637734],[-1.54657759900733,47.2300788450981],[-1.54457401347134,47.229643732151],[-1.54429715266965,47.2295802798108],[-1.5437424275457,47.2293007355124],[-1.54322994450688,47.2290784946417],[-1.54332193160891,47.2287789000443],[-1.54347142525644,47.2286523664467],[-1.54325293549913,47.2284930050513],[-1.54400972669445,47.2275187687467],[-1.54479064795527,47.2276139788559],[-1.54515336800603,47.2276838217349],[-1.54533419047579,47.2275828029868],[-1.54539138833983,47.2274771180327]]],"type":"Polygon"},"properties":{"gid":"6087","idbureau":"1090261","commune":"Nantes","code_insee":"44109","numero_bureau":"261","lien_lieu_vote":"109007","nom":"Coudray","site":"Ecole Elementaire","num_canton":"2"}},{"type":"Feature","geometry":{"coordinates":[[[-1.53932627252703,47.2307517338704],[-1.53847099631659,47.2314925539612],[-1.53838644711951,47.2312982390918],[-1.54137333324804,47.2283516080941],[-1.54152277851922,47.228414130387],[-1.54269802252258,47.2273189171963],[-1.54339496880475,47.2273610344433],[-1.54400972669445,47.2275187687467],[-1.54325293549913,47.2284930050513],[-1.54347142525644,47.2286523664467],[-1.54332193160891,47.2287789000443],[-1.54322994450688,47.2290784946417],[-1.5437424275457,47.2293007355124],[-1.54429715266965,47.2295802798108],[-1.54457401347134,47.229643732151],[-1.54657759900733,47.2300788450981],[-1.54688163080049,47.230230637734],[-1.54774659423218,47.2300840508597],[-1.54802965956879,47.2303258042246],[-1.54902491555436,47.2313750419937],[-1.548899031074,47.2315580011019],[-1.54830755500145,47.2324176240555],[-1.54829525269666,47.2324362802336],[-1.54829230914348,47.2324407435194],[-1.54826713713595,47.2325582372989],[-1.54773090162342,47.2323467126941],[-1.54706271501394,47.2320732600098],[-1.54673563406209,47.2323363774459],[-1.54622232267184,47.2329251362375],[-1.54547754352175,47.2326967661361],[-1.54523101511962,47.232626888221],[-1.54477024277815,47.232423537861],[-1.54453647499122,47.2319789999683],[-1.54381845922605,47.2314867214873],[-1.54322938279199,47.2312114820051],[-1.54304816561346,47.2313783494821],[-1.54268016816667,47.2318888948112],[-1.54251009700983,47.2318011286232],[-1.54238316947476,47.2317355958094],[-1.54094279428991,47.2312941700517],[-1.53932627252703,47.2307517338704]]],"type":"Polygon"},"properties":{"gid":"6085","idbureau":"1090262","commune":"Nantes","code_insee":"44109","numero_bureau":"262","lien_lieu_vote":"109007","nom":"Coudray","site":"Ecole Elementaire","num_canton":"2"}},{"type":"Feature","geometry":{"coordinates":[[[-1.59077880291084,47.20371062911],[-1.59085045470167,47.2036964761483],[-1.59089266873434,47.2036881922144],[-1.59402381112018,47.2036488128276],[-1.59404199296816,47.2038477899381],[-1.59420302863877,47.203839506563],[-1.59420417080672,47.2039289054061],[-1.5941948105142,47.2039292249661],[-1.59420035889724,47.2040101888808],[-1.59419630988012,47.2041341040857],[-1.59419596353148,47.2041447257466],[-1.59429280713441,47.2044880121326],[-1.59429968654528,47.2045126424965],[-1.59430015870386,47.2045143320983],[-1.5943042135697,47.2045281549941],[-1.59445958777864,47.2051353153063],[-1.59447122322605,47.2051807835308],[-1.5945605522187,47.205482896203],[-1.59462410307126,47.2057255401758],[-1.59470791684316,47.2060461244244],[-1.59492292629195,47.2068402371197],[-1.59492302313182,47.2068405936863],[-1.59481991222876,47.2068907689111],[-1.59477371667041,47.2069132401154],[-1.59406892150118,47.2072563996108],[-1.5937996963888,47.2073735756551],[-1.59350568277403,47.2075096106288],[-1.59268830506961,47.2078982260148],[-1.59254486424994,47.2079664229344],[-1.5924833051375,47.2079957234043],[-1.59231778227908,47.2080726112227],[-1.59186766241342,47.2082410743114],[-1.59129940957102,47.2084352690519],[-1.59110651206396,47.2085011990976],[-1.59063002947082,47.2086707362818],[-1.59023036863023,47.2088100917986],[-1.58967071256316,47.2089197697506],[-1.58916706570689,47.209081309464],[-1.58899540820364,47.2091437025345],[-1.58892180487339,47.2091704554843],[-1.58862799292737,47.2092657780149],[-1.58862744102742,47.20926595686],[-1.58852411600351,47.2093007302433],[-1.58850506979801,47.2092951637829],[-1.58841089951709,47.2092618932665],[-1.58824767330582,47.2092044021053],[-1.58824757215513,47.2092043637953],[-1.58752383774427,47.2089318184657],[-1.58740394435297,47.2088920362214],[-1.58723514331559,47.2088359955153],[-1.58719122456123,47.2088247002536],[-1.58717438198356,47.2088203206099],[-1.58768132195882,47.2067980988318],[-1.58781806041264,47.2062456374252],[-1.59078640237735,47.2060245491576],[-1.59083098018506,47.2060682445945],[-1.59096580491427,47.2061386790676],[-1.59108424108632,47.2061676088081],[-1.59126467351704,47.2061588462574],[-1.5913894301849,47.20611361276],[-1.59149815379489,47.2060373095443],[-1.59154001923097,47.2059486024849],[-1.59154893368064,47.2058557055059],[-1.59154226352034,47.2058080155613],[-1.59145630031944,47.2056578276673],[-1.59132804263879,47.205612120563],[-1.59123578609836,47.205588692628],[-1.59110762157688,47.2055712626573],[-1.59091277997425,47.2043963637044],[-1.59077880291084,47.20371062911]]],"type":"Polygon"},"properties":{"gid":"6090","idbureau":"1090434","commune":"Nantes","code_insee":"44109","numero_bureau":"434","lien_lieu_vote":"109024","nom":"Mutualit\u00e9","site":"Ecole Elementaire","num_canton":"4"}},{"type":"Feature","geometry":{"coordinates":[[[-1.55314274688912,47.2182102184267],[-1.55343666181061,47.2182276214456],[-1.55370108024455,47.2182224787306],[-1.55398527056055,47.2180601330185],[-1.55458936137002,47.2177430609197],[-1.55341701481629,47.2174208207405],[-1.55340992859541,47.217348828317],[-1.55344438833641,47.217210238407],[-1.55427310171327,47.2170144644734],[-1.5546402878843,47.2167908513344],[-1.55503722827013,47.2166520770849],[-1.55541794705151,47.2165339297595],[-1.55572685204655,47.2164154210409],[-1.55583424468204,47.2163106459918],[-1.5561174219386,47.2162091246748],[-1.55612214645608,47.2162214811335],[-1.55620317678635,47.2164231109673],[-1.55624837171633,47.2165355231395],[-1.55622989956072,47.2170929931474],[-1.55688715606067,47.2170610214801],[-1.55711630428896,47.2177649135728],[-1.55711696044344,47.2177670663411],[-1.55712826926543,47.2178042294677],[-1.5571298334305,47.2178090368226],[-1.55715845755308,47.2178973284167],[-1.55717949037313,47.2181755591054],[-1.55718278219328,47.2182116562765],[-1.55714336625051,47.2184512161811],[-1.5571195987732,47.2184988575142],[-1.55711825711427,47.2185013571709],[-1.557105511706,47.2185250926309],[-1.55696643224971,47.2187647745012],[-1.55694458554857,47.2188024439535],[-1.55667734679772,47.2190723943243],[-1.55631484879136,47.2192122636132],[-1.55626598556842,47.2192311179103],[-1.55617664407014,47.2192878146817],[-1.55586846419177,47.2195383432479],[-1.55585248356291,47.2195513137584],[-1.55544357959928,47.2198820690486],[-1.5553471878689,47.219941796598],[-1.55525724286618,47.2199975226094],[-1.55520714113861,47.2200284873177],[-1.55518525472557,47.2200420136281],[-1.55497423875167,47.2201726229568],[-1.55485937379004,47.2202437802135],[-1.55314274688912,47.2182102184267]]],"type":"Polygon"},"properties":{"gid":"5994","idbureau":"1090113","commune":"Nantes","code_insee":"44109","numero_bureau":"113","lien_lieu_vote":"109014","nom":"Moli\u00e8re","site":"Ecole Maternelle","num_canton":"1"}},{"type":"Feature","geometry":{"coordinates":[[[-1.57483306562559,47.2147861964729],[-1.57524978843141,47.2145573285635],[-1.57541070169064,47.2142553378995],[-1.57561147386517,47.2141063759565],[-1.57647600302457,47.2134489588187],[-1.57661605797611,47.2134479252844],[-1.57730403233188,47.2129885204519],[-1.57771784842499,47.2133520557418],[-1.57830856360685,47.2135696856316],[-1.57957676632476,47.2138394547983],[-1.58010740876225,47.2137238395542],[-1.5805896703964,47.213681858709],[-1.58105429469743,47.2137427516729],[-1.58144173410976,47.2138757259689],[-1.58223981058127,47.2141172312168],[-1.5828192322581,47.214269293401],[-1.5831033338015,47.214358078375],[-1.58271304896045,47.2144529529692],[-1.58285818452787,47.2153480874479],[-1.58291663152148,47.2154277898661],[-1.58310848137721,47.2155203428363],[-1.58304129480403,47.2155776600823],[-1.58131709325887,47.2170493779587],[-1.57985601438984,47.2162432792454],[-1.57964005528291,47.2161788331765],[-1.57893642353027,47.2167658460595],[-1.5783886376406,47.2167120191223],[-1.57689873888444,47.2161968181439],[-1.57670741919302,47.2161066516573],[-1.57519056734392,47.2157879961026],[-1.57483306562559,47.2147861964729]]],"type":"Polygon"},"properties":{"gid":"6045","idbureau":"1090423","commune":"Nantes","code_insee":"44109","numero_bureau":"423","lien_lieu_vote":"109021","nom":"Boccage","site":"Ecole El\u00e9mentaire","num_canton":"4"}},{"type":"Feature","geometry":{"coordinates":[[[-1.61601734795011,47.2032869207771],[-1.61475127280263,47.2033303375854],[-1.61419973517803,47.2033732078695],[-1.61373053717443,47.2035271024696],[-1.61307983413099,47.2036070500395],[-1.61226472792644,47.2034972663363],[-1.61198848529677,47.2034146781756],[-1.61123425405996,47.2031893105781],[-1.61093958631134,47.2032134546812],[-1.60959312894053,47.2055340511375],[-1.60755217982495,47.2049729712247],[-1.6068235954482,47.2049881789034],[-1.60730286924124,47.204066469176],[-1.60735934490864,47.2039378984129],[-1.60747006955373,47.203835211378],[-1.60824343298713,47.2031745809538],[-1.60838209395491,47.203056130339],[-1.60826965384537,47.2025059506195],[-1.60837418293991,47.2022923289439],[-1.60787924165397,47.2012270644465],[-1.60783426488462,47.2012569770878],[-1.60687127772035,47.2011214996861],[-1.60669305044296,47.2010935516596],[-1.6067172506017,47.2004226827995],[-1.60698687052423,47.1993538570937],[-1.60602019945716,47.1986727596083],[-1.60540392839454,47.1984532663377],[-1.60540554095223,47.197996101075],[-1.60424312105878,47.1965923797424],[-1.60626767412255,47.1962826261185],[-1.61242663150185,47.1950853319552],[-1.61306355690285,47.1936273932621],[-1.61577214366266,47.1930700116103],[-1.61899232642812,47.1932812215723],[-1.61899235680609,47.1932812212511],[-1.61909410825195,47.1942058187254],[-1.61909415208538,47.1942062332807],[-1.61909491253356,47.194213319756],[-1.61910234613844,47.1942826234288],[-1.6191108058854,47.1943567536809],[-1.61911221207917,47.1943690830421],[-1.61911401771696,47.1943868643481],[-1.61911778416327,47.1944319428881],[-1.61912769898041,47.1945569614078],[-1.61913492005657,47.1946480663976],[-1.61910954308854,47.1947046922127],[-1.61869883008532,47.1956210769367],[-1.61868227778534,47.1956183258189],[-1.61867132331189,47.1956164939114],[-1.61865516129457,47.1956526610043],[-1.61862453082172,47.1957171336835],[-1.61862284228021,47.1957201532446],[-1.61861147022597,47.195740476016],[-1.61860733526599,47.1957522668573],[-1.61859766986237,47.1957802066421],[-1.61859199703871,47.1957965739785],[-1.61859188422478,47.1957969200427],[-1.61856946906888,47.1958614870637],[-1.61848385970823,47.196108041498],[-1.61845393453526,47.1961406179791],[-1.61842754325272,47.1961693324489],[-1.61804104312324,47.196651218624],[-1.61801843993392,47.1966601388354],[-1.61792160443595,47.1966899864021],[-1.61791433921574,47.1967328116121],[-1.61790751150928,47.1968158092701],[-1.61791494297252,47.1968405615371],[-1.61792319007731,47.1968725656661],[-1.61792927684072,47.1968961861461],[-1.61793158452567,47.1969051414873],[-1.61793385815116,47.1969139630301],[-1.61793870034023,47.1969381120684],[-1.61794185290886,47.1969574359781],[-1.61795144372331,47.1969841162928],[-1.61795331449833,47.1969893234189],[-1.61795334746153,47.1969894140074],[-1.61796518155349,47.1970161518693],[-1.61796855666949,47.1970226546718],[-1.61797167946707,47.1970286864245],[-1.61800611628662,47.1970779352481],[-1.61802027655309,47.1970981905782],[-1.61809592472322,47.1972068867208],[-1.61810242283925,47.1972183083761],[-1.61810274408536,47.1972188730729],[-1.61810503801312,47.1972229052334],[-1.61810855590177,47.1972290868967],[-1.61811145381991,47.1972352543002],[-1.61811179739486,47.1972359852569],[-1.6181160191026,47.1972477300714],[-1.61811606796695,47.1972478668786],[-1.61811754529908,47.1972519958671],[-1.61812956931441,47.1972963619388],[-1.61813487916944,47.1973245210765],[-1.61813502283968,47.1973252794488],[-1.61813987772375,47.1973511004536],[-1.61814111352839,47.1973602575072],[-1.61814209834182,47.1973676305229],[-1.61814348293305,47.1973778187829],[-1.61814430462781,47.1973839034477],[-1.61814402596786,47.1973943505533],[-1.61814402481671,47.1973943906996],[-1.61814377552916,47.1974037494197],[-1.6181105435045,47.1974634500984],[-1.61810976199524,47.1974648530433],[-1.6181054411083,47.1974725908747],[-1.61809551077405,47.1974847130295],[-1.6180470117097,47.1975382063187],[-1.61802986922397,47.1975571066571],[-1.61800885869751,47.1975847151341],[-1.61798948544379,47.1976142537325],[-1.61798888863061,47.1976151635422],[-1.61798848325328,47.1976158259529],[-1.61798647960638,47.1976191010269],[-1.61797244152251,47.1976420495766],[-1.61797237963414,47.1976421746187],[-1.61795463989599,47.1976779823892],[-1.61793382303594,47.197730396353],[-1.61792665262885,47.1977484215611],[-1.61792246723844,47.1977749026763],[-1.6179179297697,47.1978171675873],[-1.61791744975438,47.1978404520619],[-1.61791700620467,47.1978608442704],[-1.61791558186136,47.1979308790879],[-1.61791499345117,47.1979597981316],[-1.61791422151531,47.1979972707974],[-1.61790465838954,47.1980822708091],[-1.61789066028049,47.198181189514],[-1.61788930928311,47.198190658777],[-1.61788625998802,47.19819960071],[-1.61788119910155,47.1982195289325],[-1.61785302620209,47.1983303538956],[-1.61785106154169,47.1983440200347],[-1.61785079939594,47.1983458430354],[-1.61785093254887,47.1983497374343],[-1.61785123445154,47.1983585328552],[-1.61785384254981,47.1983672670531],[-1.61785798157688,47.1983725748834],[-1.61786040152793,47.1983756801322],[-1.61786351936641,47.198379676454],[-1.61786603805234,47.1983829065918],[-1.61796801401824,47.1984315987741],[-1.6180891797698,47.1984894565366],[-1.61808924495943,47.1984894917615],[-1.61809932384594,47.1984951761193],[-1.61810462185086,47.1984976528551],[-1.61811205208276,47.1985011332779],[-1.61812040821144,47.1985050612593],[-1.61813673255541,47.1985166670737],[-1.61815628132981,47.198527201509],[-1.61820410009651,47.1985587501362],[-1.61820668026015,47.198560453096],[-1.618208053014,47.1985613584716],[-1.61822390556903,47.1985705691474],[-1.61822589632426,47.1985717254062],[-1.61823082600619,47.1985745900176],[-1.61823226222243,47.1985754495862],[-1.6182325241702,47.1985756805497],[-1.618240672585,47.1985838359319],[-1.61824932514923,47.198595202457],[-1.61825500138795,47.1986057875865],[-1.61825779373168,47.1986136051342],[-1.6182602154653,47.1986263036491],[-1.61826010322498,47.1986402755552],[-1.61825379256591,47.1986605343188],[-1.61822533418472,47.1987312141694],[-1.61821700800328,47.198751893729],[-1.61821645657125,47.1987532513736],[-1.61821346507761,47.1987596236934],[-1.61820865522818,47.1987698538702],[-1.61819026602745,47.1988048362239],[-1.61817498183393,47.198829871444],[-1.61816182077477,47.198854736552],[-1.61815303036936,47.1988712923209],[-1.61811096233533,47.198944162326],[-1.61808117037556,47.1990021935525],[-1.61806706474282,47.1990296792553],[-1.61804172558358,47.1990850226322],[-1.61802938779161,47.1991150757027],[-1.61802065088917,47.1991364034479],[-1.61801157922873,47.1991585070064],[-1.61798932565444,47.1992189788896],[-1.61797417768361,47.1992740817266],[-1.61792910382122,47.1994380164378],[-1.61789468826215,47.199590248479],[-1.61788483282965,47.1996566069859],[-1.61783141961394,47.1998459047949],[-1.61752228349866,47.1998396887727],[-1.61714051398586,47.199804953741],[-1.61714048271215,47.1998049513941],[-1.61703931111954,47.1998153278893],[-1.61703102378441,47.1998255437564],[-1.61697657771581,47.1998926356111],[-1.61697119100431,47.199903582781],[-1.61697083288991,47.1999043027599],[-1.61694674481853,47.1999525965046],[-1.61694643220035,47.1999533227639],[-1.61694597975147,47.1999542970479],[-1.61693861883922,47.1999714881735],[-1.6169304555201,47.1999904678507],[-1.61692089852969,47.2000175253491],[-1.61690712395839,47.2000691728235],[-1.61690210748527,47.2000861534224],[-1.61688513831538,47.2001435712747],[-1.61688115276424,47.2001616016724],[-1.61687449542973,47.2001916856682],[-1.61687003664935,47.2002252343715],[-1.61686832636503,47.2002380702258],[-1.61686800717919,47.200241851548],[-1.61686609732333,47.2002642031522],[-1.61686511105726,47.2002864103826],[-1.61686424059978,47.2003069008263],[-1.61686421538533,47.200418100134],[-1.61686407813436,47.2005157871342],[-1.61686786236203,47.200641972075],[-1.61687616663771,47.2007440054408],[-1.61687868743506,47.2007807599059],[-1.61689072123319,47.2008586734868],[-1.61688819393265,47.2008859889588],[-1.61688103935403,47.2009423263644],[-1.61687912699877,47.2009797997692],[-1.61687760831672,47.2010111297231],[-1.61687617024386,47.2011136449586],[-1.61692879051317,47.2011181972481],[-1.61693501470628,47.2011198393082],[-1.6169351967298,47.2011341598058],[-1.61693520420376,47.2011345821307],[-1.61693694311424,47.2012322216085],[-1.61693416771009,47.2013773235107],[-1.61692541401438,47.2015129337086],[-1.61692536994628,47.201513356304],[-1.61691471430238,47.2016169027136],[-1.61690448411433,47.2016789507325],[-1.61688446575777,47.2017745535825],[-1.61684633666671,47.2019404511788],[-1.61684626242798,47.2019408001943],[-1.61680060898834,47.202156035685],[-1.61680055180826,47.2021564137514],[-1.61678207639404,47.2022793584824],[-1.61676604586016,47.2023860396983],[-1.61675687461476,47.2024679598552],[-1.61673775401141,47.202500628354],[-1.61671991095631,47.2025281992056],[-1.61668426168638,47.2025761304554],[-1.61655544623811,47.2027422500411],[-1.61650724221422,47.2027978949871],[-1.61648960649487,47.2028186990562],[-1.61643493264909,47.2028782689566],[-1.61642729276159,47.2028865924976],[-1.61639995342123,47.2029163806848],[-1.61625940196733,47.2030538655569],[-1.61601734795011,47.2032869207771]]],"type":"Polygon"},"properties":{"gid":"6043","idbureau":"1090473","commune":"Nantes","code_insee":"44109","numero_bureau":"473","lien_lieu_vote":"109048","nom":"Jean Zay","site":"Groupe Scolaire","num_canton":"4"}},{"type":"Feature","geometry":{"coordinates":[[[-1.58838903996419,47.2109213671301],[-1.58875873008092,47.2108957178964],[-1.58909224454896,47.2108725584108],[-1.58999422538579,47.2107622101031],[-1.59062367276754,47.2106792488549],[-1.59627333471382,47.2098581117457],[-1.59618060722385,47.2091210574501],[-1.59682393133755,47.209108650599],[-1.59682625637312,47.2092481792762],[-1.5972684933555,47.2094221438656],[-1.59725361311311,47.2095991913625],[-1.59626973328825,47.2101216478962],[-1.59639180966687,47.2106826283436],[-1.59653380351575,47.2109056433267],[-1.59702443203975,47.2118710257661],[-1.59499860233095,47.2123989663257],[-1.59484273313165,47.2122853013038],[-1.59482731219695,47.212294923044],[-1.59353464325651,47.213102892812],[-1.5925713617774,47.2137058767774],[-1.5925277064587,47.2137071900485],[-1.59151841514611,47.2136276515481],[-1.58963326643154,47.2135340781395],[-1.58919784872209,47.2136116867135],[-1.58860362563244,47.2127821130734],[-1.58833785838398,47.2122783054887],[-1.58829275097249,47.2120940245237],[-1.5882893557148,47.2118836499667],[-1.58830901218646,47.2115857497474],[-1.58841306021192,47.2111551824452],[-1.58838903996419,47.2109213671301]]],"type":"Polygon"},"properties":{"gid":"6107","idbureau":"1090551","commune":"Nantes","code_insee":"44109","numero_bureau":"551","lien_lieu_vote":"109045","nom":"Contrie","site":"Ecole Elementaire","num_canton":"5"}},{"type":"Feature","geometry":{"coordinates":[[[-1.59165470835627,47.2163580758107],[-1.59151841514611,47.2136276515481],[-1.5925277064587,47.2137071900485],[-1.5925713617774,47.2137058767774],[-1.59353464325651,47.213102892812],[-1.59482731219695,47.212294923044],[-1.59484273313165,47.2122853013038],[-1.59499860233095,47.2123989663257],[-1.59702443203975,47.2118710257661],[-1.59653380351575,47.2109056433267],[-1.59838933802743,47.2105956050034],[-1.59837814131677,47.2109701375833],[-1.59837940444662,47.2115231290017],[-1.59838317062945,47.2130666279916],[-1.5978981620207,47.2130413915806],[-1.59778417598903,47.2130930190809],[-1.59759339691134,47.2131015176401],[-1.59740215280176,47.2127656863008],[-1.59713102088461,47.2128267264908],[-1.59622159589648,47.2132174161984],[-1.59612612482512,47.2132584086301],[-1.59616854394328,47.2133589231364],[-1.59627842552057,47.2134385812389],[-1.59655713979678,47.2137451272117],[-1.59728623654678,47.214737048778],[-1.59769029025448,47.2152666516626],[-1.59774792489202,47.215342237569],[-1.59782721706207,47.2154461774069],[-1.59827319741786,47.2159130105501],[-1.59869752401184,47.2163280667373],[-1.59874139734211,47.216370975916],[-1.59886462731843,47.2165941939941],[-1.59787721451991,47.2168743339164],[-1.59634818732158,47.2173291296862],[-1.59576773690508,47.2170831377055],[-1.59559176314535,47.2168327081662],[-1.59500052262328,47.2167565020914],[-1.59165470835627,47.2163580758107]]],"type":"Polygon"},"properties":{"gid":"6105","idbureau":"1090553","commune":"Nantes","code_insee":"44109","numero_bureau":"553","lien_lieu_vote":"109045","nom":"Contrie","site":"Ecole Elementaire","num_canton":"5"}},{"type":"Feature","geometry":{"coordinates":[[[-1.5147797725627,47.2572280961673],[-1.51165366835673,47.2553299251509],[-1.51174329951736,47.2552812728792],[-1.51221600802491,47.2550596120723],[-1.51274373397379,47.2548120664479],[-1.51303430938434,47.2546441249871],[-1.51322329280612,47.2545349651536],[-1.51323433827141,47.2545285638391],[-1.51334965725732,47.2544619376185],[-1.51443170391587,47.2538350828954],[-1.51450281661337,47.2537938873126],[-1.51460172913062,47.2537364595158],[-1.5151136930274,47.2534393493818],[-1.51516115294709,47.2534113763469],[-1.51544210033155,47.2532458202171],[-1.51563370947705,47.2531329648921],[-1.51720079220622,47.2532185977647],[-1.51724275867503,47.2532208876861],[-1.51752683202153,47.25323643717],[-1.51761514527086,47.2532412338352],[-1.51839074482863,47.2532655695278],[-1.51880106468276,47.2548947358502],[-1.51917925207219,47.2561054469784],[-1.51963708705721,47.2570757275672],[-1.5191008331241,47.2575278553078],[-1.51865633685762,47.2573718565723],[-1.51798936048742,47.2580092034164],[-1.51802832691557,47.258177314475],[-1.51824805649929,47.2584322410709],[-1.51823451099626,47.2585415797132],[-1.51820979619948,47.2587255113157],[-1.51522718548379,47.2584611392343],[-1.51544626551264,47.2582199710604],[-1.5147797725627,47.2572280961673]]],"type":"Polygon"},"properties":{"gid":"6146","idbureau":"1090754","commune":"Nantes","code_insee":"44109","numero_bureau":"754","lien_lieu_vote":"109036","nom":"Beaujoire","site":"Ecole Elementaire","num_canton":"7"}},{"type":"Feature","geometry":{"coordinates":[[[-1.51684094720382,47.2684720349514],[-1.51626995571912,47.2681171529601],[-1.51731131723759,47.267691582938],[-1.51775012491104,47.2672461451662],[-1.51826360143562,47.2659096283359],[-1.5185057086262,47.2659515285339],[-1.51881833615793,47.2653015279248],[-1.5195447920961,47.264240335152],[-1.51956019395926,47.2642465739256],[-1.51974988222718,47.2643230912742],[-1.52150842757463,47.2650257963075],[-1.52163009294718,47.2650744183633],[-1.52254153599375,47.2654385962833],[-1.52234186242262,47.2656712499035],[-1.52454078089557,47.2665362515572],[-1.52392188916379,47.2669460410056],[-1.5236819667402,47.2671049255747],[-1.52296543881606,47.2675021278658],[-1.52125624852448,47.2683063829576],[-1.52101233145676,47.2684211719216],[-1.52065851747046,47.2685863844228],[-1.5204093614703,47.2687073852438],[-1.52019632210321,47.2688081715475],[-1.52000883125952,47.2690486098704],[-1.51969682362103,47.2694485687246],[-1.51949499243976,47.2697690955362],[-1.51910789601054,47.2701205890582],[-1.51884206201406,47.2703334664136],[-1.51754098342224,47.2696587572715],[-1.51747339097713,47.2694663870359],[-1.51794037123904,47.2690426124015],[-1.51684094720382,47.2684720349514]]],"type":"Polygon"},"properties":{"gid":"6167","idbureau":"1090762","commune":"Nantes","code_insee":"44109","numero_bureau":"762","lien_lieu_vote":"109037","nom":"Louis Pergaud","site":"Ecole Maternelle","num_canton":"7"}},{"type":"Feature","geometry":{"coordinates":[[[-1.50810178598966,47.262159885575],[-1.50818714392165,47.2620222229607],[-1.51483064445009,47.262537515201],[-1.51592202140375,47.2628533183062],[-1.51611357582324,47.2629007797294],[-1.51614940839503,47.2629096753625],[-1.51619775967294,47.2629215679814],[-1.5164040042312,47.2629726839829],[-1.51927374863305,47.2641310490058],[-1.51935374381691,47.2641633195173],[-1.5195447920961,47.264240335152],[-1.51881833615793,47.2653015279248],[-1.5185057086262,47.2659515285339],[-1.51826360143562,47.2659096283359],[-1.51775012491104,47.2672461451662],[-1.51731131723759,47.267691582938],[-1.51626995571912,47.2681171529601],[-1.51507585929009,47.2674015862818],[-1.51359294308795,47.2665169427598],[-1.51164559682658,47.2694693834435],[-1.510498772731,47.271189537579],[-1.51037918507596,47.2711771302201],[-1.50195433672743,47.2687736309261],[-1.50191824153633,47.2687644771075],[-1.5019432551855,47.2687127165389],[-1.50232375516546,47.2679462776952],[-1.50253598605872,47.2675187882746],[-1.50273286034189,47.26712614518],[-1.50276042719363,47.2670711118252],[-1.50280057411605,47.2669909732089],[-1.50284092970905,47.2669211494943],[-1.50291306883769,47.2667963524494],[-1.50300508947283,47.2666714451562],[-1.50300518570962,47.2666713152425],[-1.50305104203973,47.2666278905822],[-1.50314896050509,47.2665351919018],[-1.50331264481047,47.2664167685679],[-1.50372466748845,47.2661330335826],[-1.50391132004435,47.266009673755],[-1.50391137388914,47.2660096374063],[-1.50488226975927,47.2653541548613],[-1.50513557682995,47.2651846744924],[-1.50545088282007,47.2649737120228],[-1.50601271813988,47.2645942462086],[-1.50601277703099,47.2645942069579],[-1.50618847907802,47.2644765711734],[-1.50653066291589,47.2642474619014],[-1.50659533469359,47.2642041720004],[-1.5066013061676,47.2641989371706],[-1.50663908371734,47.2641658893983],[-1.5066805446451,47.264129615678],[-1.50682574077501,47.2640025785831],[-1.50694657074555,47.263896863527],[-1.50696065338305,47.2638845421087],[-1.50721969252567,47.263517429869],[-1.50735643120272,47.2633232767256],[-1.50737716108447,47.2632938452818],[-1.50737860386521,47.2632917965252],[-1.50743371359166,47.2632135631943],[-1.50746027751258,47.2631559862543],[-1.50746423710525,47.2631474063314],[-1.50753658387777,47.2630357444823],[-1.50757377189885,47.2629804008535],[-1.50760818076297,47.2629292082236],[-1.50775617283167,47.2626946099897],[-1.50782336865166,47.2625881299032],[-1.50783591164808,47.2625682252588],[-1.50784077570459,47.2625604964664],[-1.5078475433325,47.2625497673685],[-1.50789253188269,47.2624806427443],[-1.50789427129409,47.2624779705447],[-1.50793715451911,47.2624120910873],[-1.50793719153901,47.2624120436829],[-1.50798235686251,47.2623445258315],[-1.50806382353063,47.2622227585068],[-1.50808420056624,47.2621889950456],[-1.50810130582369,47.2621606606738],[-1.50810178598966,47.262159885575]]],"type":"Polygon"},"properties":{"gid":"6025","idbureau":"1090771","commune":"Nantes","code_insee":"44109","numero_bureau":"771","lien_lieu_vote":"109056","nom":"Germaine Tillion","site":"Ecole Primaire","num_canton":"7"}},{"type":"Feature","geometry":{"coordinates":[[[-1.60314371781664,47.221812546873],[-1.60311908287304,47.2218147218197],[-1.60311875132731,47.2218147423158],[-1.60311835596909,47.2218147590615],[-1.60311796068851,47.2218147767053],[-1.60311782507728,47.2218147839423],[-1.60305180552672,47.2218178559865],[-1.60278309807736,47.2218048541096],[-1.60254645547053,47.2217919625373],[-1.60232285638835,47.2217161074788],[-1.60216512418969,47.2216100804484],[-1.60199730890875,47.221365148927],[-1.60106642332239,47.2218610814119],[-1.60015996887606,47.2223190674264],[-1.59993368089015,47.2223917309858],[-1.59960672928756,47.2223936227747],[-1.59898161609166,47.2224149631325],[-1.59859842993139,47.222382197169],[-1.59851800227295,47.2225002322068],[-1.59810443100117,47.2224947157522],[-1.59794197518751,47.2223080523493],[-1.5976183406782,47.2222201973359],[-1.59740900037143,47.2221530327285],[-1.59718422913033,47.2221205344445],[-1.59651540335148,47.2220453548675],[-1.59538516132986,47.2218693661172],[-1.59514866707968,47.2218032136734],[-1.59559395206006,47.220822652099],[-1.59529601373412,47.2204707339875],[-1.59545203757867,47.2203196906991],[-1.59561408138898,47.2201628347712],[-1.59620716803537,47.2195206658498],[-1.59621380229907,47.2195102647574],[-1.59630507796947,47.219368890212],[-1.59569814132978,47.2186008545253],[-1.59485664990338,47.2180479706413],[-1.59411307935105,47.2176473873835],[-1.59486584284206,47.2173723133573],[-1.59565912534384,47.217118005112],[-1.59569115359791,47.2171077241807],[-1.59576773690508,47.2170831377055],[-1.59621086233101,47.2172709328109],[-1.59634818732158,47.2173291296862],[-1.59787721451991,47.2168743339164],[-1.59886462731843,47.2165941939941],[-1.59899155241145,47.2166123806404],[-1.59976398325983,47.2166967924016],[-1.59995721554963,47.2167843161416],[-1.60140194017857,47.2173476258267],[-1.60264618903079,47.2177785242765],[-1.60411161447297,47.2182202130924],[-1.60410968175484,47.218223950272],[-1.60410854996917,47.2182269509776],[-1.60406480616047,47.218342881283],[-1.60387890945176,47.2189601553786],[-1.60376136897632,47.2193504068396],[-1.60374512628847,47.2194043088723],[-1.60366883037448,47.2196573136168],[-1.60359672770013,47.2198990134041],[-1.60357065993335,47.2199798855647],[-1.60356679548531,47.2199918665936],[-1.6035311003722,47.2201111405408],[-1.60348446324859,47.2202669649114],[-1.60344101884433,47.2204117011127],[-1.60343773691928,47.2204226324246],[-1.60350133865971,47.2204469362179],[-1.60356290908499,47.2204737543863],[-1.60356939658936,47.2204769699281],[-1.60362175372207,47.2205029480641],[-1.60368179826857,47.2205319755738],[-1.60373841752537,47.2205640392131],[-1.60379153705504,47.2205986751971],[-1.60384091177144,47.2206358942559],[-1.60388521577314,47.2206725956653],[-1.60391366138084,47.2206996501969],[-1.60392583580534,47.2207112523517],[-1.60396226966961,47.2207517925362],[-1.60397835640478,47.2207728427676],[-1.60397840409,47.2207729048348],[-1.60399450347732,47.2207940095247],[-1.60402184314384,47.2208349052234],[-1.60404556974022,47.2208768468561],[-1.60406541188452,47.2209197551922],[-1.60408147811183,47.2209633555506],[-1.60408358126913,47.22097116765],[-1.60408498802694,47.2209763989585],[-1.60409315276385,47.2210067525806],[-1.6041023353772,47.2210503774623],[-1.604105599728,47.2210729671351],[-1.60410864935558,47.2210941885226],[-1.60410927452399,47.2211011821892],[-1.60410929065551,47.221101368973],[-1.60411258138185,47.2211381851757],[-1.60411079094333,47.2211664616139],[-1.60410521688431,47.2211999359234],[-1.60410498431986,47.2212018375717],[-1.60410387307672,47.2212086656544],[-1.60410318775567,47.2212128751661],[-1.60410083673186,47.2212273249529],[-1.60410041000832,47.2212287856327],[-1.60409983419506,47.2212307560079],[-1.60409843175986,47.2212355601611],[-1.60408726126809,47.2212738256175],[-1.6040594722911,47.2213370799224],[-1.60405929846437,47.2213374716631],[-1.60395052283522,47.2214517787218],[-1.60391357765114,47.2214880423768],[-1.60385044125887,47.2215533802861],[-1.60381135585868,47.2215847735984],[-1.60378140400944,47.2216062022053],[-1.60378133546834,47.221606250909],[-1.6037697529433,47.2216145538976],[-1.60376600899352,47.2216169495235],[-1.6037258809368,47.2216426265195],[-1.60369106747391,47.2216622242741],[-1.60368398614304,47.2216658115649],[-1.60365492360049,47.2216805074612],[-1.60361754034743,47.2216976112014],[-1.6035616369848,47.2217211179809],[-1.60350365557067,47.2217420046984],[-1.60344372016843,47.2217601762679],[-1.60338208665437,47.2217755323208],[-1.60331766953624,47.2217892877984],[-1.60328729081165,47.2217943800838],[-1.60326004811618,47.2217990430027],[-1.60325225695578,47.2218003690007],[-1.60322991028078,47.2218032182036],[-1.60322426245487,47.2218039383613],[-1.60318602834175,47.2218088011751],[-1.60314371781664,47.221812546873]]],"type":"Polygon"},"properties":{"gid":"6112","idbureau":"1090534","commune":"Nantes","code_insee":"44109","numero_bureau":"534","lien_lieu_vote":"109046","nom":"Dervalli\u00e8res Ch\u00e9zine","site":"Ecole El\u00e9mentaire","num_canton":"5"}},{"type":"Feature","geometry":{"coordinates":[[[-1.59165470835627,47.2163580758107],[-1.59500052262328,47.2167565020914],[-1.59559176314535,47.2168327081662],[-1.59576773690508,47.2170831377055],[-1.59569115359791,47.2171077241807],[-1.59565912534384,47.217118005112],[-1.59486584284206,47.2173723133573],[-1.59411307935105,47.2176473873835],[-1.59485664990338,47.2180479706413],[-1.59569814132978,47.2186008545253],[-1.59630507796947,47.219368890212],[-1.59621380229907,47.2195102647574],[-1.59620716803537,47.2195206658498],[-1.59561408138898,47.2201628347712],[-1.59545202098753,47.2203196823519],[-1.59529601373412,47.2204707339875],[-1.59451003209468,47.2204345836098],[-1.5932560262051,47.2210787382699],[-1.59280003645161,47.2211777763296],[-1.5925513410847,47.2213162255873],[-1.59222248252832,47.2215100034466],[-1.591820986013,47.221204117759],[-1.59128017110125,47.2205328797479],[-1.59085958121212,47.2200225534554],[-1.59071987735555,47.2200771212017],[-1.59017842031421,47.219429233042],[-1.59027755125228,47.2192884970261],[-1.59030593767634,47.219248259341],[-1.59041284280284,47.2190963632361],[-1.58965382474407,47.218221787007],[-1.58958509645147,47.2182148520944],[-1.58833822555421,47.2177467983973],[-1.58802313359883,47.217601794981],[-1.58799988329593,47.2175911482856],[-1.58764715727565,47.2176125228702],[-1.58759140152257,47.2175012072563],[-1.58696100828202,47.2162434954093],[-1.58926021451298,47.216379393196],[-1.589357395474,47.2163850930065],[-1.59154481708728,47.2165143082622],[-1.59165470835627,47.2163580758107]]],"type":"Polygon"},"properties":{"gid":"6103","idbureau":"1090533","commune":"Nantes","code_insee":"44109","numero_bureau":"533","lien_lieu_vote":"109046","nom":"Dervalli\u00e8res Ch\u00e9zine","site":"Ecole El\u00e9mentaire","num_canton":"5"}},{"type":"Feature","geometry":{"coordinates":[[[-1.57479000652578,47.2205403718429],[-1.57537511728065,47.2205886737495],[-1.57540317308734,47.220590989277],[-1.57604585885418,47.2207234663405],[-1.57625100875414,47.2207772083566],[-1.57669479075012,47.2209430957914],[-1.57707155057115,47.2210999968698],[-1.57741768769011,47.2212918891342],[-1.57761885356325,47.2214465537704],[-1.57783993236768,47.2216168431998],[-1.57801630499554,47.2217579391795],[-1.57920750271856,47.2221644042906],[-1.57855014953769,47.2229521369463],[-1.57830059923013,47.22321875139],[-1.57816597587907,47.2234929924804],[-1.57849808458612,47.2235597131413],[-1.57838004532919,47.2238365400446],[-1.57894084677776,47.2239695298737],[-1.57893642547646,47.224084427491],[-1.57947129536481,47.2241051725519],[-1.57939554906071,47.2243420181243],[-1.57961446398668,47.2248202331678],[-1.57954688536932,47.2250422996593],[-1.57904626795913,47.2247200090791],[-1.57864905699933,47.2246292007934],[-1.5768251202404,47.2242094398583],[-1.57586261165603,47.2239329913554],[-1.57524211256863,47.2236994244782],[-1.57449805720423,47.2234232077406],[-1.5744884675601,47.2232793328163],[-1.57418697517081,47.2229566659483],[-1.57427222265139,47.2228549687905],[-1.5747678878146,47.2206392092021],[-1.57477954130658,47.2205871118036],[-1.57479000652578,47.2205403718429]]],"type":"Polygon"},"properties":{"gid":"6017","idbureau":"1090543","commune":"Nantes","code_insee":"44109","numero_bureau":"543","lien_lieu_vote":"109020","nom":"Fraternit\u00e9","site":"Ecole El\u00e9mentaire","num_canton":"5"}},{"type":"Feature","geometry":{"coordinates":[[[-1.50597377483382,47.2489568990721],[-1.50313175553218,47.246910799458],[-1.50361258761167,47.2453107353907],[-1.50349225322166,47.2452446750453],[-1.50318437122848,47.2450754270707],[-1.50324067042647,47.2450306793879],[-1.50332563205347,47.2449631854026],[-1.50337730673858,47.2449221031726],[-1.50436623304796,47.2441249745111],[-1.50495469828571,47.2436505483034],[-1.50519603321703,47.2433996937436],[-1.50565754268023,47.2429200355247],[-1.50614260621822,47.2424076177526],[-1.5063455468711,47.2421931675864],[-1.50658182822393,47.2422254587499],[-1.5066880981607,47.242145454156],[-1.50682504031282,47.2422254592306],[-1.50739475784869,47.2418293702857],[-1.50877623080144,47.2414444902861],[-1.50892325076175,47.2419442241694],[-1.50912093014845,47.2427677596418],[-1.50915769750756,47.2428542573793],[-1.50917841126809,47.242901392447],[-1.50965066301166,47.2439732669663],[-1.50971792985401,47.2441160278011],[-1.50997504505682,47.2445942544203],[-1.51000683752667,47.2446520031127],[-1.5100238951768,47.2446831403368],[-1.51005310639365,47.2447362941092],[-1.51015018620046,47.2449128242641],[-1.51029822122414,47.2451818635318],[-1.51064914781145,47.2455777028876],[-1.51105141602463,47.24579917684],[-1.51119500204324,47.2458333824082],[-1.51122011070985,47.2458330842181],[-1.51158719693959,47.2462935003849],[-1.51146493457041,47.2469399244786],[-1.51158087873756,47.2477701445715],[-1.5149477746846,47.2475134763311],[-1.51633920045099,47.2480236012093],[-1.51827024236275,47.2496559096006],[-1.51933487443304,47.2502954160779],[-1.51866450176125,47.2508828586574],[-1.51811219094779,47.2513646880964],[-1.51723069991134,47.2521338468126],[-1.51717357623387,47.2521836706605],[-1.51702546024872,47.2523127294691],[-1.51695808860759,47.2523524435041],[-1.51563370947705,47.2531329648921],[-1.51544210033155,47.2532458202171],[-1.51543544038755,47.2532429228237],[-1.51347921382497,47.2523917941422],[-1.51207706743219,47.2517761581041],[-1.50835964778231,47.2500258020119],[-1.50597377483382,47.2489568990721]]],"type":"Polygon"},"properties":{"gid":"6125","idbureau":"1090742","commune":"Nantes","code_insee":"44109","numero_bureau":"742","lien_lieu_vote":"109051","nom":"Julien Gracq","site":"Ecole Primaire","num_canton":"7"}},{"type":"Feature","geometry":{"coordinates":[[[-1.56148873292156,47.2390012946628],[-1.56157383914105,47.2389115027892],[-1.56173254661943,47.2387537427867],[-1.56184441907228,47.2386501665983],[-1.56188802536014,47.2386042879744],[-1.56213384303838,47.2385494108742],[-1.56308712046419,47.2381815861433],[-1.56473236305921,47.2377111704658],[-1.56502789706652,47.2376852294376],[-1.56710685938417,47.2386282247612],[-1.56720343865679,47.2386269402837],[-1.56865986233818,47.2385756450145],[-1.5698291120565,47.238534508173],[-1.5702966750357,47.2384846223673],[-1.57031507358541,47.2383924875646],[-1.57077928635738,47.2388472745157],[-1.56982223194696,47.2393983152195],[-1.56937405916474,47.2401069317132],[-1.56891472291351,47.2408619484241],[-1.56889305344317,47.2408568314194],[-1.56782254076092,47.2405971125237],[-1.56758007592664,47.2408810234326],[-1.56757058690755,47.2413707718853],[-1.56291457885374,47.2405370204819],[-1.56270505456726,47.2404294472334],[-1.56292776153741,47.2399958065565],[-1.5629295064324,47.2398546107892],[-1.56208426591179,47.2395077005372],[-1.56225695688668,47.2393440628736],[-1.56148873292156,47.2390012946628]]],"type":"Polygon"},"properties":{"gid":"6136","idbureau":"1090632","commune":"Nantes","code_insee":"44109","numero_bureau":"632","lien_lieu_vote":"109030","nom":"Muloti\u00e8re","site":"Groupe Scolaire","num_canton":"6"}},{"type":"Feature","geometry":{"coordinates":[[[-1.5487433812612,47.2353139922047],[-1.54872432554422,47.2352905106523],[-1.54869144936469,47.2352390241558],[-1.54866926390416,47.2352042770181],[-1.5485696969263,47.2349349081861],[-1.54848681023424,47.2345820257863],[-1.54836827752771,47.2341042492592],[-1.54832632820727,47.2336558665644],[-1.54824783894157,47.2332451019738],[-1.5482339717039,47.2331743260799],[-1.54822781819601,47.2327417599928],[-1.54826529141246,47.2325668533919],[-1.54826582668018,47.2325643515618],[-1.54826713713595,47.2325582372989],[-1.54829230914348,47.2324407435194],[-1.54829525269666,47.2324362802336],[-1.54830755500145,47.2324176240555],[-1.548899031074,47.2315580011019],[-1.54902491555436,47.2313750419937],[-1.54938975395843,47.2308447852598],[-1.55126652301304,47.2293697066001],[-1.55236793162785,47.2284634085746],[-1.55260611495725,47.2282439855549],[-1.55312309272176,47.2287366878821],[-1.55316384814041,47.2287662955607],[-1.55366595644629,47.2291053063204],[-1.55394858491222,47.2291970952276],[-1.5540247427813,47.2293025129693],[-1.55428653448244,47.2294658901312],[-1.55422583577227,47.2295276528266],[-1.55406530397914,47.229716630824],[-1.55382679166388,47.2300515304412],[-1.55372894412917,47.2301533691139],[-1.55346039848137,47.23021169848],[-1.55270678875665,47.2309222655044],[-1.55226295103897,47.2314633181492],[-1.55219427733541,47.2317410613508],[-1.55216638098912,47.2319848231543],[-1.55027717658713,47.2322631562302],[-1.55051336635842,47.2330260847649],[-1.55077731703195,47.2338197742043],[-1.55101302061596,47.2340370879418],[-1.55089283300453,47.2340955390317],[-1.55047768727425,47.2342640012719],[-1.55001786891181,47.2343601128445],[-1.54992633586414,47.2343469843049],[-1.54981529286634,47.2343310898358],[-1.54921650944221,47.2343691958899],[-1.54949065441767,47.2352231653682],[-1.54931470939771,47.2352405325267],[-1.5487433812612,47.2353139922047]]],"type":"Polygon"},"properties":{"gid":"6061","idbureau":"1090173","commune":"Nantes","code_insee":"44109","numero_bureau":"173","lien_lieu_vote":"109005","nom":"Fellonneau","site":"Ecole Maternelle","num_canton":"1"}},{"type":"Feature","geometry":{"coordinates":[[[-1.56719182968281,47.2144153894166],[-1.56643073397456,47.214497635475],[-1.56637626602454,47.214499476826],[-1.56636071398563,47.2145000032871],[-1.56610253882228,47.2144927143898],[-1.56572913497899,47.2144043003665],[-1.56554428006483,47.2143491321552],[-1.56516444509067,47.2134073509595],[-1.5648133518772,47.213302143301],[-1.56450039494839,47.2128659073534],[-1.5646706921425,47.2127377410498],[-1.56449743274855,47.2125042935427],[-1.56437981768284,47.212544569159],[-1.56431343979523,47.2124553933536],[-1.56492212935286,47.2122483506532],[-1.56521337861121,47.212142117775],[-1.56532871687097,47.2121031761505],[-1.56583941831255,47.212472283024],[-1.56592750283601,47.2130802355395],[-1.5671627806789,47.2129696862262],[-1.56837776845724,47.2128372187246],[-1.56824714995378,47.2125483211899],[-1.56775065512121,47.2119773000922],[-1.56796443264278,47.2119324974866],[-1.56799880653724,47.2119252974557],[-1.56808447634139,47.211907354276],[-1.56916519805645,47.2116807851478],[-1.56921760727126,47.2117831285483],[-1.56963858309283,47.2127172878617],[-1.56980099493885,47.2126804405334],[-1.56938411311639,47.2118604387091],[-1.5701832596951,47.2117041934812],[-1.57113575869537,47.2115070852327],[-1.57123883633346,47.2117912084917],[-1.57128217839664,47.2119106776698],[-1.57128682244458,47.2119234774775],[-1.57129715174903,47.2119519515646],[-1.57130906334692,47.2119847834005],[-1.57150793439896,47.2125360187115],[-1.57150805516766,47.2125360391344],[-1.57164243362435,47.2125586595042],[-1.57169628437435,47.2127548964838],[-1.57160756792743,47.2128034780536],[-1.57216426002449,47.2143461282864],[-1.57196106821887,47.2143334772789],[-1.57128472265577,47.2142167991312],[-1.5711667934894,47.2140553435815],[-1.56916722193749,47.2141158196304],[-1.5691111142847,47.2142400345711],[-1.56901933666805,47.2142485500188],[-1.56887178438059,47.2132717082109],[-1.56832565576774,47.2132545433703],[-1.56846570997589,47.2141595825354],[-1.56759284857199,47.2143731632903],[-1.56744614102679,47.2143879485524],[-1.56719182968281,47.2144153894166]]],"type":"Polygon"},"properties":{"gid":"6051","idbureau":"1090313","commune":"Nantes","code_insee":"44109","numero_bureau":"313","lien_lieu_vote":"109022","nom":"Andr\u00e9 Lermite","site":"Ecole Elementaire","num_canton":"3"}},{"type":"Feature","geometry":{"coordinates":[[[-1.51216403576406,47.1874309440353],[-1.51211865782502,47.1874320069263],[-1.51203937465744,47.1874541355967],[-1.51203884816951,47.1874552087216],[-1.51200431426418,47.1875256156545],[-1.5119551620413,47.1876180133978],[-1.5119494109795,47.1876234655599],[-1.51181997078997,47.1876089103829],[-1.51177087249344,47.1876041498854],[-1.51176773007044,47.1876038453982],[-1.51155030080795,47.1875819356656],[-1.51153766540566,47.1875622486945],[-1.51150970744355,47.1875712375914],[-1.51125763002559,47.1876522859046],[-1.51125702397588,47.1876524809227],[-1.51123660598434,47.187634541466],[-1.51124198399876,47.1876243176125],[-1.5112424132062,47.1876235006098],[-1.51133866329925,47.1874791077433],[-1.51133906323016,47.1874785072423],[-1.51134894732018,47.1874635199292],[-1.51134937251151,47.1874628742838],[-1.51135491096615,47.1874549075618],[-1.51138552447287,47.1874105439787],[-1.5114037645536,47.1873820215247],[-1.51140420228615,47.1873813366409],[-1.51143088874844,47.1873404261363],[-1.51143134735642,47.1873397224109],[-1.51148835208045,47.1872525694742],[-1.51158946891966,47.1870979725559],[-1.51159772693089,47.1870874994258],[-1.51159877969436,47.1870861632351],[-1.51162260088628,47.1870597154563],[-1.51191306463855,47.1872171677185],[-1.5123405781103,47.1874007570937],[-1.51235375390035,47.1874080783144],[-1.51236048242787,47.1874110576059],[-1.51236908833383,47.1874039172532],[-1.51248929880908,47.187304174686],[-1.51251841106525,47.187271763681],[-1.51251914070546,47.1872710141548],[-1.51261710828724,47.1871463315534],[-1.51268269632102,47.1870982498824],[-1.51272710154289,47.1870658791449],[-1.51274880357948,47.1870500576508],[-1.51285997771192,47.1869690072278],[-1.51286338329806,47.1869707511331],[-1.51287158282957,47.1869749484535],[-1.51287468696275,47.186976988042],[-1.5129245680834,47.1870095688446],[-1.51320120248154,47.1871903160134],[-1.51327499585595,47.1872345397166],[-1.51327793720658,47.1872363108742],[-1.51335160814063,47.1872806636924],[-1.5134029825112,47.187311593432],[-1.51340629396603,47.1873135834073],[-1.51341017483993,47.187315914118],[-1.51341558901828,47.1873191675897],[-1.51341784632571,47.1873205241239],[-1.51343927028333,47.1873333957826],[-1.51346801338304,47.18735066513],[-1.51352915059483,47.1873874570495],[-1.51359321391002,47.1874260260956],[-1.51364906418431,47.1874596919448],[-1.51366997041067,47.1874722388186],[-1.51367250888286,47.1874737627012],[-1.51367273584612,47.1874738988463],[-1.51370309558064,47.1874921678154],[-1.51375615169931,47.1875240512753],[-1.51375943012003,47.1875260254203],[-1.51390336040096,47.1876126930686],[-1.5139062231566,47.1876105981752],[-1.51400652183774,47.1876712596164],[-1.51400977990832,47.1876732273468],[-1.51405443809288,47.1877001913834],[-1.51444325613369,47.1874872992093],[-1.51449932117605,47.1874566164104],[-1.51473417918664,47.1873280842868],[-1.51491317924899,47.1872301274243],[-1.51492556485303,47.187223422984],[-1.51493055385055,47.1872205740464],[-1.51494674627656,47.187211326668],[-1.51495305180805,47.1872077447483],[-1.51521099295975,47.1870867690347],[-1.5152117529642,47.1870863787175],[-1.51522395355461,47.187079050781],[-1.51522460047032,47.1870787297881],[-1.51523892057194,47.1870716140238],[-1.51523920091216,47.1870714750465],[-1.51525426758701,47.1870639821058],[-1.51529783599058,47.1870368585374],[-1.51531396579388,47.1870291057132],[-1.51561301810032,47.186856683477],[-1.51592038840963,47.1866792134033],[-1.51592049171786,47.1866791534735],[-1.515931326672,47.1866728703419],[-1.51598021946897,47.1866446359577],[-1.51612155480993,47.1865623955226],[-1.51624021156769,47.1864886160544],[-1.51641503061789,47.1863756833714],[-1.51660911407948,47.1862420790251],[-1.51667952534232,47.1861792079777],[-1.51675758375782,47.1860973840976],[-1.51680859374069,47.1860383742206],[-1.51680886575487,47.1860380589597],[-1.51684466982598,47.185995742089],[-1.5168538070273,47.1859850203843],[-1.51686065422304,47.1859769117504],[-1.51682204799759,47.1859502278544],[-1.51672505253302,47.1858833116834],[-1.51669225741974,47.185860680003],[-1.51669108251724,47.1858598693299],[-1.51653990387289,47.1857556224061],[-1.51667283667576,47.1856670831509],[-1.51667290617492,47.1856670376159],[-1.5168338666762,47.1855450081503],[-1.51691261647752,47.1854854130017],[-1.5169493732434,47.1854574754934],[-1.51696234326101,47.1854483149537],[-1.51700571953393,47.1854172614851],[-1.51700582218933,47.1854174124272],[-1.51706774083134,47.1855083225506],[-1.51706806604342,47.1855080736757],[-1.51707096812621,47.1855058527996],[-1.51707501622118,47.1855037111704],[-1.51712259757241,47.1854736347152],[-1.51716634868191,47.1854443397123],[-1.51716580284808,47.1854145416156],[-1.51717394731191,47.1853810459863],[-1.51719528882777,47.1853363579794],[-1.51722693426579,47.185283475726],[-1.51723451827424,47.1852708183641],[-1.51737590909352,47.1850392507729],[-1.51753723424196,47.1847750541187],[-1.51753255784388,47.18465113735],[-1.51753125047024,47.1846157664398],[-1.51752950825497,47.1845686268138],[-1.51752866302745,47.1845457840364],[-1.51752666495793,47.1844941452883],[-1.51752027336704,47.1844838232383],[-1.5174886959077,47.1844328299501],[-1.51742588315221,47.1843312452742],[-1.51741227835952,47.1843092425687],[-1.51740433185056,47.1842963890678],[-1.51740372696511,47.1842954108983],[-1.5174019368073,47.1842925159734],[-1.51739620017608,47.1842832373955],[-1.51738503009668,47.1842651701958],[-1.517371587728,47.1842433683372],[-1.51736666655168,47.1842355254871],[-1.51734735404616,47.184204225938],[-1.51731930871362,47.1841587306159],[-1.51732158340664,47.1841559379212],[-1.51733453717428,47.1841396127537],[-1.51733457653804,47.1841395625474],[-1.5173347198586,47.1841393821017],[-1.51723522596704,47.1839507400239],[-1.5172345874095,47.1839495045755],[-1.51723173063864,47.1839440646902],[-1.51722638913516,47.1839338794096],[-1.51722530631528,47.1839318613065],[-1.51722511620539,47.1839315047612],[-1.51720082142297,47.1838862213344],[-1.51718566932565,47.183857976607],[-1.51718358868829,47.1838540857292],[-1.51718355129493,47.1838540187205],[-1.5171699250933,47.1838273430513],[-1.51716074513597,47.1838000607929],[-1.51716000096942,47.1837940034378],[-1.51715987286579,47.1837929587476],[-1.51715807457705,47.1837730467726],[-1.51715916690543,47.1837642662319],[-1.51715974717197,47.1837602553162],[-1.51717838923075,47.1837119458338],[-1.51721637772491,47.1836157487606],[-1.51724922316735,47.1835323310356],[-1.51725302812809,47.1835226682247],[-1.51713430549488,47.1834785047998],[-1.51705624385187,47.1834494091401],[-1.51704730754289,47.1834461232535],[-1.51703930237566,47.1834431890777],[-1.51703853445157,47.1834429075329],[-1.51704074914567,47.1834301965636],[-1.51704119726242,47.1834284335805],[-1.5170507123944,47.1833917888626],[-1.51705584343345,47.1833794776257],[-1.51705587306847,47.183379406177],[-1.51706180285882,47.1833652118326],[-1.51707831046703,47.1833362122194],[-1.51707903424039,47.1833349420788],[-1.51708741915701,47.1833202113961],[-1.51708746219253,47.1833201421232],[-1.5171159789397,47.1832837209329],[-1.51711750192404,47.183281775083],[-1.51712241081041,47.1832755348983],[-1.51713301585155,47.1832624563295],[-1.51714418920006,47.1832487066323],[-1.51714096896736,47.183247589906],[-1.51713764677195,47.18324642403],[-1.51715221963456,47.1832237331583],[-1.51715224858719,47.1832237004818],[-1.51717557241134,47.1831885423835],[-1.5174085285933,47.1828523802446],[-1.51780168586792,47.18221792582],[-1.51780200515839,47.1822181691527],[-1.51780208656539,47.1822180379981],[-1.51798527925014,47.1818321898215],[-1.51798518724591,47.1818321646093],[-1.51798564233483,47.1818312023863],[-1.51755871213168,47.1816292987082],[-1.51756765226178,47.1816132476912],[-1.51758074422279,47.1815895724962],[-1.51758752034362,47.1815772766622],[-1.51759324540337,47.1815668180063],[-1.51760317528868,47.1815488304002],[-1.51786215877773,47.1810800130769],[-1.51964193458671,47.1836232107621],[-1.52171974758734,47.1857899175908],[-1.52333512491672,47.1874446526572],[-1.52355326445254,47.1876885381332],[-1.52454011551907,47.1887919384418],[-1.52454097562491,47.1887929002127],[-1.52469676005018,47.1889670936464],[-1.52340699189322,47.1897832684092],[-1.52356825191858,47.189912339595],[-1.52359629189727,47.1903943641929],[-1.5228348996202,47.1904549381744],[-1.52254537883982,47.1902801309333],[-1.5217777819508,47.1907227651828],[-1.52162695412904,47.1906690705274],[-1.52161568796954,47.1906650603538],[-1.52117757195339,47.1905090590018],[-1.52113606172739,47.1904942783905],[-1.51994559864846,47.1900852229233],[-1.5198412887755,47.1900553601537],[-1.51938121800784,47.1899233577288],[-1.51933150347889,47.1899120775316],[-1.51921973756096,47.1898867184038],[-1.51881449846696,47.1897947714988],[-1.5187453340988,47.1897790783215],[-1.51873485570133,47.1897767011232],[-1.51827126978586,47.1896998873873],[-1.51791790895228,47.1896556770537],[-1.51720536923113,47.1896109130433],[-1.51667748621243,47.189572395069],[-1.51571714103639,47.1895061052891],[-1.51468233439953,47.1894658030944],[-1.51453160456389,47.1894527548531],[-1.51374545887831,47.189384697738],[-1.51372431454619,47.1893831864111],[-1.51283183754985,47.189328440786],[-1.51282659588781,47.1893258535863],[-1.51288134397486,47.1890168025157],[-1.51288335577787,47.1890093347871],[-1.51293128033399,47.1888727432079],[-1.51298534941872,47.188687137803],[-1.51301924959371,47.1885707648167],[-1.51301978012323,47.1885689427529],[-1.51300707382713,47.1885218666783],[-1.51271652180733,47.1881746701689],[-1.51267905223365,47.1880442289852],[-1.5126737520994,47.1879386680959],[-1.5126736472916,47.1879365853765],[-1.5126852924334,47.1877826547484],[-1.5126853224683,47.1877822598072],[-1.51268544080888,47.1877806900251],[-1.51268501521069,47.1877803463353],[-1.51262912100656,47.187777407679],[-1.5126200869377,47.1877768617761],[-1.51258855928957,47.1877740338414],[-1.51253130163292,47.1877688988079],[-1.51249436002123,47.1877655853626],[-1.51244281575104,47.1877609438249],[-1.51239447115385,47.1877566270107],[-1.51233592885173,47.1877520550805],[-1.51233576119218,47.187752041848],[-1.51235220259672,47.1876839769325],[-1.51235254404367,47.1876828570168],[-1.51237763866286,47.187588881846],[-1.51238135065351,47.1875749498111],[-1.51240291636925,47.1875376994992],[-1.5124091413373,47.1875269124681],[-1.51237278843482,47.1874888979108],[-1.51237260140335,47.1874887025261],[-1.5123215595675,47.1874712462373],[-1.51225395721505,47.1874502059614],[-1.5122014321917,47.1874337621405],[-1.51219693416397,47.1874323540005],[-1.51216403576406,47.1874309440353]]],"type":"Polygon"},"properties":{"gid":"6158","idbureau":"1090373","commune":"Nantes","code_insee":"44109","numero_bureau":"373","lien_lieu_vote":"109042","nom":"Jacques Tati","site":"Ecole Maternelle","num_canton":"3"}},{"type":"Feature","geometry":{"coordinates":[[[-1.56589390191481,47.2707338850894],[-1.56586830892956,47.2707086803526],[-1.56587419299773,47.2706954712513],[-1.56592711891788,47.2706318261719],[-1.56587863728763,47.2706098732478],[-1.56578551915051,47.2705803047541],[-1.56574996981425,47.2705690168671],[-1.56574445276586,47.2705672653281],[-1.56563437854613,47.270517121961],[-1.56559289346249,47.270456325254],[-1.56555932802172,47.2704401954686],[-1.56553179227238,47.2704269637509],[-1.56547511776066,47.2703997295642],[-1.56539559007092,47.2703939671007],[-1.56533225838396,47.2703236773496],[-1.56533092412217,47.2703221967117],[-1.56527961926227,47.2702736785768],[-1.56527439259054,47.2702687347078],[-1.56522878401458,47.270225603122],[-1.56519967757443,47.270187201932],[-1.56517784213276,47.2701718497328],[-1.56513877806305,47.2701454677441],[-1.5650887481158,47.2701301538096],[-1.56501933463051,47.2701002913382],[-1.5649101515912,47.2700651598227],[-1.56489985959177,47.2700595628519],[-1.56485780297718,47.270036692129],[-1.56481011127575,47.2699997550679],[-1.56480789078565,47.2699980356879],[-1.56475696596986,47.2699104913289],[-1.56473881608945,47.2698639959065],[-1.5647109096962,47.2698195097932],[-1.56461637434244,47.2697807327981],[-1.56457987315425,47.2697122653265],[-1.56457930530028,47.2697112002811],[-1.56452381457877,47.2696392652445],[-1.56450078734312,47.2696094142772],[-1.56449322340613,47.2695996099935],[-1.5644717346226,47.26957175328],[-1.56445322135896,47.2695477530453],[-1.56445197190877,47.2695461338709],[-1.56437808254389,47.2695258198865],[-1.5642769181952,47.269500821876],[-1.56418360273409,47.2694932632477],[-1.56405269627039,47.2694734105378],[-1.56402115421416,47.2694776362757],[-1.56399645507397,47.2694844737691],[-1.5639163138433,47.2695132456663],[-1.56388806785264,47.2695204041539],[-1.56377708253142,47.2695538244664],[-1.5637662548791,47.2695581649361],[-1.56376586448457,47.2695583210005],[-1.56367271314411,47.2695956602375],[-1.56366854975469,47.2695973293937],[-1.56359102273842,47.2696197663804],[-1.56354983388883,47.2696316870968],[-1.56344768221222,47.2696511106262],[-1.56344262942761,47.2696520716956],[-1.56330504362334,47.2697074143735],[-1.56330096389356,47.269709055866],[-1.56312958859426,47.2697684805748],[-1.56303334571669,47.2697731115199],[-1.56299533058605,47.2697883166068],[-1.56295577263086,47.2697954336476],[-1.5629318569125,47.2697997366374],[-1.5629143686291,47.2698028834511],[-1.56287015403117,47.2698059899051],[-1.56280384020691,47.2698153798448],[-1.56276007832474,47.2698253164109],[-1.56272540260909,47.2698269629441],[-1.56261767855211,47.2698459256571],[-1.56249874417782,47.2698700187151],[-1.56245159152754,47.2698803222011],[-1.56244533441008,47.2698816896449],[-1.56238673276189,47.2698729321196],[-1.56229751973147,47.2698483591627],[-1.56210025100391,47.2698095121008],[-1.56203107998477,47.2698102746079],[-1.56201380723317,47.2698172674999],[-1.5619763632248,47.2698159600252],[-1.56195342198207,47.2698170505773],[-1.56193534811416,47.2698162359527],[-1.56191977213548,47.269816763916],[-1.56179366211657,47.2698065399554],[-1.56176106775457,47.2698062113666],[-1.56173946715577,47.2697997698147],[-1.5616710704732,47.2698080892746],[-1.56166360769885,47.2698089972131],[-1.56158303483661,47.2698071662504],[-1.5615412289438,47.2698062155234],[-1.56142801176425,47.2698036423821],[-1.56142392509278,47.2698035495252],[-1.56133387457033,47.2698186560561],[-1.56126962886221,47.26982282696],[-1.56116715452427,47.269836624139],[-1.5608726073529,47.2698964807906],[-1.56072748309648,47.2699259721425],[-1.56024890532803,47.2700356038735],[-1.56023174656099,47.2700399112897],[-1.56022808411423,47.2700408305809],[-1.55974075066925,47.270163166446],[-1.55948551398367,47.270234291471],[-1.55947196841154,47.2702477139296],[-1.55925331445535,47.2703193699067],[-1.55917376493568,47.2703411766684],[-1.55905446850738,47.2704059185002],[-1.55901879211576,47.2704252644752],[-1.55897777276333,47.2703265123325],[-1.55892965040258,47.2701927200537],[-1.558911859095,47.2700233141859],[-1.55890818235439,47.2699883084939],[-1.55880259616102,47.2699069842437],[-1.55872599521839,47.2698549665904],[-1.5585488981351,47.2697331364592],[-1.5585256595939,47.2697090983749],[-1.55849309328022,47.2696379439682],[-1.55849231410335,47.2695751822799],[-1.55849209764089,47.2695577885758],[-1.55849160962373,47.2695185214497],[-1.55849572508209,47.2694784410433],[-1.55847730722987,47.2694553372375],[-1.55846712328192,47.2694425629526],[-1.55846487801341,47.2694397469432],[-1.55842162921336,47.269410825554],[-1.55838495410787,47.2693906541599],[-1.55837366285444,47.2693716388381],[-1.5583647066943,47.26932576927],[-1.55836591469497,47.2692827756684],[-1.55836660622999,47.2692581716749],[-1.5583668662616,47.2692489128235],[-1.55835350326247,47.2692222250723],[-1.55833433616535,47.269183945468],[-1.55829740908781,47.2691101994539],[-1.55828783825729,47.2690014598489],[-1.55828890665231,47.268856165651],[-1.55829259952641,47.2688018651615],[-1.55835537885946,47.2687217941522],[-1.55831511521473,47.2686132803528],[-1.55830615668341,47.2685426315552],[-1.55827167899103,47.268484708456],[-1.55820017533484,47.2684266666394],[-1.55813155131175,47.2683709633109],[-1.55811885784052,47.2683401996031],[-1.55812752188161,47.2683084088793],[-1.55814561318823,47.2682877780166],[-1.55825678007892,47.2682054280696],[-1.55828136153787,47.2681817465405],[-1.55829707415276,47.2681472434398],[-1.55827778538243,47.2681152094411],[-1.55818416461436,47.2680684618058],[-1.55812165145899,47.2680170566629],[-1.55812415567524,47.2679921780555],[-1.5581345334653,47.2679618511896],[-1.55815570904881,47.2679277622505],[-1.55826695075759,47.2678455994141],[-1.55829403742075,47.2678255931071],[-1.5583120823879,47.2678044234042],[-1.55832546161927,47.2677784963511],[-1.5583259883914,47.2677774743794],[-1.55840386657987,47.2676265574516],[-1.5584050622813,47.2676242411546],[-1.55841718330538,47.2676007518023],[-1.55843141970386,47.2675731634171],[-1.55847598739252,47.267526252774],[-1.55853095854413,47.2675039206593],[-1.55856029264595,47.2674920032386],[-1.55866217140707,47.2674805746106],[-1.55871398074551,47.2674223836876],[-1.55874970614006,47.2673603252146],[-1.55875481713219,47.2672421729104],[-1.55872259500288,47.2671317184152],[-1.55868623906908,47.2671214462395],[-1.558633706537,47.2671270868031],[-1.5586079026242,47.2671298572042],[-1.55848266220301,47.2671433051663],[-1.55843662688889,47.2671452207002],[-1.55840115735201,47.2671329309422],[-1.55835971006659,47.2671142103115],[-1.55834591779139,47.2670984478982],[-1.55833610199438,47.2670711140007],[-1.55832902330544,47.2670514009195],[-1.55832610550432,47.2670432772637],[-1.55832088089811,47.2670270850188],[-1.55831911076872,47.2669816513518],[-1.55833719002188,47.2669376832875],[-1.55836473218851,47.2669083878051],[-1.55839275850332,47.2668940308213],[-1.55860838060808,47.2668226763443],[-1.55873994395562,47.2667606019026],[-1.55876142357026,47.2667331686452],[-1.55875243104554,47.2666095384563],[-1.55877468678297,47.2665818942016],[-1.55881153131184,47.2665545724722],[-1.55886329881095,47.266517558158],[-1.55887254935834,47.2664901385785],[-1.5588848025837,47.2664538154188],[-1.55889296861631,47.2664296087985],[-1.55890351619517,47.2662961029181],[-1.55890391821785,47.2662954796558],[-1.55894700703078,47.2662286471438],[-1.5589767877049,47.2661824560045],[-1.55897626735178,47.2661547237746],[-1.55896316908509,47.2661161369139],[-1.55892104981768,47.2660849183213],[-1.55884548162143,47.2660479978794],[-1.55875573601226,47.2660109187612],[-1.55843429711789,47.2658449838124],[-1.55839303139494,47.2658051710647],[-1.55839054400674,47.2657822924948],[-1.55840732764231,47.2657601743709],[-1.55840767373325,47.2657597173224],[-1.55843828924638,47.2657384996273],[-1.55848235851496,47.2657198120554],[-1.55849652908887,47.2657157296659],[-1.55854551289375,47.2657016156323],[-1.55855281061964,47.265699512396],[-1.55857446884012,47.2656932723729],[-1.55860439133752,47.2656747853114],[-1.55862427339042,47.2656457033818],[-1.55862898143362,47.2656036116621],[-1.55862997276551,47.2655947473005],[-1.55862475833799,47.2655570191607],[-1.55860972644697,47.2655205814025],[-1.55856106026465,47.2654778183429],[-1.55854110117071,47.2654503163147],[-1.5585464061809,47.2654164060415],[-1.55856583843849,47.2653495872471],[-1.55856882382419,47.2653055868987],[-1.55855972223787,47.2652765730383],[-1.55853288000035,47.2652305882521],[-1.55852389127041,47.265215189542],[-1.55850222105739,47.2651645979424],[-1.55846840632337,47.2651422407866],[-1.55843489775838,47.2651342885522],[-1.55820023668977,47.2651625159778],[-1.55806959915559,47.2651611181547],[-1.55805902637305,47.2651586395435],[-1.55805201571261,47.2651569964472],[-1.55802419046685,47.2651504740071],[-1.55801891148707,47.2651492362079],[-1.55799917214449,47.2651446088752],[-1.55794762138404,47.2651325250406],[-1.55789589279765,47.2651090344238],[-1.55788137687994,47.2651024428864],[-1.55785918694201,47.2650879405912],[-1.55776373923822,47.2650255605508],[-1.55774637895784,47.2650164966119],[-1.55774416339235,47.2650153400821],[-1.55769861572312,47.2649915592687],[-1.55765424227104,47.264985028756],[-1.55758617893265,47.2649862855615],[-1.55755566003044,47.2649761420967],[-1.55753755103392,47.2649547839272],[-1.5575383453179,47.2649424078271],[-1.55755109471761,47.2649243315637],[-1.55756275044186,47.2648965671418],[-1.55755896129855,47.2648445456223],[-1.55753557934798,47.2648188010696],[-1.55740420376068,47.264737597308],[-1.55735269057775,47.2647048583955],[-1.55731894177925,47.2646995852363],[-1.5572593129075,47.2646902686649],[-1.55718161959911,47.2646919070172],[-1.55715656311108,47.2647022092554],[-1.55708776173708,47.2647304990896],[-1.55702814788966,47.2647423235171],[-1.55697834417464,47.2647342058896],[-1.55693945451698,47.264712860456],[-1.55692054319977,47.2646830171301],[-1.55690312860675,47.2646555365356],[-1.55688199707326,47.2646221913693],[-1.55686921466663,47.2646020204115],[-1.55681758432491,47.2645617169665],[-1.55669902168816,47.2644987467227],[-1.55667706449246,47.2644978519026],[-1.55663991001213,47.2644963385385],[-1.55656897895624,47.2644934491011],[-1.55651719964445,47.2644948834008],[-1.55649989895173,47.2644953628171],[-1.55644447490149,47.2644968983016],[-1.55627410504266,47.2645016183522],[-1.55625884593435,47.2645020411413],[-1.55624425240428,47.2645024456575],[-1.55614950874146,47.2644889003656],[-1.55606359011905,47.2644377011147],[-1.55596115382601,47.2643744514292],[-1.55587952553944,47.2643454752925],[-1.55586672195282,47.2643409304545],[-1.55582231962823,47.2643251689941],[-1.55580694993949,47.2643232767654],[-1.55577762463874,47.2643196669327],[-1.5555836612358,47.2642957913165],[-1.55553110544599,47.2642937778392],[-1.55544988267864,47.2642906666351],[-1.5554001582829,47.2642887616548],[-1.55536975952729,47.2642875973997],[-1.55536900785923,47.2642875686176],[-1.55534736483137,47.2642867394909],[-1.55533486139509,47.2642862609223],[-1.55526918196819,47.2642837446756],[-1.55516358081308,47.2641772785157],[-1.55507539180903,47.2640375938629],[-1.55507619142675,47.2639679999622],[-1.55513967806174,47.2638683494352],[-1.55525761022839,47.2637475288655],[-1.55525140605099,47.263682717817],[-1.55514346695344,47.263562828341],[-1.55511013457705,47.2635336373169],[-1.55508100741001,47.2635081289987],[-1.55501254717457,47.2634481745148],[-1.55500560446648,47.2634164248699],[-1.55497798787558,47.2632901455322],[-1.55489854442955,47.2631795574442],[-1.55487054374808,47.2631405785766],[-1.55479447544132,47.2630346891033],[-1.55473743787549,47.2629552901269],[-1.55472581658441,47.2628751052864],[-1.55475188007738,47.2628161340782],[-1.55481599588855,47.262728077073],[-1.55498071659573,47.2625018495831],[-1.55499684278538,47.262479701238],[-1.55500400970443,47.2623793088884],[-1.55497855674593,47.2622689458208],[-1.55490047146263,47.2621065143189],[-1.5548921527504,47.2620123222032],[-1.55485733754651,47.2618899855042],[-1.55487079889837,47.2618570137418],[-1.55497870709348,47.2618116843391],[-1.55498566685336,47.2618087603173],[-1.55505393239006,47.2617499025758],[-1.55511843293447,47.2616942900463],[-1.55510157408375,47.2616450363902],[-1.55507820478496,47.2615767633292],[-1.55502112725034,47.2615067597008],[-1.55494076654386,47.2613130613234],[-1.55486449462973,47.2612151643542],[-1.55484648952534,47.2612078727554],[-1.55475768712681,47.2611719104993],[-1.55472160163611,47.2611628240465],[-1.55468195580817,47.2611528415327],[-1.55464189736906,47.2611427546124],[-1.55462988512318,47.2611397299461],[-1.55458886631356,47.2611294017314],[-1.55453219115023,47.2610848667827],[-1.5545309041703,47.2610838554209],[-1.55451550732485,47.2610717568657],[-1.55450943764949,47.2610609863465],[-1.55448570512577,47.2610188737978],[-1.55449054109298,47.2609655193329],[-1.55453102078751,47.2608893973057],[-1.55451506882968,47.2608282162922],[-1.55448856320089,47.2607767344176],[-1.55444576395574,47.2607328363376],[-1.55441328886935,47.2606842941703],[-1.55440121284559,47.2606359349119],[-1.55441562476364,47.2605986004137],[-1.55443971233789,47.2605614231768],[-1.55446078124927,47.2605245457545],[-1.55447430785577,47.2605032528489],[-1.55448726270874,47.2604828584313],[-1.55449097294535,47.2604643296862],[-1.55448650184163,47.260449188734],[-1.55447665655593,47.2604393066895],[-1.55447271732938,47.2604365793646],[-1.55434228128527,47.2603630845635],[-1.55430288427861,47.2603326577261],[-1.55419639400634,47.2601909044287],[-1.55419069949768,47.2601815787581],[-1.55413325124434,47.2599090299898],[-1.55583787932607,47.259648791426],[-1.55693708517506,47.2594460630074],[-1.55699047106753,47.2594452557468],[-1.55784502726073,47.2594328887279],[-1.56168378279541,47.2606444211547],[-1.563456494031,47.2609653065692],[-1.56373992816379,47.2610166131927],[-1.56667249759287,47.2623222055879],[-1.56717597434471,47.2621942086959],[-1.56758670149233,47.2620897880584],[-1.57039878522118,47.2615323598351],[-1.57118616578801,47.2614060756631],[-1.57242596748118,47.2613150761024],[-1.57423237620902,47.2613933632309],[-1.57443265253703,47.261485199297],[-1.57462296104313,47.2619001728631],[-1.574500904796,47.2629103706901],[-1.57395757685,47.2642898075787],[-1.57397272788082,47.2647195440269],[-1.57391273152801,47.2649213477983],[-1.57623776141281,47.2654076941707],[-1.5763158361039,47.2649448898238],[-1.57591204011403,47.2647283697127],[-1.5770195205733,47.264412138707],[-1.57803510373145,47.2646860731723],[-1.57853485597426,47.2642595728977],[-1.57884198444117,47.2646123070358],[-1.57901050021955,47.2648140109279],[-1.57944018571619,47.2656982157826],[-1.57948894254038,47.26581112884],[-1.57989832201653,47.2657712040736],[-1.58054481264348,47.2666813674727],[-1.58087809298052,47.2671504749497],[-1.58199281185481,47.2670482239037],[-1.58652105172531,47.2659153830904],[-1.58656760674548,47.2659688946242],[-1.58764706895352,47.2672100458101],[-1.58941093396846,47.2692108827806],[-1.5896158327932,47.2691229575247],[-1.59046945950108,47.2700907933397],[-1.59111255028494,47.2708336490688],[-1.59171656760861,47.2715284160171],[-1.59244184586625,47.272355441645],[-1.59252386776395,47.2724489682487],[-1.59262557695244,47.2725649429259],[-1.59268351594689,47.2726303902873],[-1.59273730809326,47.2726956022956],[-1.59273762886064,47.2726959904661],[-1.59280111614913,47.2727674336468],[-1.59339697927368,47.2734439528947],[-1.59329770768149,47.273481081767],[-1.59328988646858,47.2734840064928],[-1.59326082691262,47.2734510162131],[-1.59312419691857,47.2735922687028],[-1.59285855635267,47.27370983992],[-1.59281941172165,47.2736950038473],[-1.59281404056335,47.2736972008045],[-1.59271724318372,47.2737369308614],[-1.59207955418347,47.2739956039424],[-1.59159563912093,47.2741890208556],[-1.59156874457206,47.2741977649752],[-1.59153150337772,47.2742098742509],[-1.59150941339274,47.2742176497448],[-1.59148241744546,47.2742271530034],[-1.59140188875709,47.2742528960873],[-1.59115648429797,47.2743273038723],[-1.59100990194128,47.2743746972582],[-1.59084962045567,47.2744229077745],[-1.59069548839278,47.2744702408581],[-1.59049662770052,47.2745286425808],[-1.59030108248022,47.2745901545816],[-1.59009866909527,47.2746472547812],[-1.58983887061256,47.2747252078372],[-1.58982479092092,47.2747277522947],[-1.5898065575412,47.274735869082],[-1.58979282648764,47.274740922658],[-1.58978441264608,47.2747431508199],[-1.58976776409579,47.2747450769506],[-1.58974952409761,47.2747485083464],[-1.58972738070571,47.2747496626296],[-1.58954601269237,47.2747542263995],[-1.58948455706548,47.2747557730773],[-1.58901899843668,47.2747674861806],[-1.58899356455346,47.2747673299199],[-1.58896204616142,47.2747657044422],[-1.58893411651939,47.2747626742002],[-1.58891606234549,47.2747575377352],[-1.58731358179816,47.2744262700221],[-1.58727851934981,47.2744157746551],[-1.58719712696232,47.2743884753081],[-1.58711575285203,47.2743521643365],[-1.58701827679921,47.2743003744261],[-1.58701216227112,47.2742971257714],[-1.58693149829478,47.274254268807],[-1.58691443352108,47.2742467497509],[-1.58684784510325,47.2742109525494],[-1.5867797741503,47.2741743584278],[-1.58675408858507,47.2741605152492],[-1.58664363517734,47.2740940063403],[-1.58651442239735,47.2740251090156],[-1.5864607747,47.2739965041473],[-1.58637212288696,47.2739492347823],[-1.58631628137684,47.2739194594528],[-1.58617945408254,47.2738425980876],[-1.58616755607559,47.2738359144829],[-1.58609965755434,47.2737977136917],[-1.58591288509366,47.2736944556378],[-1.58589472029134,47.2736844131326],[-1.5858304880663,47.2736489016684],[-1.58569346219178,47.273573146117],[-1.58560257813367,47.2735233836397],[-1.5855394678611,47.273488827481],[-1.58548254359793,47.2734576595402],[-1.58544813901667,47.2734415840389],[-1.58538660650241,47.2734128336318],[-1.58536701021542,47.2734036771383],[-1.58533115730963,47.2733869249849],[-1.58526914489177,47.2733579503668],[-1.58513569108598,47.2733610199579],[-1.58499549949972,47.2733442639437],[-1.58483658113948,47.2733252809776],[-1.58483445000822,47.2733159045935],[-1.58483376859015,47.2733138178268],[-1.58483276037874,47.2733107339783],[-1.5847887968064,47.2731761416101],[-1.58478386564139,47.2731610450764],[-1.58478381703005,47.273160895633],[-1.5847835744373,47.273160153804],[-1.58471312626,47.2729552671175],[-1.58467166375942,47.2728346805302],[-1.5846626884146,47.2728085763408],[-1.58462338977836,47.2726942840195],[-1.58428436883255,47.2727477817718],[-1.58420083970676,47.2727609629877],[-1.5841667934952,47.2727345671642],[-1.58405784414777,47.2727777478634],[-1.58404709492423,47.2728220591648],[-1.58404563368696,47.2728281546786],[-1.58395998595205,47.2728405803754],[-1.58396269764383,47.2728530892129],[-1.58396339824979,47.2728563222961],[-1.58398347900847,47.272948944973],[-1.58391111174879,47.2729572367908],[-1.58383074028961,47.2729725156945],[-1.58356449682001,47.273023160057],[-1.58351456790039,47.2730326574853],[-1.58344777410062,47.2730453628749],[-1.58333108804135,47.2730712387209],[-1.58330307727587,47.2730774500863],[-1.58326688975044,47.2730854750938],[-1.58314411838783,47.2731127007599],[-1.58305790217301,47.273131820028],[-1.58303045844766,47.2731361597013],[-1.58300594571797,47.2731400356155],[-1.58299216179797,47.2731422151289],[-1.58298646566185,47.2731431161978],[-1.58296189937102,47.2731470005449],[-1.58287771441045,47.2731337538538],[-1.58285205600561,47.2731297161496],[-1.58277548087492,47.2731176672527],[-1.58250238272945,47.2730980961346],[-1.58249666248939,47.2730976861654],[-1.58239168935474,47.2730901632701],[-1.58223399237559,47.2730798748903],[-1.58218093458462,47.2730764136353],[-1.58215354357224,47.273074626349],[-1.58209581520496,47.2730708601109],[-1.58208559937786,47.273070194068],[-1.58204093035846,47.2730603503651],[-1.581900171854,47.2730292860576],[-1.58163074826421,47.2729689133032],[-1.58161777118902,47.2729660054358],[-1.58153110306254,47.2729465852172],[-1.58145039900352,47.2729285005616],[-1.58145003721481,47.272928419464],[-1.58139033712177,47.2729150421317],[-1.58115931929109,47.2728632741593],[-1.58098877658431,47.2728091565041],[-1.58076389132923,47.2727352760042],[-1.58075247289448,47.2727315247058],[-1.58072092474778,47.2727211604398],[-1.58065025319862,47.272704636275],[-1.58060208674384,47.2726933734129],[-1.58044895016248,47.2726575670892],[-1.58031472885423,47.2726255196109],[-1.58023319593273,47.2726149812624],[-1.58019011287271,47.2726004781795],[-1.58014844243098,47.2726039404021],[-1.57993010503829,47.2725774961503],[-1.57988789679293,47.2725771059611],[-1.57986779442042,47.2725769209656],[-1.57979972809568,47.2725762920853],[-1.57970613106578,47.2725563220652],[-1.57965769443101,47.2725565394239],[-1.57963963707857,47.272554440133],[-1.57963224996941,47.2725535819052],[-1.57951910384598,47.2725404294737],[-1.57949362727091,47.2725374677976],[-1.57940655286277,47.2725273460391],[-1.57923127341914,47.272502789742],[-1.57919962949461,47.272490443813],[-1.57912752010318,47.2724467003457],[-1.57912681893083,47.2724462750298],[-1.57906456244529,47.2724085088243],[-1.57903007274086,47.2723907796124],[-1.57899173159551,47.2723775289652],[-1.57885070699509,47.2723402289884],[-1.5788469788275,47.2723392430101],[-1.57882637632527,47.2723337938277],[-1.578770811345,47.2723190971197],[-1.57876723357013,47.2723181511045],[-1.57872702025986,47.2723075150756],[-1.57872010957424,47.2723059611071],[-1.57869865939121,47.2723011385721],[-1.57858088393821,47.2722746597375],[-1.5785571495704,47.2722693235192],[-1.57855624108541,47.2722691200119],[-1.57848522293631,47.272253152621],[-1.57843257432666,47.2722413158794],[-1.57839297889303,47.2722324140386],[-1.57836693063527,47.2722265571943],[-1.57823318370023,47.2721964870799],[-1.57815594908225,47.2721791225729],[-1.57810441707205,47.2721675367768],[-1.57806376605695,47.272158397526],[-1.57799447770935,47.2721716991769],[-1.57782494466197,47.2721770080077],[-1.57768193788204,47.2721181849286],[-1.57758373103659,47.2720802652952],[-1.57755076538271,47.2720675363416],[-1.57746763522938,47.2720354383129],[-1.57739840648692,47.2720181167969],[-1.57735152925782,47.2720063877003],[-1.57732049565811,47.2719986232937],[-1.57729543137574,47.2719923512908],[-1.57728349935651,47.2719893662037],[-1.57726528126912,47.2719848076013],[-1.57726326397816,47.2719843031162],[-1.57722125489015,47.2719737921423],[-1.57721916243294,47.271976110122],[-1.57718777181939,47.2720108979831],[-1.57680656643276,47.2720186122082],[-1.5767805533527,47.2720191386518],[-1.57660772091023,47.2720226361283],[-1.57647893004353,47.2720242162304],[-1.57646669685735,47.272024366183],[-1.57627722681547,47.2720266908442],[-1.57623218477426,47.2720217256273],[-1.57618434116561,47.2720165114747],[-1.57615593445079,47.2720128619459],[-1.57610723340971,47.2720066051033],[-1.57599421444984,47.2719993895313],[-1.5756341264142,47.2719610081745],[-1.575489567365,47.2719534254301],[-1.57527192855263,47.2719812796577],[-1.57496460351559,47.2720228980615],[-1.57493672740279,47.2720266727155],[-1.57493221773997,47.2720272837828],[-1.57470278588824,47.2720583526663],[-1.57458457712602,47.2720616144877],[-1.57438330734436,47.2720565571567],[-1.57428727979677,47.2720555408725],[-1.57417221847796,47.2720543230433],[-1.57403408249445,47.2720501863424],[-1.57390343789823,47.2720462740656],[-1.57373750475028,47.2720395394602],[-1.57359076364526,47.2720342938294],[-1.57356581680104,47.2720321432852],[-1.57352271067435,47.2720284272899],[-1.57348079293065,47.2720248135832],[-1.57337555985197,47.2720157421876],[-1.57335663631605,47.2720141107022],[-1.57326318980065,47.2720060553198],[-1.57306578685222,47.2719982287647],[-1.57297447824937,47.2720002387235],[-1.57281470252899,47.2719588214981],[-1.57269541251551,47.2719278988597],[-1.5723785890165,47.2719261724346],[-1.57228925980491,47.2719142265822],[-1.57228682002649,47.2719131026553],[-1.57228661193312,47.2719130073075],[-1.57222047741263,47.2718825409671],[-1.57221111574766,47.2718764291391],[-1.5721664817087,47.2718472937212],[-1.57214597046694,47.2718441762343],[-1.57209364412012,47.2718362236989],[-1.57203891714732,47.2718310112612],[-1.57203034113652,47.2718313523083],[-1.57196669868312,47.2718364062025],[-1.57188114033771,47.2718431542562],[-1.57186071072057,47.2718447659161],[-1.57181379752483,47.2718287901858],[-1.57174118591211,47.2718296051395],[-1.57144523793157,47.2718443466761],[-1.57140212306295,47.2718450283886],[-1.57136142240437,47.2718456726617],[-1.57106143358113,47.2718504160685],[-1.57096654060552,47.2718507648051],[-1.57074783168601,47.2718353113041],[-1.57065479607004,47.2718307994399],[-1.57062961814419,47.2718295783517],[-1.57059773995136,47.2718280325234],[-1.57050687267007,47.2718320954569],[-1.5700846569601,47.2718549167366],[-1.56990481843621,47.2718589115198],[-1.56982478450073,47.2718642553345],[-1.5697143035444,47.2718835144129],[-1.56958370927883,47.2719068851542],[-1.56957240344534,47.2719089086913],[-1.56947934622116,47.2719255620336],[-1.56936856069181,47.2719351012898],[-1.56921522814578,47.2719347976583],[-1.56917637063321,47.2719324673503],[-1.56912206895046,47.2719254804407],[-1.56900033606408,47.2719098179974],[-1.56891040382098,47.2718954606234],[-1.56874550364841,47.2718529052433],[-1.56870441783734,47.2718400306761],[-1.56867651053457,47.2718264521897],[-1.56865168012207,47.2718194193622],[-1.56852616432528,47.271793049739],[-1.56824192220011,47.2716479182176],[-1.56813826987265,47.2715970713691],[-1.56808763692916,47.2715747542538],[-1.56795814106512,47.2715359271788],[-1.56783453265008,47.2715256102399],[-1.56781576761485,47.2715244635447],[-1.56777660403876,47.2715278216903],[-1.56773991811628,47.2715400019945],[-1.56772441189482,47.2715550415157],[-1.56772170720428,47.2715576656669],[-1.56771122875904,47.2715713277307],[-1.56770352669386,47.2715880332387],[-1.56768653056843,47.271631176902],[-1.56765253745475,47.2717174705581],[-1.56763921446996,47.2717489066282],[-1.56763336355633,47.271759411297],[-1.56760656541323,47.2717520932952],[-1.56757893088074,47.2717445472055],[-1.56756883553855,47.2717417909261],[-1.56751130279213,47.2717084842881],[-1.56750596610454,47.2716925671249],[-1.56749439851455,47.2716750052534],[-1.56748408419252,47.2716714088575],[-1.56744799912878,47.271658827174],[-1.56742125862477,47.2716418680804],[-1.56739004864923,47.271623734934],[-1.5673069878195,47.271582972289],[-1.567262265796,47.2715770898248],[-1.56720709804934,47.2715590073087],[-1.56716804097303,47.271537702296],[-1.56716149955169,47.2715341344051],[-1.56712487162823,47.2715141547706],[-1.56707390814663,47.2714863556268],[-1.56706656992702,47.2714810604924],[-1.56704020901646,47.2714654378456],[-1.56702251753908,47.2714490202721],[-1.56700883915098,47.2714315422088],[-1.5669979622732,47.2714143132856],[-1.56699361196968,47.2713975459575],[-1.56699781041022,47.2713862960024],[-1.56702772953911,47.2713847470626],[-1.56705818156981,47.2713755178397],[-1.56708323183386,47.2713665932995],[-1.56711487745822,47.2713481257179],[-1.56711320285535,47.2713224216011],[-1.56711035107097,47.2713046035686],[-1.5671067923677,47.2712878047968],[-1.56705259528306,47.2712578796255],[-1.5670186734754,47.2712451704374],[-1.56683126390829,47.2712581115288],[-1.56676198372261,47.2712677224531],[-1.56674753215297,47.2712697273987],[-1.56666978190017,47.271261552372],[-1.56665934256137,47.2712565425871],[-1.56665866464097,47.2712562171961],[-1.5666347277261,47.2712447296104],[-1.5666208463482,47.2712380679173],[-1.56660891866709,47.2712323441275],[-1.56659729612228,47.2712267668047],[-1.5665830698212,47.2711936318255],[-1.56657247619114,47.2711596316967],[-1.56657260915711,47.2711585730632],[-1.56657343716836,47.2711519560483],[-1.56657543185337,47.2711360170673],[-1.56657593306074,47.2711320117219],[-1.56658685541544,47.2711049962843],[-1.56659954162396,47.271086200637],[-1.56660432072648,47.271077090204],[-1.56661386312903,47.2710478768974],[-1.56659803181804,47.2709898460037],[-1.56656805365714,47.2709644551604],[-1.56649473090517,47.2709399749993],[-1.56641533843158,47.2709280805514],[-1.56638415266525,47.2709210293701],[-1.5663441848876,47.2708980176069],[-1.56633656649841,47.2708940851656],[-1.56629122192038,47.2708577708809],[-1.56621851482345,47.270784878596],[-1.56619232009058,47.2707542012923],[-1.56615113188015,47.2707231283043],[-1.56610186509704,47.2707028285793],[-1.56608689469179,47.2707027022967],[-1.56608050227067,47.2706991716843],[-1.56606305721459,47.2707087851406],[-1.56595389241071,47.2707341156643],[-1.56589390191481,47.2707338850894]]],"type":"Polygon"},"properties":{"gid":"6020","idbureau":"1090673","commune":"Nantes","code_insee":"44109","numero_bureau":"673","lien_lieu_vote":"109032","nom":"Fran\u00e7oise Dolto","site":"Ecole Primaire","num_canton":"6"}},{"type":"Feature","geometry":{"coordinates":[[[-1.58796975256754,47.2300931280998],[-1.5876581727123,47.2298905380051],[-1.58764540793356,47.2299004308707],[-1.5874945237598,47.2300211242691],[-1.58741616399012,47.2300812575948],[-1.58736596704646,47.2301197996863],[-1.58722812521837,47.230234467978],[-1.58721213727628,47.2302472603585],[-1.58661273396173,47.2299063895928],[-1.58640267935701,47.2297845563794],[-1.5850376036608,47.2297943398504],[-1.58375574359738,47.228651450079],[-1.58285804826902,47.2283227770587],[-1.58168753233556,47.2279157297451],[-1.5814530486372,47.2277398662703],[-1.58103395132058,47.2274173360033],[-1.58059264686597,47.2272501241967],[-1.58058036237537,47.2270822930731],[-1.58080247355393,47.2267009593559],[-1.58110141569184,47.2260831901336],[-1.5813095461688,47.2258921121153],[-1.58165323324363,47.2260245369413],[-1.58233856197024,47.2262885651084],[-1.58307328302568,47.2264110423161],[-1.58307636571579,47.2264115572955],[-1.58334846851625,47.2264583263084],[-1.5839530563315,47.2265604444042],[-1.5845744060172,47.2266043448147],[-1.58527498806422,47.2268164041303],[-1.58595809488539,47.2270227538784],[-1.58596107089682,47.2270236424904],[-1.58710339629215,47.2283370753634],[-1.5877604854854,47.2287976664826],[-1.587762702721,47.2287992206281],[-1.58788692988426,47.2288864016234],[-1.58838129383345,47.2291563558899],[-1.58838377791974,47.2291577056305],[-1.58871441402923,47.2293371303984],[-1.58871689937339,47.229338479181],[-1.58874208871269,47.2293521347072],[-1.58885806302877,47.2294152851066],[-1.58886054481182,47.2294166385341],[-1.58942236971621,47.2297228437167],[-1.58935940927412,47.229771285184],[-1.58913412716964,47.2299567259129],[-1.58854499994049,47.2304416558088],[-1.58796975256754,47.2300931280998]]],"type":"Polygon"},"properties":{"gid":"6062","idbureau":"1090522","commune":"Nantes","code_insee":"44109","numero_bureau":"522","lien_lieu_vote":"109027","nom":"Jacques Pr\u00e9vert","site":"Ecole Maternelle","num_canton":"5"}},{"type":"Feature","geometry":{"coordinates":[[[-1.55896990393759,47.2119361081827],[-1.55936033662948,47.2120918759677],[-1.55956104193527,47.2121125662041],[-1.5597140717469,47.2121283783565],[-1.56005812817864,47.2122497789805],[-1.5602346491919,47.2124157525539],[-1.56012190774141,47.2125375527001],[-1.56019925126993,47.2136652086132],[-1.5603085389553,47.2137609509595],[-1.56021996522095,47.2137789863047],[-1.55929003284738,47.2140823350994],[-1.55925547153493,47.2141796063009],[-1.55926491660662,47.2142040587613],[-1.55927978074136,47.2142811047145],[-1.55932703288297,47.2145271047935],[-1.55938042838165,47.2146395039966],[-1.55940398323026,47.2148759526761],[-1.55901499228773,47.2154703993138],[-1.55906590231193,47.2156540410607],[-1.55900289560868,47.2157764766439],[-1.5589237996204,47.21578673855],[-1.55888517923357,47.2157973202274],[-1.55837358777681,47.2158682223123],[-1.5583729460053,47.2158683108601],[-1.55804708407113,47.2159154381595],[-1.55782545599586,47.2159507570833],[-1.55764223213518,47.2159744495561],[-1.55764158726449,47.2159745328162],[-1.55750920556593,47.215988282456],[-1.55726126243217,47.2160234983522],[-1.55707818571402,47.2160472462414],[-1.55688172941753,47.2160724356899],[-1.55685601522995,47.2160733063821],[-1.55687774361401,47.216133109258],[-1.55688824554188,47.2161620136097],[-1.55697365699172,47.2164202379274],[-1.557176105107,47.2170170357836],[-1.55701412560013,47.2170400706525],[-1.55688846153337,47.2170608065883],[-1.55688832583808,47.2170608281916],[-1.5568876672856,47.2170609372199],[-1.55688715606067,47.2170610214801],[-1.5568714500582,47.2170213809329],[-1.55669131997877,47.216551455451],[-1.55669100173726,47.2165325517753],[-1.55656304043721,47.2162400084331],[-1.55653636469507,47.2161386846503],[-1.55652778583851,47.2161060969677],[-1.5564284776374,47.215838524513],[-1.55642435898415,47.2158283678845],[-1.55642397387609,47.2158274208134],[-1.55641018697106,47.215793422314],[-1.55625408960647,47.2154084776348],[-1.55618732953271,47.2152438439907],[-1.55612850087321,47.2151278223221],[-1.55607929995546,47.215030789129],[-1.55580433209464,47.2147070923012],[-1.55554411647649,47.2144008186575],[-1.55524050120939,47.21405025791],[-1.55514836825506,47.2139321372582],[-1.55513934515735,47.2139189321509],[-1.55509653902463,47.213866516773],[-1.55505319872198,47.2138231261214],[-1.55501159278366,47.2137835503042],[-1.55783276550746,47.2126569344646],[-1.55827594936428,47.2117673552439],[-1.55896990393759,47.2119361081827]]],"type":"Polygon"},"properties":{"gid":"5989","idbureau":"1090322","commune":"Nantes","code_insee":"44109","numero_bureau":"322","lien_lieu_vote":"109015","nom":"Ch\u00eane d'Aron","site":"Ecole Elementaire","num_canton":"3"}},{"type":"Feature","geometry":{"coordinates":[[[-1.57479000652578,47.2205403718429],[-1.57476803137095,47.2204565736897],[-1.57363944011998,47.2202072404241],[-1.57345854270147,47.2201380792931],[-1.5726053163116,47.2198479704888],[-1.57179181420898,47.2196065632009],[-1.56999094378951,47.2191362371156],[-1.57041338863492,47.2205878294691],[-1.5700945420746,47.2206009689586],[-1.57002022534725,47.2206568971145],[-1.57004789091037,47.2207552139118],[-1.56835768447168,47.2207756450616],[-1.56810551376694,47.2202023429512],[-1.56808815491002,47.2201039457036],[-1.56807740186935,47.2200435123924],[-1.56800827444668,47.2200310829683],[-1.56744068293211,47.2187384570026],[-1.56741984350354,47.2186991713052],[-1.56750181368096,47.2186702730037],[-1.56754093132047,47.2186266169375],[-1.56788709245503,47.2185108825467],[-1.56858637032515,47.2183375591721],[-1.56930937058254,47.2182100349557],[-1.56937913651156,47.2182420817668],[-1.56951846016401,47.2182455540592],[-1.56967642111477,47.2182461535877],[-1.57058375985489,47.2184854525455],[-1.57079491471595,47.2185523945757],[-1.57313264523636,47.2191297267988],[-1.57545517218433,47.219828440646],[-1.57557553997419,47.2202876232336],[-1.57552532377173,47.2206161682457],[-1.57540317308734,47.220590989277],[-1.57479000652578,47.2205403718429]]],"type":"Polygon"},"properties":{"gid":"6028","idbureau":"1090414","commune":"Nantes","code_insee":"44109","numero_bureau":"414","lien_lieu_vote":"109019","nom":"Harouys","site":"Ecole Maternelle","num_canton":"4"}},{"type":"Feature","geometry":{"coordinates":[[[-1.56930937058254,47.2182100349557],[-1.56858637032515,47.2183375591721],[-1.56788709245503,47.2185108825467],[-1.56754093132047,47.2186266169375],[-1.56750181368096,47.2186702730037],[-1.56741984350354,47.2186991713052],[-1.56697766785748,47.2186344316977],[-1.56677623827809,47.2186640436567],[-1.5652664476938,47.2186050923099],[-1.56502016891234,47.2188717463822],[-1.5645704028127,47.2190690886524],[-1.56390953186645,47.2196931076007],[-1.56384681590085,47.2196578497919],[-1.56376381619739,47.2196111207002],[-1.56379360369966,47.2195825559534],[-1.56384612541467,47.2195323188303],[-1.56432724225916,47.2190685789483],[-1.56367353932998,47.2186735001093],[-1.56343408908205,47.2185278554695],[-1.56331319874226,47.21845464045],[-1.56437262446775,47.2181822091134],[-1.56557980060928,47.217871324669],[-1.56632650941371,47.2174225417953],[-1.56650417260123,47.2173172707291],[-1.56718850672546,47.2168979743192],[-1.56719008285712,47.2168973376512],[-1.56720708769184,47.2168904655709],[-1.56722323101609,47.2168839422259],[-1.56726033669993,47.216868947676],[-1.56740266565676,47.2168114310589],[-1.56745865256367,47.2167888066828],[-1.56770034828164,47.2166911350396],[-1.56827020807169,47.2164951080557],[-1.56878397690599,47.2163128856858],[-1.56909483501272,47.2165670301723],[-1.57210186152883,47.2154375188765],[-1.5723941184607,47.2154213357395],[-1.57265674479278,47.2159156190942],[-1.56967642111477,47.2182461535877],[-1.56951846016401,47.2182455540592],[-1.56937913651156,47.2182420817668],[-1.56930937058254,47.2182100349557]]],"type":"Polygon"},"properties":{"gid":"6009","idbureau":"1090412","commune":"Nantes","code_insee":"44109","numero_bureau":"412","lien_lieu_vote":"109019","nom":"Harouys","site":"Ecole Maternelle","num_canton":"4"}},{"type":"Feature","geometry":{"coordinates":[[[-1.54068285875646,47.2362082254949],[-1.54082670902623,47.2362205912676],[-1.54088714266168,47.2369376500728],[-1.54110848050906,47.2372052694362],[-1.54110888315652,47.2376177658506],[-1.54099763437371,47.2380569807829],[-1.54078165516323,47.2380694668388],[-1.54095968671534,47.2391390548712],[-1.54092740707556,47.2392884785615],[-1.54200921136861,47.2391280797154],[-1.54174917808785,47.2395051952464],[-1.54281418705977,47.2397861371411],[-1.54298024277454,47.2398473847435],[-1.54355979450621,47.2400611554288],[-1.54283137227695,47.241935471877],[-1.54267757385338,47.2418815460588],[-1.54261532577273,47.2418758884006],[-1.54253219585864,47.241868332321],[-1.54240011511226,47.2418725950476],[-1.54190999414541,47.2420424636585],[-1.5417669495205,47.2420742043585],[-1.54163500014783,47.2420784618922],[-1.54151407264716,47.2420741524743],[-1.54115795389594,47.242058386677],[-1.54090326407479,47.2420223671884],[-1.54077197552254,47.2420356983299],[-1.5405917097393,47.2420958888662],[-1.54023534266841,47.2411021842424],[-1.53883432335106,47.2406723719307],[-1.53858723715693,47.2399105179065],[-1.53901663646186,47.2385065355028],[-1.53871622187336,47.2383922518305],[-1.53862919243941,47.2383555492409],[-1.53915440392075,47.2376281692625],[-1.53974647371196,47.2369146645321],[-1.54029239559413,47.2362817882952],[-1.54053404372859,47.2360579500475],[-1.54068285875646,47.2362082254949]]],"type":"Polygon"},"properties":{"gid":"6119","idbureau":"1090271","commune":"Nantes","code_insee":"44109","numero_bureau":"271","lien_lieu_vote":"109034","nom":"Port Boyer","site":"Ecole Maternelle","num_canton":"2"}},{"type":"Feature","geometry":{"coordinates":[[[-1.57463225049636,47.2333355963387],[-1.57483038085037,47.2335604435192],[-1.57484765117787,47.233646499656],[-1.57571192680129,47.2340059184887],[-1.57568150003311,47.2340835982519],[-1.57553104640874,47.2341364369382],[-1.57556590931748,47.2348193300006],[-1.57580611039547,47.2352197320543],[-1.5761191527212,47.2358095961536],[-1.57623858410147,47.2359490244864],[-1.57656227165731,47.2366860587394],[-1.57338411152083,47.2374887472698],[-1.57324307514192,47.2375404551854],[-1.57317082854729,47.2375669518603],[-1.5730760051814,47.2375868302671],[-1.57137856512968,47.2379428578219],[-1.57023306599686,47.2383054676178],[-1.56962367731025,47.2376589774032],[-1.56901958391065,47.2370613926581],[-1.56810219773735,47.2359489510315],[-1.56798830459395,47.2358108582729],[-1.56924403947073,47.2353175417218],[-1.57117698623778,47.2345931092886],[-1.57304903869097,47.2338918721002],[-1.57317110442584,47.2340440018338],[-1.57406937054772,47.2336927172247],[-1.57395376909843,47.2335529768172],[-1.57413424632753,47.2333265456806],[-1.57416411016809,47.2333189598479],[-1.57437327017791,47.2332750255294],[-1.57463225049636,47.2333355963387]]],"type":"Polygon"},"properties":{"gid":"6029","idbureau":"1090613","commune":"Nantes","code_insee":"44109","numero_bureau":"613","lien_lieu_vote":"109049","nom":"Plantes","site":"Ecole Maternelle","num_canton":"6"}},{"type":"Feature","geometry":{"coordinates":[[[[-1.58393297846969,47.2357728538168],[-1.58392174895666,47.2357785664809],[-1.58366364143304,47.2357501462391],[-1.58287700258949,47.2352511521922],[-1.58261761521546,47.2353116678939],[-1.58094857896735,47.2345513721849],[-1.57936911452218,47.2338577226012],[-1.57751061472138,47.2330603961733],[-1.57694605838211,47.2329296829718],[-1.57659948821701,47.2326677266487],[-1.57653228406892,47.2326384882598],[-1.57647233438745,47.2326125102254],[-1.57571181569968,47.2321961659986],[-1.57582564373526,47.2320835946985],[-1.57524074892089,47.2318029663631],[-1.57502950662638,47.2317659129831],[-1.57450990014599,47.2316203354411],[-1.57401662327965,47.2312596780181],[-1.57483705859447,47.2311611423523],[-1.57601784746205,47.2309887701511],[-1.57629022711368,47.2307824563557],[-1.57638937502878,47.2304892479126],[-1.57658666530174,47.2299053008689],[-1.57731561948918,47.2298598444463],[-1.5788856402266,47.2303811737996],[-1.5790577520351,47.2304382863096],[-1.58051745831465,47.2308666136868],[-1.58101609840034,47.2310019775173],[-1.58123680104253,47.231066699926],[-1.58215946293608,47.2313372690682],[-1.58247451387823,47.2314303218976],[-1.58309575432415,47.2316226717511],[-1.58309713922021,47.2316231003873],[-1.58328539803427,47.231681410854],[-1.58328551567355,47.2316814250835],[-1.58349205144074,47.231764294275],[-1.5836975983206,47.2318832669582],[-1.5836976733749,47.2318833090181],[-1.58444466576857,47.232300149763],[-1.58450279149836,47.2329201025804],[-1.58461127240504,47.2340502011029],[-1.58470614874017,47.2346770087312],[-1.58472517637731,47.2348051874917],[-1.58469095968548,47.2348473696865],[-1.58465696070057,47.23488891512],[-1.58457664925588,47.2349872752153],[-1.58448496971683,47.2351026689518],[-1.58448352659957,47.2351043485021],[-1.58444027704053,47.2351562308606],[-1.58443519316121,47.2351623259605],[-1.58437055778321,47.2352414068555],[-1.58430373418708,47.2353211976737],[-1.58426852238848,47.235364984613],[-1.5842460041724,47.2353929843432],[-1.58419171509553,47.2354585873587],[-1.58412823085287,47.2355372626162],[-1.58406761780466,47.2356108672696],[-1.58404734372254,47.2356351045639],[-1.58404693001542,47.2356356013521],[-1.58402050098925,47.2356673875621],[-1.58400921619703,47.235680959503],[-1.58393297846969,47.2357728538168]]],[[[-1.58475614906872,47.2347670040281],[-1.5847558404245,47.2347673839904],[-1.58475308217718,47.2347707848487],[-1.58475479517282,47.2347670445411],[-1.58483954629575,47.2346863135848],[-1.58475614906872,47.2347670040281]]]],"type":"MultiPolygon"},"properties":{"gid":"6052","idbureau":"1090611","commune":"Nantes","code_insee":"44109","numero_bureau":"611","lien_lieu_vote":"109049","nom":"Plantes","site":"Ecole Maternelle","num_canton":"6"}},{"type":"Feature","geometry":{"coordinates":[[[-1.58925188979041,47.2003351177657],[-1.58919415829376,47.2013535276807],[-1.58911702420824,47.201649786886],[-1.58864313496967,47.2036275677587],[-1.58838152820133,47.2036195479674],[-1.58772401971865,47.2042975591517],[-1.58658290213013,47.2042093224645],[-1.58519482530482,47.2040694900315],[-1.58523223718845,47.2046397132628],[-1.58500566471776,47.2054870560887],[-1.58485100454419,47.2061236199624],[-1.58336505038195,47.2061530068573],[-1.58317782126991,47.2061664003652],[-1.58336604317978,47.2053941346152],[-1.58158142295319,47.2043276881044],[-1.58133620088716,47.2041716458043],[-1.5815418162818,47.2039599290497],[-1.58145948049668,47.2035826292517],[-1.58271015233678,47.2034382352093],[-1.58358318942968,47.2033384663567],[-1.58363313284955,47.2033328033283],[-1.58351279736383,47.2031713465233],[-1.58337071118073,47.2027614971814],[-1.58343709504786,47.2027385220461],[-1.584112863352,47.2025042318099],[-1.58430187052227,47.2024215095463],[-1.58505572062556,47.202244720841],[-1.58502042019002,47.2021470249709],[-1.58475817480982,47.2021266794956],[-1.58472629440712,47.2020721880311],[-1.58480686954677,47.2020426972174],[-1.58478442474555,47.2019996856428],[-1.58424562367864,47.2009642012496],[-1.58417729020152,47.2009388712249],[-1.58410054846294,47.2007950310023],[-1.58489721526908,47.2008999618123],[-1.58605660737483,47.2007462940604],[-1.5861425202104,47.2008799178325],[-1.58637966028253,47.2010500947757],[-1.58653946693287,47.2011207640459],[-1.58679159506556,47.201187117759],[-1.58678999018368,47.2012085190247],[-1.5870882185289,47.2011663004836],[-1.58800969380473,47.2008589476749],[-1.58856720799298,47.2006832362335],[-1.58924320917548,47.2002653382836],[-1.58925188979041,47.2003351177657]]],"type":"Polygon"},"properties":{"gid":"6076","idbureau":"1090452","commune":"Nantes","code_insee":"44109","numero_bureau":"452","lien_lieu_vote":"109025","nom":"R\u00e9formes","site":"Ecole Primaire","num_canton":"4"}},{"type":"Feature","geometry":{"coordinates":[[[[-1.55946649734119,47.2170075539385],[-1.55888884117083,47.2166703178296],[-1.55887541721057,47.216671131823],[-1.55838991256167,47.2167680601988],[-1.55837714724458,47.2167706537509],[-1.55790328451537,47.2168658356973],[-1.55789950954968,47.2168666496037],[-1.55784731425329,47.2168779002765],[-1.55735589822967,47.2169825917302],[-1.55735260749742,47.2169832224072],[-1.557176105107,47.2170170357836],[-1.55697365699172,47.2164202379274],[-1.55688824554188,47.2161620136097],[-1.55687774361401,47.216133109258],[-1.55685601522995,47.2160733063821],[-1.55688172941753,47.2160724356899],[-1.55707818571402,47.2160472462414],[-1.55726126243217,47.2160234983522],[-1.55750920556593,47.215988282456],[-1.55764158726449,47.2159745328162],[-1.55764223213518,47.2159744495561],[-1.55782545599586,47.2159507570833],[-1.55804708407113,47.2159154381595],[-1.5583729460053,47.2158683108601],[-1.55837358777681,47.2158682223123],[-1.55888517923357,47.2157973202274],[-1.5589237996204,47.21578673855],[-1.55900289560868,47.2157764766439],[-1.55910687850116,47.2157629866655],[-1.55918492984774,47.2157510720731],[-1.56065076018685,47.2155198543304],[-1.56068254724403,47.215707652038],[-1.56075252967804,47.2157029410356],[-1.56080620191579,47.2156993282416],[-1.56098249820888,47.2156841100813],[-1.56098288943917,47.2156840765226],[-1.56165642951405,47.2162887171992],[-1.56249596324677,47.2170028294041],[-1.56257358637451,47.2170688541076],[-1.562458014232,47.2171264432577],[-1.56223974027568,47.2172060615092],[-1.56252416151909,47.217493667567],[-1.56268032199844,47.2176411395505],[-1.56263154877295,47.2176974609543],[-1.56235686638957,47.2178762223834],[-1.56235594435386,47.2178756633962],[-1.56214351731428,47.2177487080438],[-1.56205939338338,47.2176984317304],[-1.56205698483882,47.2176969919609],[-1.5613340658241,47.217596232523],[-1.56118015952219,47.2175722677048],[-1.56020611033503,47.2174194783647],[-1.55947145973823,47.2170104494357],[-1.55946649734119,47.2170075539385]]],[[[-1.55481862047104,47.2156309682691],[-1.55449808817509,47.2154895718441],[-1.55432661311957,47.215503828318],[-1.55428089944302,47.2154350292498],[-1.55419383208478,47.2149356593661],[-1.55419063615442,47.2149172095314],[-1.55353391403574,47.2148571449485],[-1.55325751761002,47.2144044212417],[-1.5532289597124,47.2143461212852],[-1.55320515298089,47.2143006075312],[-1.55340527867331,47.214256769698],[-1.5537683933131,47.2141820965475],[-1.5537690035596,47.2141819642211],[-1.55401760928066,47.2141281103977],[-1.55453563007443,47.2139733488211],[-1.55493528124133,47.2138539477677],[-1.55501893904949,47.2138320810364],[-1.55505319872198,47.2138231261214],[-1.55509653902463,47.213866516773],[-1.55513934515735,47.2139189321509],[-1.55514836825506,47.2139321372582],[-1.55524050120939,47.21405025791],[-1.55554411647649,47.2144008186575],[-1.55580433209464,47.2147070923012],[-1.55607929995546,47.215030789129],[-1.55612850087321,47.2151278223221],[-1.55618732953271,47.2152438439907],[-1.55625408960647,47.2154084776348],[-1.55641018697106,47.215793422314],[-1.55642397387609,47.2158274208134],[-1.55642435898415,47.2158283678845],[-1.5564284776374,47.215838524513],[-1.55652778583851,47.2161060969677],[-1.55653636469507,47.2161386846503],[-1.55656304043721,47.2162400084331],[-1.55669100173726,47.2165325517753],[-1.55669131997877,47.216551455451],[-1.5568714500582,47.2170213809329],[-1.55688715606067,47.2170610214801],[-1.55622989956072,47.2170929931474],[-1.55624837171633,47.2165355231395],[-1.55620317678635,47.2164231109673],[-1.55612214645608,47.2162214811335],[-1.5561174219386,47.2162091246748],[-1.55599362986399,47.2158830215461],[-1.55511880027792,47.2158088041327],[-1.55481862047104,47.2156309682691]]]],"type":"MultiPolygon"},"properties":{"gid":"5992","idbureau":"1090111","commune":"Nantes","code_insee":"44109","numero_bureau":"111","lien_lieu_vote":"109014","nom":"Moli\u00e8re","site":"Ecole Maternelle","num_canton":"1"}},{"type":"Feature","geometry":{"coordinates":[[[-1.54029216071116,47.2183498254531],[-1.53882178568067,47.2185934299545],[-1.53879709111416,47.2185993004121],[-1.53863996991046,47.2186366501578],[-1.53852508317516,47.2186582858934],[-1.53847055617732,47.2186685546145],[-1.53845817952077,47.2186711296388],[-1.53826243946723,47.218711847532],[-1.53695950270349,47.2189712577424],[-1.53668480220073,47.2190261524249],[-1.53548436941624,47.2192408387525],[-1.53528757096201,47.2192760327462],[-1.5347668301768,47.2193691572298],[-1.53444072024845,47.2194335152703],[-1.53427076275636,47.219467056711],[-1.53377932715299,47.2188576808313],[-1.53252149694527,47.2191085940777],[-1.5322581053487,47.2191645337624],[-1.5315915925968,47.2174641043438],[-1.53146575411978,47.217230192109],[-1.53069064084959,47.2153834386308],[-1.5314560633793,47.2156055319879],[-1.53284078317294,47.2161051307171],[-1.53358089801402,47.2162370157725],[-1.53492443891914,47.2157329660482],[-1.53767730655455,47.2145346758454],[-1.53714967622352,47.2139977487623],[-1.53709633121296,47.2133837166712],[-1.53900607213123,47.2120666492983],[-1.53587666174676,47.2115576443569],[-1.53779776806858,47.2111706447504],[-1.53791107365859,47.2111490913808],[-1.53824638443493,47.2110610821776],[-1.53833312817689,47.2110378108872],[-1.53836006187177,47.211059329888],[-1.53860133022281,47.2112534203408],[-1.53933581283363,47.2118442722207],[-1.5406286811388,47.2128842709429],[-1.54072014320327,47.2129578418573],[-1.54080312461251,47.2130245917558],[-1.54086771168692,47.213076544434],[-1.54089431684432,47.2130952834958],[-1.54162470902541,47.2136536646987],[-1.54421778295788,47.2156359243487],[-1.54429682626554,47.2156941487479],[-1.54441508130443,47.2157462783518],[-1.5445197021467,47.2157944546174],[-1.54461946709882,47.2158157746643],[-1.54475528062923,47.2158402032047],[-1.54488721631368,47.2158512527946],[-1.54490719117131,47.2158511309217],[-1.5449427116161,47.2158509146717],[-1.54508632298401,47.2158425660223],[-1.54517326276635,47.2158382873785],[-1.54528827708626,47.2158201834945],[-1.54540736333376,47.215799257478],[-1.54542650637872,47.2157958939494],[-1.54547090105642,47.215790145164],[-1.54551673840668,47.2157842086072],[-1.54564243270854,47.2157675459737],[-1.5456590052236,47.2157625892343],[-1.54566313450846,47.2157613544266],[-1.54578384142725,47.2157163809963],[-1.54587426414191,47.2156826909063],[-1.54600502722485,47.2156339690109],[-1.54603652759337,47.2156222327785],[-1.54626857849948,47.2155337152386],[-1.54649925031178,47.2154444336209],[-1.54660652077288,47.2155826272832],[-1.54660103286384,47.2155846628988],[-1.54661280806841,47.2155998447236],[-1.54670355457419,47.215716851426],[-1.54674845694169,47.2157782054606],[-1.54677801117485,47.2158302598398],[-1.5468900920969,47.2159814689258],[-1.54691342150722,47.2160129432841],[-1.54708134264008,47.2162394857642],[-1.5468536333137,47.2163331718198],[-1.54671222397108,47.2163828801747],[-1.54665051129119,47.2164049638919],[-1.54654523853093,47.2164426358562],[-1.54560796394196,47.2168158329021],[-1.54524733565268,47.2169634411428],[-1.54484894205961,47.2171206927766],[-1.54423670960868,47.2173935886834],[-1.54420499364146,47.2175030951756],[-1.54417148970844,47.2176116731082],[-1.54307663851587,47.2178376693626],[-1.54289894881264,47.2178702223888],[-1.54181127030911,47.218069481558],[-1.54045465544106,47.2183229025221],[-1.54029216071116,47.2183498254531]]],"type":"Polygon"},"properties":{"gid":"6113","idbureau":"1090211","commune":"Nantes","code_insee":"44109","numero_bureau":"211","lien_lieu_vote":"109011","nom":"Henri Bergson","site":"Ecole Maternelle","num_canton":"2"}},{"type":"Feature","geometry":{"coordinates":[[[-1.57216426002449,47.2143461282864],[-1.57160756792743,47.2128034780536],[-1.57169628693325,47.2127548954808],[-1.57230756371091,47.2128556150551],[-1.57420044853096,47.2139170364479],[-1.57487520379153,47.2140677211628],[-1.57524978843141,47.2145573285635],[-1.57483306562559,47.2147861964729],[-1.57519056734392,47.2157879961026],[-1.57670741919302,47.2161066516573],[-1.57689873888444,47.2161968181439],[-1.5783886376406,47.2167120191223],[-1.57893642353027,47.2167658460595],[-1.57964005528291,47.2161788331765],[-1.57990958458368,47.2169806594478],[-1.57928799137089,47.2176852245268],[-1.57917386987963,47.2176314281218],[-1.57859637564745,47.2182497711573],[-1.57771771902357,47.2178504656144],[-1.57705583602102,47.2175043370701],[-1.57656741950902,47.2172880737229],[-1.57569729271614,47.2168047253088],[-1.5755428560419,47.2166973805358],[-1.57381442061881,47.2169466565358],[-1.57146475272511,47.2174696637794],[-1.57079491471595,47.2185523945757],[-1.57058375985489,47.2184854525455],[-1.56967642111477,47.2182461535877],[-1.57265674479278,47.2159156190942],[-1.5723941184607,47.2154213357395],[-1.57210186152883,47.2154375188765],[-1.56909483501272,47.2165670301723],[-1.56878397690599,47.2163128856858],[-1.56903724891325,47.2162238803124],[-1.56935070261682,47.21611372477],[-1.57013068711881,47.2157448507514],[-1.57056493347137,47.2155310798673],[-1.57056503978581,47.2155310395928],[-1.57069201646205,47.2154828178546],[-1.57204357291519,47.2153382796403],[-1.57204387811983,47.2153380449215],[-1.57211878795677,47.2152803369775],[-1.57215850378045,47.21524090567],[-1.57227864885074,47.2151216185816],[-1.57264721858447,47.2147400159628],[-1.5726896102414,47.2146869678847],[-1.57268975982424,47.2146867690961],[-1.57281625489706,47.2145187472652],[-1.57220500909199,47.2144590450086],[-1.57216426002449,47.2143461282864]]],"type":"Polygon"},"properties":{"gid":"6002","idbureau":"1090421","commune":"Nantes","code_insee":"44109","numero_bureau":"421","lien_lieu_vote":"109021","nom":"Boccage","site":"Ecole El\u00e9mentaire","num_canton":"4"}},{"type":"Feature","geometry":{"coordinates":[[[-1.57569574411352,47.2112779869579],[-1.57568334603471,47.2114392751586],[-1.57570871107456,47.2115150626264],[-1.57572339993735,47.2115586992623],[-1.57575969813071,47.211628531907],[-1.57511636277465,47.2131141641099],[-1.57493385058852,47.2131956343617],[-1.57420044853096,47.2139170364479],[-1.57230756371091,47.2128556150551],[-1.57169628693325,47.2127548954808],[-1.57164243362435,47.2125586595042],[-1.57150805516766,47.2125360391344],[-1.57129715174903,47.2119519515646],[-1.57128682244458,47.2119234774775],[-1.57128217839664,47.2119106776698],[-1.57123883633346,47.2117912084917],[-1.57113575869537,47.2115070852327],[-1.57111196682253,47.2114415040878],[-1.57095325042542,47.2109964490237],[-1.57091218372352,47.2108812918993],[-1.57090425348356,47.2108600355204],[-1.57055588224571,47.2099262081668],[-1.57055047415229,47.2099117104618],[-1.5705409531957,47.2098767830033],[-1.57051400981266,47.2097779347055],[-1.57069350180327,47.2097072666031],[-1.57136567150353,47.2099051471024],[-1.57364061693672,47.2105637387474],[-1.57575919512457,47.2111764369698],[-1.57569574411352,47.2112779869579]]],"type":"Polygon"},"properties":{"gid":"6015","idbureau":"1090442","commune":"Nantes","code_insee":"44109","numero_bureau":"442","lien_lieu_vote":"109023","nom":"Leloup Bouhier","site":"Ecole Elementaire","num_canton":"4"}},{"type":"Feature","geometry":{"coordinates":[[[-1.58472221407056,47.2110879733179],[-1.58388718754784,47.2110641361943],[-1.58319866387869,47.2110445013872],[-1.58293951517902,47.2110182784094],[-1.58102109386125,47.2115737519176],[-1.58098959085393,47.2115038176812],[-1.58043903455468,47.2102815799658],[-1.58043098121989,47.2102636603476],[-1.58042200130629,47.2102438826872],[-1.58040247920564,47.2102009339842],[-1.5804015187771,47.2101988204806],[-1.58015866181944,47.209665297999],[-1.58015660631961,47.2096607808003],[-1.58015808491628,47.2096582275979],[-1.58024895869711,47.2095012809788],[-1.58037477389197,47.209376402667],[-1.58038939262496,47.2093618724258],[-1.58039719974826,47.2093541134744],[-1.58040878458525,47.2093426418124],[-1.58052682288944,47.2092722481902],[-1.58052745815497,47.2092718696212],[-1.58077644835807,47.2091233454614],[-1.58081840784311,47.2091003202039],[-1.58128474182941,47.2088444149091],[-1.58135571509074,47.2088010214595],[-1.58158735882242,47.2086611035327],[-1.58161444357177,47.2086446907506],[-1.5818946122372,47.2082143737905],[-1.58203326911367,47.2080014043728],[-1.58204690615513,47.2079818452943],[-1.5820533688885,47.2079726188064],[-1.58219954155564,47.2077142818199],[-1.58230003765261,47.2076534907572],[-1.58235712220018,47.2076659600799],[-1.58248337744842,47.2076934701327],[-1.5842781219705,47.2080845127267],[-1.58410026861301,47.2084549523282],[-1.58541063649278,47.2087701988528],[-1.5860228936541,47.2089146395747],[-1.5860124008633,47.208926617011],[-1.58567957433562,47.2093973905609],[-1.58557695151018,47.2102909773053],[-1.58520149591687,47.210868379322],[-1.58472221407056,47.2110879733179]]],"type":"Polygon"},"properties":{"gid":"6101","idbureau":"1090565","commune":"Nantes","code_insee":"44109","numero_bureau":"565","lien_lieu_vote":"109044","nom":"Lucie Aubrac","site":"Ecole Maternelle","num_canton":"5"}},{"type":"Feature","geometry":{"coordinates":[[[-1.58838903996419,47.2109213671301],[-1.58835366671336,47.2109238356974],[-1.58677590997197,47.2110334849005],[-1.58675000417582,47.2110551755018],[-1.58662542143338,47.2111120142016],[-1.58641511162426,47.2111244887148],[-1.58627968366436,47.211132516977],[-1.5862522656112,47.2111317395087],[-1.58566466421076,47.2111149010662],[-1.58548001495743,47.2111096554428],[-1.58472221407056,47.2110879733179],[-1.58520149591687,47.210868379322],[-1.58557695151018,47.2102909773053],[-1.58567957433562,47.2093973905609],[-1.5860124008633,47.208926617011],[-1.5860228936541,47.2089146395747],[-1.58541063649278,47.2087701988528],[-1.58410026861301,47.2084549523282],[-1.5842781219705,47.2080845127267],[-1.58434556884083,47.2080992076205],[-1.58445314080816,47.2081230289866],[-1.58536801480168,47.208325621392],[-1.58586395136948,47.2084466411051],[-1.58633786011178,47.2085574199115],[-1.58637518525664,47.2085661629042],[-1.58638519874341,47.2085685086062],[-1.58643369841591,47.2085791976784],[-1.58684377447532,47.2087008835038],[-1.58706236253708,47.2087798179907],[-1.58717438198356,47.2088203206099],[-1.58719122456123,47.2088247002536],[-1.58723514331559,47.2088359955153],[-1.58740394435297,47.2088920362214],[-1.58752383774427,47.2089318184657],[-1.58824757215513,47.2092043637953],[-1.58824767330582,47.2092044021053],[-1.58841089951709,47.2092618932665],[-1.58850506979801,47.2092951637829],[-1.58852411600351,47.2093007302433],[-1.58862744102742,47.20926595686],[-1.58862799292737,47.2092657780149],[-1.58892180487339,47.2091704554843],[-1.58899540820364,47.2091437025345],[-1.58916706570689,47.209081309464],[-1.58967071256316,47.2089197697506],[-1.59023036863023,47.2088100917986],[-1.59063002947082,47.2086707362818],[-1.59110651206396,47.2085011990976],[-1.59129940957102,47.2084352690519],[-1.59186766241342,47.2082410743114],[-1.59231778227908,47.2080726112227],[-1.5924833051375,47.2079957234043],[-1.59254486424994,47.2079664229344],[-1.59268830506961,47.2078982260148],[-1.59350568277403,47.2075096106288],[-1.5937996963888,47.2073735756551],[-1.59406892150118,47.2072563996108],[-1.59492302313182,47.2068405936863],[-1.59515333021866,47.2068744808159],[-1.59618060722385,47.2091210574501],[-1.59627333471382,47.2098581117457],[-1.59062367276754,47.2106792488549],[-1.58999422538579,47.2107622101031],[-1.58909224454896,47.2108725584108],[-1.58875873008092,47.2108957178964],[-1.58838903996419,47.2109213671301]]],"type":"Polygon"},"properties":{"gid":"6000","idbureau":"1090561","commune":"Nantes","code_insee":"44109","numero_bureau":"561","lien_lieu_vote":"109044","nom":"Lucie Aubrac","site":"Ecole Maternelle","num_canton":"5"}},{"type":"Feature","geometry":{"coordinates":[[[-1.59618060722385,47.2091210574501],[-1.59515333021866,47.2068744808159],[-1.59492302313182,47.2068405936863],[-1.59492292629195,47.2068402371197],[-1.59470791684316,47.2060461244244],[-1.59462410307126,47.2057255401758],[-1.5945605522187,47.205482896203],[-1.59447122322605,47.2051807835308],[-1.59445958777864,47.2051353153063],[-1.5943042135697,47.2045281549941],[-1.59430015870386,47.2045143320983],[-1.59429968654528,47.2045126424965],[-1.59429280713441,47.2044880121326],[-1.59419596353148,47.2041447257466],[-1.59419630988012,47.2041341040857],[-1.59420035889724,47.2040101888808],[-1.5941948105142,47.2039292249661],[-1.59420417080672,47.2039289054061],[-1.59431992230374,47.2039249568893],[-1.59502470276218,47.2039007351227],[-1.59538110414026,47.2038883971929],[-1.59556560224545,47.2038820095529],[-1.59568612434837,47.2039051884315],[-1.59575376181159,47.2041008559968],[-1.5958123568041,47.2041253140577],[-1.59583474771938,47.2041346597971],[-1.59718606069082,47.204169336011],[-1.5974896946786,47.2041771651818],[-1.59754332783442,47.204183980959],[-1.5981952092731,47.204250985587],[-1.59819584880947,47.2042510572951],[-1.59875583617929,47.2043135369694],[-1.59972993720371,47.2044181675407],[-1.59990179027636,47.2044366166912],[-1.60003381777347,47.2044472373322],[-1.59953629161239,47.2062323046862],[-1.60110129027598,47.2063486250711],[-1.6003766427695,47.2068695613992],[-1.60059514395854,47.2069575104835],[-1.5972684933555,47.2094221438656],[-1.59682625637312,47.2092481792762],[-1.59682393133755,47.209108650599],[-1.59618060722385,47.2091210574501]]],"type":"Polygon"},"properties":{"gid":"6110","idbureau":"1090563","commune":"Nantes","code_insee":"44109","numero_bureau":"563","lien_lieu_vote":"109044","nom":"Lucie Aubrac","site":"Ecole Maternelle","num_canton":"5"}},{"type":"Feature","geometry":{"coordinates":[[[-1.60745358644576,47.2140780794294],[-1.60624782424984,47.213762377443],[-1.60583586675871,47.2137730043717],[-1.60535961321994,47.2136236552123],[-1.60362375217567,47.213342531824],[-1.60359123089382,47.2133372583213],[-1.60221780754846,47.2132567494639],[-1.60153936390099,47.2132308439011],[-1.59838317062945,47.2130666279916],[-1.59837940444662,47.2115231290017],[-1.59837814131677,47.2109701375833],[-1.59838933802743,47.2105956050034],[-1.59653380351575,47.2109056433267],[-1.59639180966687,47.2106826283436],[-1.59626973328825,47.2101216478962],[-1.59725361311311,47.2095991913625],[-1.59841836748291,47.2096312159782],[-1.59847677244565,47.2096328221881],[-1.60004015815878,47.2097813715177],[-1.60353762548146,47.2100987922204],[-1.6035266213704,47.2101126788217],[-1.60488623339085,47.2102633560991],[-1.60710291007766,47.2105088998093],[-1.60792372139871,47.2105997949861],[-1.60888720069332,47.210782626502],[-1.60885249246452,47.2108515471319],[-1.60879291850654,47.2109700348083],[-1.60878678207012,47.2109822388591],[-1.60939285321922,47.2111771772951],[-1.60939912502331,47.2112344147752],[-1.60941078578565,47.2113412621031],[-1.60942267251236,47.2114501873371],[-1.60917872809682,47.2117796036964],[-1.60913112869931,47.2118378337529],[-1.60904449715216,47.211966205074],[-1.60877614078098,47.2123376007609],[-1.60875618171738,47.2123652549367],[-1.60874932974363,47.2123747212755],[-1.6087194492309,47.2124161100863],[-1.60856590683814,47.2126287169116],[-1.60856582086175,47.2126286861196],[-1.60854271251991,47.2126608199058],[-1.60854268539079,47.2126608579402],[-1.60849539195035,47.2127263167225],[-1.60822740099561,47.2130970698171],[-1.60786023196687,47.2136053869171],[-1.60773736626743,47.2137534358027],[-1.60762740281936,47.2138864499543],[-1.60761106238213,47.2139062244472],[-1.607476097698,47.2140547998701],[-1.60747409710518,47.2140568697889],[-1.60747386788246,47.214057094351],[-1.60745358644576,47.2140780794294]]],"type":"Polygon"},"properties":{"gid":"6013","idbureau":"1090554","commune":"Nantes","code_insee":"44109","numero_bureau":"554","lien_lieu_vote":"109045","nom":"Contrie","site":"Ecole Elementaire","num_canton":"5"}},{"type":"Feature","geometry":{"coordinates":[[[-1.53774256885884,47.2648269044595],[-1.53557007426437,47.2645346196585],[-1.53399564262313,47.2644989165053],[-1.5306076880275,47.2643431429706],[-1.52968917783153,47.2646100808879],[-1.52825504103633,47.2650123582103],[-1.52747979149429,47.2651600979542],[-1.52625461959108,47.2651568138625],[-1.52596367836874,47.2651972671998],[-1.5254798477701,47.2649120159222],[-1.52566547112391,47.2646664080404],[-1.52605017550195,47.2646583893481],[-1.5262703902662,47.2643770416957],[-1.52566656885641,47.2639159472902],[-1.52559119014608,47.2634072616659],[-1.52525061783203,47.2631744044808],[-1.52653770504613,47.2624421339962],[-1.52768209686592,47.2613357218716],[-1.52773251944765,47.2612645921072],[-1.52670113151326,47.2611350332959],[-1.52617951756619,47.2611192648984],[-1.52551468581726,47.2610677648127],[-1.5230462840622,47.2604069752744],[-1.52286986777094,47.2608937356295],[-1.52243941594129,47.2608064544324],[-1.52219728575809,47.2608318459958],[-1.52091172840721,47.2608850165259],[-1.51994729839263,47.261001199095],[-1.51950964375031,47.2608285859286],[-1.51930545070212,47.2599197211182],[-1.51910919355266,47.2599262793152],[-1.51906718331597,47.2596243419882],[-1.51966794919687,47.2589236419996],[-1.51820979619948,47.2587255113157],[-1.51823451099626,47.2585415797132],[-1.51824805649929,47.2584322410709],[-1.52153841679918,47.2587834626095],[-1.52430172040457,47.258848354874],[-1.5282708918077,47.258956907948],[-1.53630681344237,47.2599405748884],[-1.53643660098307,47.2604637403444],[-1.53643674467447,47.2604642464718],[-1.5364724933234,47.2605899129719],[-1.53678462537994,47.2610534402862],[-1.53684287382694,47.2611732340425],[-1.53684322989221,47.2611740579687],[-1.53729609736011,47.2622209309707],[-1.53774256885884,47.2648269044595]]],"type":"Polygon"},"properties":{"gid":"6050","idbureau":"1090753","commune":"Nantes","code_insee":"44109","numero_bureau":"753","lien_lieu_vote":"109036","nom":"Beaujoire","site":"Ecole Elementaire","num_canton":"7"}},{"type":"Feature","geometry":{"coordinates":[[[-1.53774256885884,47.2648269044595],[-1.53775229449145,47.2648820254273],[-1.53775857495844,47.2649433194448],[-1.53776331021358,47.2650199130684],[-1.53776617453648,47.2650662312716],[-1.53776628343082,47.2650679912352],[-1.53776715363846,47.2652957431152],[-1.53776484486064,47.2653656316259],[-1.53776445879656,47.26537732181],[-1.5377620745104,47.2654494938647],[-1.53776201261182,47.2654513777069],[-1.53775652892324,47.2655190830411],[-1.53754170043316,47.2667690964265],[-1.53752341789997,47.266875471871],[-1.53752297019825,47.2668780791671],[-1.53750030837047,47.2669934172217],[-1.53749979321053,47.2669960406959],[-1.5374671192734,47.2671252797901],[-1.5374271465272,47.2672607556919],[-1.53742634021684,47.2672634888715],[-1.53738878048461,47.2673835498149],[-1.53733323812999,47.267524053526],[-1.53726384684411,47.267686909242],[-1.53718085827452,47.2678462774348],[-1.53713632094285,47.2679318023763],[-1.53713483636136,47.2679346542286],[-1.53706856755059,47.2680440442546],[-1.53700338824164,47.2681444708173],[-1.53693478411104,47.2682404371245],[-1.53686143196956,47.2683288417068],[-1.53679757019548,47.2683996589219],[-1.53678381424623,47.2684149132431],[-1.53674314022063,47.2684600175196],[-1.53667770909631,47.268524862241],[-1.53661662072985,47.2685797086788],[-1.53661388584356,47.2685821647412],[-1.53643226912116,47.2687357738984],[-1.53642927966144,47.2687383030746],[-1.53445588202097,47.2703487511028],[-1.53212613341508,47.272254965317],[-1.5321082202003,47.2722731517686],[-1.53199670653254,47.2723691669155],[-1.53199449242256,47.2723710734066],[-1.53162982791724,47.2726891902688],[-1.53137165859412,47.272911253176],[-1.53136941592558,47.2729131824038],[-1.53098338619979,47.2732508167226],[-1.53098115223943,47.2732527708277],[-1.53086054459606,47.2733616847368],[-1.53079464597555,47.2734198626751],[-1.53074168197264,47.2734666218934],[-1.53073397951852,47.2734734219643],[-1.53072262720432,47.2734834447378],[-1.53057560225505,47.2736178744236],[-1.53057350553094,47.2736197924761],[-1.53044216575238,47.2737559384977],[-1.53044040776877,47.2737577612045],[-1.53033976346062,47.2738669528758],[-1.53033811152816,47.2738687461728],[-1.52352366253274,47.2711818837003],[-1.5239749078775,47.2705883874795],[-1.522440114338,47.2700627772087],[-1.52204663315969,47.270604255703],[-1.52152736366985,47.2704021315682],[-1.52175806785378,47.2699831789344],[-1.52182894607326,47.2690218010856],[-1.52140496178432,47.2685555696203],[-1.52077177540053,47.2688356783861],[-1.5204093614703,47.2687073852438],[-1.52065851747046,47.2685863844228],[-1.52101233145676,47.2684211719216],[-1.52125624852448,47.2683063829576],[-1.52296543881606,47.2675021278658],[-1.5236819667402,47.2671049255747],[-1.52392188916379,47.2669460410056],[-1.52454078089557,47.2665362515572],[-1.52234186242262,47.2656712499035],[-1.52254153599375,47.2654385962833],[-1.52306385789582,47.2648275981777],[-1.52327770933052,47.264586273943],[-1.52354063038181,47.2646818612501],[-1.52574988088755,47.2654375124907],[-1.52585573360982,47.2653185051337],[-1.52596367836874,47.2651972671998],[-1.52625461959108,47.2651568138625],[-1.52747979149429,47.2651600979542],[-1.52825504103633,47.2650123582103],[-1.52968917783153,47.2646100808879],[-1.5306076880275,47.2643431429706],[-1.53399564262313,47.2644989165053],[-1.53557007426437,47.2645346196585],[-1.53774256885884,47.2648269044595]]],"type":"Polygon"},"properties":{"gid":"6071","idbureau":"1090761","commune":"Nantes","code_insee":"44109","numero_bureau":"761","lien_lieu_vote":"109037","nom":"Louis Pergaud","site":"Ecole Maternelle","num_canton":"7"}},{"type":"Feature","geometry":{"coordinates":[[[-1.60272392358967,47.2234458548273],[-1.60229375753846,47.2232355119093],[-1.60086660013165,47.224566324524],[-1.59997894992718,47.2241501649338],[-1.59942382283751,47.2246935942794],[-1.59875344445974,47.2253547176956],[-1.59851152322289,47.225247418178],[-1.59814286287926,47.2250886853625],[-1.59789276823587,47.2253178933378],[-1.59775282542868,47.2252632219969],[-1.5976245695175,47.2253855025466],[-1.59732530672242,47.2252588981456],[-1.59717692651331,47.2251128244331],[-1.59696412729983,47.2248242034884],[-1.59720621231626,47.2245686995834],[-1.59654023167125,47.2241819663058],[-1.59646139983984,47.2241005290969],[-1.5958638122092,47.2237357744144],[-1.59575734650669,47.2236237588366],[-1.59488904191955,47.2233440707578],[-1.59262786210232,47.222650072442],[-1.59175759906906,47.2223829520081],[-1.5916421330167,47.2222940257669],[-1.59163451074897,47.2222810996402],[-1.59159033003897,47.2222061687712],[-1.59141581347479,47.2219954107611],[-1.59178533718799,47.2218585181391],[-1.59181932064172,47.2218459273538],[-1.59210556617868,47.2217398851654],[-1.59222248252832,47.2215100034466],[-1.5925513410847,47.2213162255873],[-1.59280003645161,47.2211777763296],[-1.5932560262051,47.2210787382699],[-1.59451003209468,47.2204345836098],[-1.59529601373412,47.2204707339875],[-1.59559395206006,47.220822652099],[-1.59514866707968,47.2218032136734],[-1.59538516132986,47.2218693661172],[-1.59651540335148,47.2220453548675],[-1.59718422913033,47.2221205344445],[-1.59740900037143,47.2221530327285],[-1.5976183406782,47.2222201973359],[-1.59794197518751,47.2223080523493],[-1.59810443100117,47.2224947157522],[-1.59851800227295,47.2225002322068],[-1.59859842993139,47.222382197169],[-1.59898161609166,47.2224149631325],[-1.59960672928756,47.2223936227747],[-1.59993368089015,47.2223917309858],[-1.60015996887606,47.2223190674264],[-1.60106642332239,47.2218610814119],[-1.60199730890875,47.221365148927],[-1.60216512418969,47.2216100804484],[-1.60232285638835,47.2217161074788],[-1.60254645547053,47.2217919625373],[-1.60278306385608,47.2218048545669],[-1.60274503144859,47.2220307550881],[-1.60274447239774,47.2220340539141],[-1.60274089338542,47.2220550741708],[-1.60265953803529,47.2225375570766],[-1.60263615081113,47.2226938269452],[-1.60263614313442,47.2226939218689],[-1.6026263756434,47.2228182036597],[-1.60262942241605,47.2229745334299],[-1.60264170281879,47.2230646944187],[-1.60264463915803,47.2230862789959],[-1.6026479541664,47.2231137966009],[-1.60265350366292,47.2231599018937],[-1.60266628469126,47.2232273196248],[-1.60267294756485,47.223262482324],[-1.60269399892427,47.2233454416314],[-1.60272392358967,47.2234458548273]]],"type":"Polygon"},"properties":{"gid":"6111","idbureau":"1090532","commune":"Nantes","code_insee":"44109","numero_bureau":"532","lien_lieu_vote":"109046","nom":"Dervalli\u00e8res Ch\u00e9zine","site":"Ecole El\u00e9mentaire","num_canton":"5"}},{"type":"Feature","geometry":{"coordinates":[[[-1.54346210361982,47.223697541465],[-1.54229992856637,47.2244483606543],[-1.54201894609664,47.2245847186081],[-1.54130371199399,47.2249409464672],[-1.54081113155795,47.2252371732579],[-1.54064319986876,47.2253705191539],[-1.54044301586452,47.2255294746377],[-1.53968638105906,47.2249249931069],[-1.53867135526751,47.2241122201681],[-1.53831995655302,47.2237583580397],[-1.53966734097502,47.2231874289438],[-1.53960290526517,47.2231119569399],[-1.54308110201964,47.2216045857184],[-1.54164722192235,47.2206507484565],[-1.54089540224005,47.2195654198448],[-1.5407839057263,47.2193530972904],[-1.5403732414642,47.2185056834827],[-1.54029216071116,47.2183498254531],[-1.54045465544106,47.2183229025221],[-1.54181127030911,47.218069481558],[-1.54289894881264,47.2178702223888],[-1.54307663851587,47.2178376693626],[-1.54417148970844,47.2176116731082],[-1.54420499364146,47.2175030951756],[-1.54423670960868,47.2173935886834],[-1.54484894205961,47.2171206927766],[-1.54524733565268,47.2169634411428],[-1.54560796394196,47.2168158329021],[-1.54654523853093,47.2164426358562],[-1.54708134395814,47.216239485712],[-1.54814631511802,47.2168835433894],[-1.54804860779556,47.2177669053758],[-1.54497939885541,47.2198671417813],[-1.54586426813963,47.2205237512425],[-1.54521724062021,47.2208222251935],[-1.54509130485168,47.2208667268054],[-1.54420667515569,47.221967050922],[-1.54408223952961,47.2222674706442],[-1.54393723609253,47.2227582657366],[-1.54367898552197,47.2232261261927],[-1.54332824064685,47.2234613847921],[-1.54346210361982,47.223697541465]]],"type":"Polygon"},"properties":{"gid":"6038","idbureau":"1090122","commune":"Nantes","code_insee":"44109","numero_bureau":"122","lien_lieu_vote":"109012","nom":"Stalingrad","site":"Groupe Scolaire","num_canton":"1"}},{"type":"Feature","geometry":{"coordinates":[[[-1.53767866378953,47.2250902950329],[-1.53704412364038,47.2241746502207],[-1.53662199302065,47.2235491533623],[-1.53619984512932,47.2229236153844],[-1.5355076348639,47.2219210018446],[-1.5338623836054,47.2214975473072],[-1.53393229068152,47.2211809566487],[-1.53474604425465,47.2209110827003],[-1.53484917896201,47.2208619541662],[-1.53533613247326,47.2206561887738],[-1.53519846716067,47.2205067780429],[-1.53519180379122,47.2204995461165],[-1.5351731240336,47.2204786392865],[-1.53483217998868,47.2200970458814],[-1.53445926096262,47.2196769771745],[-1.53427076275636,47.219467056711],[-1.53444072024845,47.2194335152703],[-1.5347668301768,47.2193691572298],[-1.53528757096201,47.2192760327462],[-1.53566093355185,47.2201388344039],[-1.53670241207884,47.2202101253306],[-1.53711665964566,47.220848287256],[-1.53721511739793,47.2208697493928],[-1.53742002548347,47.2209280722195],[-1.53688951015419,47.2211365701908],[-1.53631065363908,47.2214187434226],[-1.53623776717618,47.2215021624912],[-1.53687539043842,47.222201637492],[-1.53732632695822,47.2220132857885],[-1.53748012753661,47.2221381724402],[-1.53738682067605,47.2221768853634],[-1.53700578811575,47.2223446945523],[-1.53820020987985,47.2236547507587],[-1.53831995655302,47.2237583580397],[-1.53867135526751,47.2241122201681],[-1.53968638105906,47.2249249931069],[-1.54044301586452,47.2255294746377],[-1.54044240015208,47.2255299639239],[-1.5404419441707,47.2255303252528],[-1.54036080600225,47.2255947524392],[-1.54058523612159,47.2257762563357],[-1.54043243698524,47.2258644298373],[-1.53982415795709,47.2262154366396],[-1.53816768823069,47.2252541736879],[-1.53809441187678,47.225226268501],[-1.53805837590771,47.2252125452986],[-1.53788869895576,47.2251460002426],[-1.53786800074977,47.2251378820879],[-1.53767866378953,47.2250902950329]]],"type":"Polygon"},"properties":{"gid":"6072","idbureau":"1090124","commune":"Nantes","code_insee":"44109","numero_bureau":"124","lien_lieu_vote":"109012","nom":"Stalingrad","site":"Groupe Scolaire","num_canton":"1"}},{"type":"Feature","geometry":{"coordinates":[[[-1.56090997160073,47.2273165234923],[-1.56076100424616,47.2273897385586],[-1.56042535885001,47.2275522211647],[-1.56013601338873,47.227627841862],[-1.5595738070423,47.2279382991915],[-1.5592113384897,47.227986668901],[-1.55895086692216,47.2280085266667],[-1.55786422096621,47.2281078377428],[-1.55767726981983,47.2280807368737],[-1.55695748307619,47.227766839108],[-1.55667326345087,47.2275732426204],[-1.55659454072434,47.2275688755584],[-1.55650194714371,47.2274975159242],[-1.55639792889653,47.2273199032859],[-1.55590105721857,47.2266021779843],[-1.55597708195058,47.2262677107772],[-1.55594539005396,47.2260447832125],[-1.55591729785531,47.2258585695015],[-1.55743007867909,47.2252384327856],[-1.55693387942246,47.2246460634089],[-1.5565242339584,47.2241838855326],[-1.55436930434173,47.2231311501316],[-1.55535665906092,47.2223460245464],[-1.55507756084529,47.2221805329769],[-1.55501898968447,47.221746041012],[-1.55510365736395,47.2214159663237],[-1.55564131097128,47.2211519247831],[-1.55570465670502,47.2212249971674],[-1.55665993633096,47.2223275056583],[-1.55731028583845,47.2231035441594],[-1.55753621602763,47.2230215171189],[-1.55778092438997,47.2233192985936],[-1.55849452733766,47.2241393097909],[-1.55900757072075,47.2247756897536],[-1.55912453274794,47.2249384522228],[-1.55912801612808,47.2252188082432],[-1.56027463422697,47.2265809780451],[-1.56090997160073,47.2273165234923]]],"type":"Polygon"},"properties":{"gid":"6010","idbureau":"1090141","commune":"Nantes","code_insee":"44109","numero_bureau":"141","lien_lieu_vote":"109002","nom":"Noire","site":"Ecole Primaire","num_canton":"1"}},{"type":"Feature","geometry":{"coordinates":[[[-1.57114256842932,47.2234565662067],[-1.57044515506956,47.2243764749042],[-1.57015481684326,47.2246047349532],[-1.57026889296175,47.2246695913473],[-1.56956203524169,47.2252197237345],[-1.5689489145827,47.225724612543],[-1.56938364251158,47.2259945053045],[-1.57024249301921,47.2265208550571],[-1.5702381719345,47.2265323535967],[-1.56998322462509,47.227202003159],[-1.57018011445913,47.2273633123983],[-1.57014549904645,47.2274741883087],[-1.57010325229036,47.2274840833466],[-1.56981504930232,47.2275516746788],[-1.56971434387425,47.2274997821814],[-1.56833318627195,47.2264259407951],[-1.5682345603612,47.2263100290376],[-1.56821573687798,47.2262006951074],[-1.56809449486411,47.2261155418249],[-1.56795221444131,47.2261045064602],[-1.56743556338461,47.2257918153322],[-1.56741487439951,47.2256948823057],[-1.56726685649174,47.2256070326876],[-1.56721614364106,47.2255915437503],[-1.56687014939851,47.2254377160795],[-1.56593178473802,47.2250965085618],[-1.56543859212375,47.2248332724138],[-1.56490859879042,47.2245239909739],[-1.56473873315787,47.2244283220104],[-1.56484421641818,47.2243227918789],[-1.56456284984868,47.2241248856838],[-1.56417167456743,47.2238135151616],[-1.56376241183481,47.2234335870958],[-1.56350200796365,47.2231113923787],[-1.56360605499458,47.2230713162759],[-1.56373400264905,47.2230220329581],[-1.56393929130901,47.2229435739688],[-1.56404363969666,47.2230837015031],[-1.56416910815476,47.2230165883039],[-1.56420786363586,47.2229874662486],[-1.5644452411197,47.2228090944544],[-1.56515688007361,47.2222264056244],[-1.56565568414075,47.2214447502703],[-1.56722676108257,47.2217681318538],[-1.56788871053854,47.2219043765304],[-1.56790955133805,47.2219086658596],[-1.56867482085291,47.2221337448021],[-1.5687880246055,47.2221670388252],[-1.56884193062193,47.2221807572803],[-1.56896485713838,47.2222120415404],[-1.56907021937204,47.2222388557527],[-1.56909786005313,47.2222458903085],[-1.56963470258756,47.2225349247831],[-1.56972381993967,47.2225639192623],[-1.56978313308325,47.2225832161505],[-1.56977886042092,47.2225957553205],[-1.5696093544845,47.2230932194076],[-1.56998910215249,47.2231832154387],[-1.57018791287474,47.2232303308964],[-1.57093862554559,47.2234082364579],[-1.57114256842932,47.2234565662067]]],"type":"Polygon"},"properties":{"gid":"6011","idbureau":"1090144","commune":"Nantes","code_insee":"44109","numero_bureau":"144","lien_lieu_vote":"109002","nom":"Noire","site":"Ecole Primaire","num_canton":"1"}},{"type":"Feature","geometry":{"coordinates":[[[-1.56309883634444,47.2225595006449],[-1.56319429381227,47.2226987520785],[-1.56320395693787,47.2227114815982],[-1.56322534647725,47.2227396592212],[-1.56334054440459,47.2228914145313],[-1.56350200796365,47.2231113923787],[-1.56376241183481,47.2234335870958],[-1.56417167456743,47.2238135151616],[-1.56456284984868,47.2241248856838],[-1.56484421641818,47.2243227918789],[-1.56473873315787,47.2244283220104],[-1.56490859879042,47.2245239909739],[-1.56315469214866,47.2259432727579],[-1.56274404798093,47.2265314353694],[-1.56349169100566,47.2269098355607],[-1.56378399701205,47.2270381107804],[-1.56407148626415,47.2271946498124],[-1.56429545131669,47.2273377550385],[-1.56487959258272,47.2277818434182],[-1.56556970580847,47.2283463665603],[-1.56562262602309,47.2285316464838],[-1.56564975899389,47.2286480860539],[-1.56552205540624,47.2287517558596],[-1.56426975923285,47.2288968995045],[-1.56266226976037,47.22907791195],[-1.56245718684716,47.2288148211393],[-1.56189496189858,47.2281159899947],[-1.56157322422463,47.2280755298798],[-1.56090997160073,47.2273165234923],[-1.56027463422697,47.2265809780451],[-1.55912801612808,47.2252188082432],[-1.55912453274794,47.2249384522228],[-1.55914037816603,47.224680320881],[-1.56101110833893,47.2237623460234],[-1.56225362285019,47.2231669516632],[-1.56276002355008,47.2229242909471],[-1.56261547938512,47.2227948906078],[-1.56309883634444,47.2225595006449]]],"type":"Polygon"},"properties":{"gid":"6063","idbureau":"1090143","commune":"Nantes","code_insee":"44109","numero_bureau":"143","lien_lieu_vote":"109002","nom":"Noire","site":"Ecole Primaire","num_canton":"1"}},{"type":"Feature","geometry":{"coordinates":[[[-1.51811219094779,47.2513646880964],[-1.51866450176125,47.2508828586574],[-1.51933487443304,47.2502954160779],[-1.51933870031794,47.2502920642175],[-1.51933879019963,47.2502919849953],[-1.52117874878753,47.2486795604705],[-1.52121963804053,47.2486562807626],[-1.5214638452945,47.248440422575],[-1.52151046420651,47.2483992279836],[-1.5216130597254,47.2483086188337],[-1.52165002030016,47.2482709055895],[-1.5225083924243,47.2475203109357],[-1.522733840773,47.2473232718379],[-1.52299093449422,47.24709562338],[-1.52306902423521,47.2470264643315],[-1.52346307828368,47.246677534761],[-1.52455400959444,47.2457115070734],[-1.52463780827036,47.2456374626737],[-1.52517281114419,47.2451684999672],[-1.52553391797311,47.2448520736528],[-1.52628964455875,47.2441907204149],[-1.52629823277233,47.2441833160932],[-1.52713241026028,47.2434731243964],[-1.52729358214201,47.243319996015],[-1.52732206009517,47.2432929750991],[-1.52740209710438,47.2432169473628],[-1.52741906178257,47.2432009773029],[-1.52811020786965,47.2425983332614],[-1.52822508665611,47.2427221088081],[-1.52807980810809,47.2439806929069],[-1.52889713408849,47.2440808349838],[-1.52879479345172,47.2454429093509],[-1.52844044146761,47.2466048384992],[-1.52837883563609,47.2468065795478],[-1.52982431760008,47.2469650120146],[-1.53051546053773,47.2471888923108],[-1.53112187268275,47.2474519047912],[-1.5312515953923,47.2475081686751],[-1.53130019345206,47.2475289634673],[-1.53047983812526,47.2486298798638],[-1.53034816285876,47.2490991260273],[-1.53229269760286,47.2491742360049],[-1.53162853284728,47.2501668865444],[-1.53319107180555,47.2506491924423],[-1.53305730253876,47.250868128425],[-1.53297755781859,47.2508554891576],[-1.53210096010123,47.250541025912],[-1.53160785723807,47.2504718196183],[-1.53010416087325,47.2503932638696],[-1.52990261756738,47.2503920093131],[-1.52929268892199,47.2503882252911],[-1.52902868521085,47.2503866276476],[-1.52819082881608,47.250635185421],[-1.52898186250741,47.2517812410228],[-1.52881206096106,47.252416944608],[-1.52880292462123,47.2524680445592],[-1.52869041385755,47.2527323750591],[-1.52845360742891,47.2526259291512],[-1.52811528179528,47.2524435333767],[-1.52782569129495,47.2522875168521],[-1.52677362759411,47.2516569892916],[-1.52554237581893,47.2509497828677],[-1.52256048073076,47.2543007705229],[-1.52254388093494,47.25429808534],[-1.52240683318005,47.254276011417],[-1.52239116697452,47.2542734732909],[-1.51865497779098,47.2532738499327],[-1.51839074482863,47.2532655695278],[-1.51761514527086,47.2532412338352],[-1.51752683202153,47.25323643717],[-1.51724275867503,47.2532208876861],[-1.51720079220622,47.2532185977647],[-1.51563370947705,47.2531329648921],[-1.51695808860759,47.2523524435041],[-1.51702546024872,47.2523127294691],[-1.51717357623387,47.2521836706605],[-1.51723069991134,47.2521338468126],[-1.51811219094779,47.2513646880964]]],"type":"Polygon"},"properties":{"gid":"6156","idbureau":"1090713","commune":"Nantes","code_insee":"44109","numero_bureau":"713","lien_lieu_vote":"109035","nom":"Marsauderies","site":"Ecole Elementaire","num_canton":"7"}},{"type":"Feature","geometry":{"coordinates":[[[-1.56719182968281,47.2144153894166],[-1.56744614102679,47.2143879485524],[-1.56759284857199,47.2143731632903],[-1.56846570997589,47.2141595825354],[-1.56832565576774,47.2132545433703],[-1.56887178438059,47.2132717082109],[-1.56901933666805,47.2142485500188],[-1.5691111142847,47.2142400345711],[-1.56916722193749,47.2141158196304],[-1.5711667934894,47.2140553435815],[-1.57128472265577,47.2142167991312],[-1.57196106821887,47.2143334772789],[-1.57216426002449,47.2143461282864],[-1.57220500909199,47.2144590450086],[-1.57281625489706,47.2145187472652],[-1.57268975982424,47.2146867690961],[-1.5726896102414,47.2146869678847],[-1.57264721858447,47.2147400159628],[-1.57227864885074,47.2151216185816],[-1.57215850378045,47.21524090567],[-1.57211878795677,47.2152803369775],[-1.57204387811983,47.2153380449215],[-1.57204357291519,47.2153382796403],[-1.57069201646205,47.2154828178546],[-1.57056503978581,47.2155310395928],[-1.57056493347137,47.2155310798673],[-1.57013068711881,47.2157448507514],[-1.56935070261682,47.21611372477],[-1.56903724891325,47.2162238803124],[-1.56878397690599,47.2163128856858],[-1.5683073562556,47.2164823290224],[-1.56827020807169,47.2164951080557],[-1.56770034828164,47.2166911350396],[-1.56745865256367,47.2167888066828],[-1.56740266565676,47.2168114310589],[-1.56584044745813,47.2159834005346],[-1.56579267637459,47.2159609641531],[-1.56672236536961,47.21505438162],[-1.56672617492922,47.2147930519181],[-1.56690544177815,47.214641073211],[-1.56719182968281,47.2144153894166]]],"type":"Polygon"},"properties":{"gid":"6104","idbureau":"1090314","commune":"Nantes","code_insee":"44109","numero_bureau":"314","lien_lieu_vote":"109022","nom":"Andr\u00e9 Lermite","site":"Ecole Elementaire","num_canton":"3"}},{"type":"Feature","geometry":{"coordinates":[[[-1.56774090150464,47.208525735232],[-1.56784397289341,47.2086794135478],[-1.56787743419086,47.2087304301765],[-1.56791043718771,47.2087769605],[-1.56796219859428,47.2088559973865],[-1.56800791382758,47.2089264134924],[-1.56660177311053,47.2093788138994],[-1.56670362312872,47.2096752933781],[-1.56701956931768,47.2106201365646],[-1.56712188025422,47.2109301092081],[-1.56724132787007,47.2112810249486],[-1.56701327608533,47.2113257668219],[-1.56710513347288,47.2114507354035],[-1.56720941670702,47.211461523474],[-1.56744102199874,47.2115505933824],[-1.56775065512121,47.2119773000922],[-1.56824714995378,47.2125483211899],[-1.56837776845724,47.2128372187246],[-1.5671627806789,47.2129696862262],[-1.56592750283601,47.2130802355395],[-1.56583941831255,47.212472283024],[-1.56532871687097,47.2121031761505],[-1.56530895891732,47.2120950219618],[-1.56527815870384,47.2120914679446],[-1.5652385607119,47.2120414722052],[-1.56369257120066,47.2109789270437],[-1.56424742450622,47.2105548193996],[-1.56409749331456,47.2104471356772],[-1.5636959100944,47.2106264566451],[-1.56328312784457,47.2102486646857],[-1.56325067249064,47.2091354865037],[-1.56597241234688,47.2083718091423],[-1.56601175278653,47.2083566952468],[-1.56730246196176,47.2078705475748],[-1.56774090150464,47.208525735232]]],"type":"Polygon"},"properties":{"gid":"5987","idbureau":"1090311","commune":"Nantes","code_insee":"44109","numero_bureau":"311","lien_lieu_vote":"109022","nom":"Andr\u00e9 Lermite","site":"Ecole Elementaire","num_canton":"3"}},{"type":"Feature","geometry":{"coordinates":[[[-1.52326108143355,47.1912166536128],[-1.52244064311385,47.1909505382802],[-1.5217777819508,47.1907227651828],[-1.52254537883982,47.1902801309333],[-1.5228348996202,47.1904549381744],[-1.52359629189727,47.1903943641929],[-1.52356825191858,47.189912339595],[-1.52340699189322,47.1897832684092],[-1.52469676005018,47.1889670936464],[-1.52558664181324,47.1899619615536],[-1.52634500365734,47.1908769294589],[-1.52645065380911,47.1910043475182],[-1.52791101120182,47.1927660874367],[-1.53002523470612,47.1934904560899],[-1.52888250673046,47.1943880353331],[-1.52851479502003,47.1953143727044],[-1.52810730058973,47.1956258004102],[-1.52772062222076,47.1957607201047],[-1.52775502594595,47.1962373882402],[-1.52754869857982,47.1962258424304],[-1.52752337818498,47.1962244252253],[-1.52752331111455,47.1962244215628],[-1.52718062311727,47.1962582993168],[-1.52464431883575,47.1965162051772],[-1.52467377189601,47.1964314395928],[-1.5246950314055,47.1963702532632],[-1.52503945948538,47.1956603392736],[-1.52533427515825,47.1950497840246],[-1.52552008165108,47.1946393253132],[-1.52551844214651,47.1945888404462],[-1.52551363572329,47.1944402648175],[-1.52552111705116,47.1942137135885],[-1.5254097098819,47.1936989834846],[-1.52540762527646,47.1936893549281],[-1.52540070960329,47.1935953765955],[-1.52542779729927,47.1931340469834],[-1.52543471589918,47.1930177176198],[-1.52553660149296,47.1919790804591],[-1.52553813362585,47.1919634542289],[-1.52449574809462,47.1916272683529],[-1.5243970017908,47.1915991725652],[-1.52432954179762,47.1915799355301],[-1.52404955237862,47.1914861767453],[-1.52326108143355,47.1912166536128]]],"type":"Polygon"},"properties":{"gid":"6164","idbureau":"1090372","commune":"Nantes","code_insee":"44109","numero_bureau":"372","lien_lieu_vote":"109042","nom":"Jacques Tati","site":"Ecole Maternelle","num_canton":"3"}},{"type":"Feature","geometry":{"coordinates":[[[-1.58272041359442,47.2615289643157],[-1.58273344796586,47.2615444785443],[-1.58281636873241,47.261643174401],[-1.58140285913243,47.2616988454622],[-1.58074299403277,47.2617866435414],[-1.57976769175467,47.2619880947815],[-1.57887610010647,47.262011963507],[-1.57613560143936,47.2611186084957],[-1.57594097940762,47.261919611969],[-1.57493274573552,47.2616367590341],[-1.57443265253703,47.261485199297],[-1.57446475794717,47.2609582071228],[-1.5745311054058,47.2605955037124],[-1.57461074977096,47.2601594890456],[-1.57495367513085,47.2587740499142],[-1.57523514754551,47.2579303853901],[-1.57543526911885,47.2579623280121],[-1.57551504978633,47.2579751156331],[-1.5757479996194,47.2579077728228],[-1.57629627381648,47.2577492054662],[-1.57653854832872,47.2576791144575],[-1.57665800131622,47.2580170463304],[-1.57964349105778,47.2580098283513],[-1.58021461808003,47.2586625379723],[-1.58021624140449,47.2586643925916],[-1.5809236866849,47.2594787602963],[-1.58109050014292,47.2596707828],[-1.58109161065223,47.2596720604292],[-1.58112441746486,47.2597072467643],[-1.58124518517437,47.2598494902114],[-1.58158443050718,47.2602404648881],[-1.58185110889931,47.2605477795885],[-1.58195127066772,47.2606632039573],[-1.58195159385118,47.2606635758372],[-1.5822521442518,47.2610049737476],[-1.58225232023393,47.2610051730803],[-1.58235850088124,47.2611264278113],[-1.5824052672533,47.261179833216],[-1.58259521144596,47.2613968108839],[-1.58259542838904,47.2613970401211],[-1.5826428100619,47.2614470526618],[-1.58272041359442,47.2615289643157]]],"type":"Polygon"},"properties":{"gid":"6150","idbureau":"1090671","commune":"Nantes","code_insee":"44109","numero_bureau":"671","lien_lieu_vote":"109032","nom":"Fran\u00e7oise Dolto","site":"Ecole Primaire","num_canton":"6"}},{"type":"Feature","geometry":{"coordinates":[[[-1.53324165585288,47.2288699932219],[-1.53318330988064,47.2284435072172],[-1.53352131284877,47.2284214914544],[-1.53500449424995,47.2294197764313],[-1.53557001184393,47.2297130654255],[-1.5355704985507,47.2302440379275],[-1.53633965951964,47.2306933979454],[-1.53734998366092,47.2308665219033],[-1.53818601776527,47.2313242465088],[-1.53802382491515,47.2315075830967],[-1.53762850118476,47.231807546819],[-1.53702162606383,47.2324147228911],[-1.53614847570459,47.2332218666269],[-1.53578248774606,47.2336589150533],[-1.5356617550961,47.2338397718559],[-1.53545816209408,47.2339511985895],[-1.53462810854975,47.2339617688296],[-1.53405999956529,47.2337955325416],[-1.53358586815082,47.2335809729112],[-1.53341200202509,47.233513491982],[-1.53283178187289,47.2333390596807],[-1.53225910748255,47.2330231790867],[-1.53086366326606,47.2319407250273],[-1.5309166924011,47.2317824869119],[-1.53107955321931,47.2315787882594],[-1.53229197915907,47.230918900022],[-1.53125382611351,47.2296216506901],[-1.53141928656495,47.2294302939971],[-1.53177126595659,47.2293388672548],[-1.53273238757658,47.2288340338047],[-1.53324165585288,47.2288699932219]]],"type":"Polygon"},"properties":{"gid":"6078","idbureau":"1090243","commune":"Nantes","code_insee":"44109","numero_bureau":"243","lien_lieu_vote":"109008","nom":"Alice Guy","site":"Ecole Primaire","num_canton":"2"}},{"type":"Feature","geometry":{"coordinates":[[[-1.57449805720423,47.2234232077406],[-1.57436123221541,47.2233655221412],[-1.57422330286863,47.2233994749546],[-1.57398072294474,47.2233003405098],[-1.57356301389244,47.223245423561],[-1.57191544495855,47.2230289255651],[-1.57191247322165,47.2230284049807],[-1.57178406703228,47.2230059129618],[-1.57092696451618,47.2227282445305],[-1.57080003681633,47.2227345669802],[-1.57020483655748,47.2209709261239],[-1.57020185258909,47.2209608499832],[-1.57008734164568,47.220895286612],[-1.57004789091037,47.2207552139118],[-1.57002022534725,47.2206568971145],[-1.5700945420746,47.2206009689586],[-1.57041338863492,47.2205878294691],[-1.56999094378951,47.2191362371156],[-1.57179181420898,47.2196065632009],[-1.5726053163116,47.2198479704888],[-1.57345854270147,47.2201380792931],[-1.57363944011998,47.2202072404241],[-1.57476803137095,47.2204565736897],[-1.57479000652578,47.2205403718429],[-1.57427222265139,47.2228549687905],[-1.57418697517081,47.2229566659483],[-1.5744884675601,47.2232793328163],[-1.57449805720423,47.2234232077406]]],"type":"Polygon"},"properties":{"gid":"6007","idbureau":"1090415","commune":"Nantes","code_insee":"44109","numero_bureau":"415","lien_lieu_vote":"109019","nom":"Harouys","site":"Ecole Maternelle","num_canton":"4"}},{"type":"Feature","geometry":{"coordinates":[[[-1.54127771659513,47.2346233954321],[-1.54108718505913,47.2347550865536],[-1.54101569665731,47.2351134343286],[-1.54078860180928,47.2358371061012],[-1.54053404372859,47.2360579500475],[-1.54029239559413,47.2362817882952],[-1.53974647371196,47.2369146645321],[-1.53915440392075,47.2376281692625],[-1.53862919243941,47.2383555492409],[-1.53871622187336,47.2383922518305],[-1.53865140162238,47.2384869267947],[-1.5385182513865,47.2385018511263],[-1.53825498347316,47.2388491669538],[-1.53794657645608,47.2390243549626],[-1.53746571126393,47.2392726129392],[-1.53723471793537,47.2394922941575],[-1.53656657934412,47.2392692207138],[-1.53537561008553,47.2388516764113],[-1.53253198659764,47.2378471397653],[-1.53289633306759,47.2374103420808],[-1.53320924747595,47.2370487596454],[-1.53472255717834,47.2352751732697],[-1.53582244127196,47.2339788381993],[-1.53603468048528,47.2338875910443],[-1.53698755542773,47.2340116687472],[-1.53789206230571,47.234145202777],[-1.53801957764459,47.2341639747959],[-1.53813995199224,47.2341809139599],[-1.53933554519911,47.2343495071445],[-1.53976534629643,47.2344101753901],[-1.54122974892454,47.2346166340512],[-1.54127771659513,47.2346233954321]]],"type":"Polygon"},"properties":{"gid":"6117","idbureau":"1090274","commune":"Nantes","code_insee":"44109","numero_bureau":"274","lien_lieu_vote":"109034","nom":"Port Boyer","site":"Ecole Maternelle","num_canton":"2"}},{"type":"Feature","geometry":{"coordinates":[[[-1.59630439328028,47.1925045286243],[-1.59891915951369,47.1980538882169],[-1.59871286805805,47.1989507458537],[-1.5984929744277,47.199799243409],[-1.59862884518039,47.1998174824303],[-1.59847550778516,47.2004192612121],[-1.59734465840188,47.2000508404266],[-1.59434495507585,47.1990736167925],[-1.59423930418924,47.1992491664157],[-1.5940205188996,47.1991978165392],[-1.59396443684411,47.1993105136123],[-1.59386510434092,47.1995991591255],[-1.59388611715997,47.1997862366408],[-1.59373980814855,47.1997285385317],[-1.59359321093515,47.1996884125151],[-1.59306896488112,47.1994258142862],[-1.5928290798786,47.1994974915532],[-1.59278855000455,47.1998364585009],[-1.59279598097619,47.1998728668296],[-1.59255572709635,47.1998873641865],[-1.59227083474479,47.2000138939076],[-1.59232231540976,47.2002849675182],[-1.59230101434764,47.2002846129534],[-1.59212505666852,47.2002820505088],[-1.59057618765315,47.2005506598945],[-1.59064009541109,47.2010290962181],[-1.59062205311967,47.2012965863807],[-1.58919415829376,47.2013535276807],[-1.58925188979041,47.2003351177657],[-1.58924320917548,47.2002653382836],[-1.58856720799298,47.2006832362335],[-1.58800969380473,47.2008589476749],[-1.5870882185289,47.2011663004836],[-1.58678999018368,47.2012085190247],[-1.58679159506556,47.201187117759],[-1.58680333154022,47.201022611707],[-1.58790371400584,47.1999541086136],[-1.58734955643909,47.1989478873325],[-1.58593216468878,47.1989075125026],[-1.58464087773804,47.2001013887411],[-1.58445910976258,47.2004073260325],[-1.58423872312682,47.2003810487925],[-1.58431610170308,47.198920633668],[-1.58330631208258,47.1990053344772],[-1.5827352542662,47.1989418068702],[-1.58272411606507,47.1988528328127],[-1.58213340809273,47.1987772730541],[-1.5805059492075,47.1968487250432],[-1.58050313820111,47.1968453959083],[-1.58079469007915,47.1967786042971],[-1.58110939355569,47.1967054031082],[-1.58137336859832,47.1966418847267],[-1.58163146169141,47.1965760773776],[-1.58186247383765,47.196515134845],[-1.58212973549923,47.1964452659036],[-1.58238446408089,47.1963772482169],[-1.58288204571945,47.1962430367809],[-1.58307355897009,47.1961886245049],[-1.58326407240839,47.1961333507098],[-1.58355123789136,47.1960474551134],[-1.583771723187,47.1959809815905],[-1.58450945841001,47.195756975952],[-1.58494699150386,47.1956210080198],[-1.5856812480066,47.1953874014917],[-1.58590457526664,47.1953109881323],[-1.58606791551512,47.1952687795501],[-1.5862162748475,47.1952276197531],[-1.58622362150039,47.1952236101187],[-1.58622625052018,47.1952221750659],[-1.58921702406683,47.1943125691319],[-1.5928889710883,47.1931979320201],[-1.59383385260893,47.1929133111729],[-1.59440326515691,47.1927757222276],[-1.59463329780022,47.1927344360721],[-1.59555888628853,47.1925894692869],[-1.59556289196226,47.1925888421545],[-1.5955629845695,47.1925888276339],[-1.59556460453903,47.1925885735491],[-1.59593960346046,47.1925467076202],[-1.59630439328028,47.1925045286243]]],"type":"Polygon"},"properties":{"gid":"6024","idbureau":"1090453","commune":"Nantes","code_insee":"44109","numero_bureau":"453","lien_lieu_vote":"109025","nom":"R\u00e9formes","site":"Ecole Primaire","num_canton":"4"}},{"type":"Feature","geometry":{"coordinates":[[[-1.5804970068823,47.1968468002481],[-1.58050313820111,47.1968453959083],[-1.5805059492075,47.1968487250432],[-1.58213340809273,47.1987772730541],[-1.58272411606507,47.1988528328127],[-1.5827352542662,47.1989418068702],[-1.58330631208258,47.1990053344772],[-1.58431610170308,47.198920633668],[-1.58423872312682,47.2003810487925],[-1.58445910976258,47.2004073260325],[-1.58464087773804,47.2001013887411],[-1.58593216468878,47.1989075125026],[-1.58734955643909,47.1989478873325],[-1.58790371400584,47.1999541086136],[-1.58680333154022,47.201022611707],[-1.58679159506556,47.201187117759],[-1.58653946693287,47.2011207640459],[-1.58637966028253,47.2010500947757],[-1.5861425202104,47.2008799178325],[-1.58605660737483,47.2007462940604],[-1.58489721526908,47.2008999618123],[-1.58410054846294,47.2007950310023],[-1.58417729020152,47.2009388712249],[-1.58424562367864,47.2009642012496],[-1.58478442474555,47.2019996856428],[-1.58480686954677,47.2020426972174],[-1.58472629440712,47.2020721880311],[-1.58475817480982,47.2021266794956],[-1.58502042019002,47.2021470249709],[-1.58505572062556,47.202244720841],[-1.58430187052227,47.2024215095463],[-1.584112863352,47.2025042318099],[-1.58343709504786,47.2027385220461],[-1.58337071118073,47.2027614971814],[-1.58351279736383,47.2031713465233],[-1.58363313284955,47.2033328033283],[-1.58358318942968,47.2033384663567],[-1.58271015233678,47.2034382352093],[-1.58145948049668,47.2035826292517],[-1.58151497942215,47.2034470777569],[-1.58185938553748,47.2028347832377],[-1.58168347987008,47.2028131108905],[-1.5814593690152,47.202869641372],[-1.58127619952549,47.2029907089209],[-1.5809018312081,47.2033128247492],[-1.58073206878892,47.2034238867953],[-1.58050165865875,47.2035370102652],[-1.58041502606515,47.2035686867789],[-1.57937491660599,47.2040730279623],[-1.57926419930385,47.2041565912634],[-1.57909144164554,47.2042900910844],[-1.57787505654172,47.203533757328],[-1.57749357558503,47.2033106425025],[-1.5775207227021,47.2032969304989],[-1.57783479063149,47.202804119768],[-1.57799315968513,47.202716147395],[-1.57847124942601,47.2024169951533],[-1.5786022873482,47.2022191617514],[-1.57903304545961,47.2019577389427],[-1.57977414274085,47.201796278164],[-1.5787349427098,47.2009393607104],[-1.57854876362882,47.2007987778051],[-1.57743188681787,47.2015830390574],[-1.57706208244394,47.2018773351804],[-1.57653001106453,47.2022968448609],[-1.57494641724356,47.2016341955622],[-1.57483757223346,47.2015824071334],[-1.57600146119646,47.1998082413136],[-1.57611193232128,47.1996400690533],[-1.57634930053349,47.1992787137151],[-1.57731084713847,47.1978131354069],[-1.57762362138015,47.1974255669921],[-1.57764608799765,47.1973977293538],[-1.57782361803753,47.1973678456848],[-1.57801091220262,47.1973396521068],[-1.57826917950174,47.1972988961201],[-1.57827333254159,47.1973010733515],[-1.57827610778814,47.1972995209268],[-1.57846432683623,47.1972681070385],[-1.57855489953182,47.1972529897727],[-1.57916238846146,47.1971329744914],[-1.57947623935226,47.1970698141263],[-1.57963156453915,47.19703730624],[-1.57996018098139,47.1969675181555],[-1.58049413853287,47.1968488069932],[-1.5804970068823,47.1968468002481]]],"type":"Polygon"},"properties":{"gid":"5997","idbureau":"1090451","commune":"Nantes","code_insee":"44109","numero_bureau":"451","lien_lieu_vote":"109025","nom":"R\u00e9formes","site":"Ecole Primaire","num_canton":"4"}},{"type":"Feature","geometry":{"coordinates":[[[-1.54268202833817,47.2330652852833],[-1.54268139648338,47.2326299234921],[-1.54245045661601,47.2326545360531],[-1.54245133831947,47.2325554328519],[-1.54236879791093,47.2320425743678],[-1.54251009700983,47.2318011286232],[-1.54268016816667,47.2318888948112],[-1.54304816561346,47.2313783494821],[-1.54322938279199,47.2312114820051],[-1.54381845922605,47.2314867214873],[-1.54453647499122,47.2319789999683],[-1.54477024277815,47.232423537861],[-1.54523101511962,47.232626888221],[-1.54547754352175,47.2326967661361],[-1.54622232267184,47.2329251362375],[-1.54673563406209,47.2323363774459],[-1.54706271501394,47.2320732600098],[-1.54773090162342,47.2323467126941],[-1.54826713031385,47.2325582348657],[-1.54826582140643,47.2325643517706],[-1.54826528350179,47.2325668537051],[-1.54822781819601,47.2327417599928],[-1.5482339717039,47.2331743260799],[-1.54824783894157,47.2332451019738],[-1.54832632820727,47.2336558665644],[-1.54836827752771,47.2341042492592],[-1.54848681023424,47.2345820257863],[-1.5485696969263,47.2349349081861],[-1.54866926390416,47.2352042770181],[-1.54869145324363,47.2352390231011],[-1.54869152122144,47.2352391375485],[-1.54872432554422,47.2352905106523],[-1.5487433812612,47.2353139922047],[-1.54871201307316,47.2353176724171],[-1.54779307141599,47.2354268105143],[-1.54778701290884,47.2354275315013],[-1.54778677640413,47.2354275660929],[-1.54712823449802,47.2355046175485],[-1.5471263010922,47.2355048436453],[-1.54582885463833,47.2352474416706],[-1.54347821034446,47.2349269218619],[-1.54347192721135,47.2349260629293],[-1.54301371662984,47.2348628615608],[-1.54235373465428,47.2347718268001],[-1.54127771667165,47.2346233963301],[-1.54136176713653,47.2345606741665],[-1.54147262983996,47.2344883166582],[-1.54171458352536,47.2341868330756],[-1.54210628414844,47.2337638511192],[-1.54258589673626,47.2333589873454],[-1.54268202833817,47.2330652852833]]],"type":"Polygon"},"properties":{"gid":"6115","idbureau":"1090263","commune":"Nantes","code_insee":"44109","numero_bureau":"263","lien_lieu_vote":"109007","nom":"Coudray","site":"Ecole Elementaire","num_canton":"2"}}]}