id,label,TF-IDF + Naive Bayes,TF-IDF + linear SVM,TF-IDF + logistic regression,TF-IDF + random forest,Embeddings + regression,Fine-tuned encoder
0,alarm_set,alarm_set,alarm_set,alarm_set,alarm_set,alarm_set,alarm_set
3,audio_volume_mute,audio_volume_mute,audio_volume_mute,audio_volume_mute,audio_volume_mute,audio_volume_mute,audio_volume_mute
8,iot_hue_lightchange,email_sendemail,lists_createoradd,qa_factoid,qa_factoid,iot_hue_lightchange,iot_hue_lightchange
14,iot_hue_lighton,qa_currency,iot_hue_lighton,qa_factoid,recommendation_movies,general_quirky,iot_hue_lighton
19,iot_hue_lightoff,iot_hue_lightoff,iot_hue_lightoff,iot_hue_lightoff,iot_hue_lightoff,iot_hue_lightoff,iot_hue_lightoff
27,iot_cleaning,play_music,play_music,play_music,play_music,general_quirky,general_quirky
31,iot_cleaning,email_querycontact,email_querycontact,email_querycontact,general_quirky,iot_cleaning,iot_cleaning
41,general_quirky,social_post,social_post,social_post,social_post,general_quirky,iot_hue_lightchange
46,general_greet,news_query,general_greet,general_greet,general_greet,general_quirky,general_greet
47,datetime_query,datetime_query,datetime_query,datetime_query,datetime_query,datetime_query,datetime_query
50,datetime_convert,datetime_query,datetime_query,datetime_convert,datetime_query,datetime_query,datetime_convert
59,alarm_remove,alarm_remove,alarm_remove,alarm_remove,alarm_remove,alarm_remove,alarm_remove
61,alarm_query,alarm_query,alarm_query,alarm_query,alarm_query,alarm_query,alarm_query
63,alarm_query,alarm_query,alarm_query,alarm_query,alarm_query,alarm_query,alarm_query
71,music_likeness,play_music,music_likeness,music_likeness,music_likeness,music_likeness,music_likeness
80,iot_hue_lightup,iot_hue_lightchange,iot_hue_lightup,iot_hue_lightup,iot_hue_lightdim,iot_hue_lightup,iot_hue_lightup
85,datetime_query,datetime_query,datetime_query,datetime_query,datetime_query,datetime_query,datetime_query
86,datetime_query,datetime_query,datetime_query,datetime_query,datetime_query,datetime_query,datetime_query
89,takeaway_order,takeaway_order,takeaway_order,takeaway_order,takeaway_order,takeaway_order,takeaway_order
100,weather_query,weather_query,weather_query,weather_query,weather_query,weather_query,weather_query
102,weather_query,weather_query,weather_query,weather_query,weather_query,weather_query,weather_query
103,weather_query,weather_query,weather_query,weather_query,weather_query,weather_query,weather_query
122,general_joke,email_sendemail,email_sendemail,email_sendemail,email_sendemail,general_joke,general_joke
124,general_joke,general_joke,general_joke,general_joke,general_joke,general_joke,general_joke
128,datetime_query,datetime_query,datetime_query,datetime_query,datetime_query,datetime_query,datetime_query
132,takeaway_order,takeaway_order,takeaway_order,takeaway_order,takeaway_order,takeaway_order,takeaway_order
150,music_likeness,music_likeness,music_likeness,music_likeness,music_dislikeness,music_likeness,music_likeness
151,play_music,play_music,play_audiobook,play_audiobook,play_music,play_audiobook,play_audiobook
158,iot_hue_lightdim,iot_hue_lightdim,iot_hue_lightdim,iot_hue_lightdim,iot_hue_lightdim,iot_hue_lightdim,iot_hue_lightdim
168,takeaway_query,takeaway_query,takeaway_query,takeaway_query,takeaway_query,takeaway_query,takeaway_query
169,takeaway_query,takeaway_query,takeaway_query,takeaway_query,takeaway_query,takeaway_query,takeaway_query
170,takeaway_query,takeaway_query,takeaway_query,takeaway_query,takeaway_query,takeaway_query,takeaway_query
171,takeaway_query,takeaway_query,takeaway_query,takeaway_query,takeaway_query,takeaway_query,takeaway_query
174,alarm_set,alarm_set,alarm_set,alarm_set,alarm_set,alarm_set,alarm_set
177,news_query,news_query,news_query,news_query,news_query,news_query,news_query
178,news_query,news_query,news_query,news_query,news_query,news_query,news_query
182,play_music,play_music,play_music,play_music,play_music,play_music,play_music
185,play_music,play_music,play_music,play_music,play_music,play_music,play_music
189,audio_volume_mute,audio_volume_mute,audio_volume_mute,audio_volume_mute,audio_volume_mute,audio_volume_mute,audio_volume_mute
197,datetime_query,datetime_query,datetime_query,datetime_query,datetime_query,datetime_query,datetime_query
201,alarm_remove,alarm_remove,alarm_remove,alarm_remove,alarm_set,alarm_remove,alarm_remove
216,weather_query,weather_query,weather_query,weather_query,weather_query,weather_query,weather_query
219,weather_query,weather_query,weather_query,weather_query,weather_query,weather_query,weather_query
220,play_music,play_music,play_music,play_music,play_music,play_music,play_music
250,play_music,general_quirky,general_quirky,general_quirky,general_quirky,music_likeness,play_music
254,play_music,play_music,play_music,play_music,play_music,play_music,play_music
258,audio_volume_up,audio_volume_up,audio_volume_up,audio_volume_up,audio_volume_up,audio_volume_up,audio_volume_mute
261,audio_volume_up,audio_volume_up,audio_volume_up,audio_volume_up,audio_volume_up,audio_volume_up,audio_volume_up
263,iot_hue_lightchange,iot_hue_lightchange,iot_hue_lightchange,iot_hue_lightchange,iot_hue_lightchange,iot_hue_lightchange,iot_hue_lightchange
279,weather_query,weather_query,weather_query,weather_query,weather_query,weather_query,weather_query
281,news_query,qa_currency,qa_currency,qa_currency,qa_currency,qa_currency,qa_currency
286,iot_hue_lighton,iot_hue_lightoff,iot_hue_lightup,iot_hue_lightup,iot_hue_lightdim,iot_hue_lightup,iot_hue_lightup
290,iot_cleaning,iot_cleaning,iot_cleaning,iot_cleaning,iot_cleaning,iot_cleaning,iot_cleaning
292,iot_cleaning,iot_cleaning,iot_cleaning,iot_cleaning,iot_cleaning,iot_cleaning,iot_cleaning
296,play_music,play_music,play_music,play_music,play_music,play_music,play_music
297,play_music,play_music,play_music,play_music,play_music,music_settings,music_settings
299,weather_query,weather_query,weather_query,weather_query,weather_query,weather_query,weather_query
310,datetime_query,datetime_query,datetime_query,datetime_query,datetime_query,datetime_query,datetime_query
315,audio_volume_mute,audio_volume_mute,audio_volume_mute,audio_volume_mute,audio_volume_mute,audio_volume_mute,audio_volume_mute
317,audio_volume_mute,audio_volume_mute,audio_volume_mute,audio_volume_mute,general_quirky,audio_volume_mute,audio_volume_mute
319,weather_query,weather_query,weather_query,weather_query,weather_query,weather_query,weather_query
321,iot_wemo_off,alarm_remove,alarm_remove,alarm_remove,music_likeness,iot_wemo_off,alarm_remove
322,iot_wemo_on,iot_wemo_on,iot_wemo_on,iot_wemo_on,iot_wemo_on,iot_wemo_on,iot_wemo_on
329,play_music,qa_factoid,qa_factoid,general_quirky,general_quirky,qa_factoid,general_quirky
333,weather_query,weather_query,weather_query,weather_query,weather_query,weather_query,weather_query
334,weather_query,weather_query,weather_query,weather_query,weather_query,weather_query,weather_query
344,weather_query,weather_query,weather_query,weather_query,weather_query,weather_query,weather_query
348,weather_query,weather_query,weather_query,weather_query,weather_query,weather_query,weather_query
355,datetime_query,datetime_query,datetime_query,datetime_query,datetime_query,datetime_query,datetime_query
360,datetime_query,datetime_query,datetime_query,datetime_query,datetime_query,datetime_query,datetime_query
362,play_music,play_music,play_music,play_music,play_music,play_music,play_music
366,news_query,news_query,news_query,news_query,news_query,news_query,news_query
369,iot_hue_lightoff,iot_hue_lightoff,iot_hue_lightoff,iot_hue_lightoff,iot_hue_lightoff,iot_hue_lightoff,iot_hue_lightoff
379,music_likeness,general_quirky,general_quirky,general_quirky,play_music,music_likeness,music_likeness
385,news_query,datetime_query,qa_factoid,qa_factoid,datetime_query,news_query,news_query
389,iot_wemo_on,iot_wemo_off,iot_wemo_on,iot_wemo_on,iot_wemo_on,iot_wemo_on,iot_wemo_on
391,play_music,play_music,play_music,play_music,play_music,play_music,play_music
393,play_music,play_music,play_music,play_music,play_music,play_music,play_music
397,play_music,play_music,play_music,play_music,play_music,play_music,play_music
399,alarm_remove,calendar_remove,alarm_remove,alarm_remove,alarm_remove,alarm_remove,alarm_remove
400,play_music,play_music,play_music,play_music,play_music,play_music,play_game
407,play_music,play_music,play_music,play_music,play_music,play_music,play_music
411,general_joke,general_quirky,general_joke,general_joke,general_joke,general_joke,general_joke
412,general_joke,general_joke,general_joke,general_joke,general_joke,general_joke,general_joke
424,news_query,news_query,news_query,news_query,news_query,news_query,news_query
426,iot_wemo_on,iot_wemo_off,iot_wemo_off,iot_wemo_off,iot_wemo_off,iot_wemo_on,iot_wemo_on
427,iot_hue_lightoff,iot_hue_lightoff,iot_hue_lightoff,iot_hue_lightoff,iot_hue_lightoff,iot_hue_lightoff,iot_hue_lightoff
428,iot_hue_lightoff,iot_hue_lightoff,iot_hue_lightoff,iot_hue_lightoff,iot_hue_lightoff,iot_hue_lightoff,iot_hue_lightoff
430,weather_query,weather_query,weather_query,weather_query,weather_query,weather_query,weather_query
437,play_music,play_music,play_music,play_music,play_radio,play_audiobook,email_query
441,news_query,news_query,news_query,news_query,news_query,news_query,news_query
442,news_query,news_query,news_query,news_query,news_query,news_query,news_query
443,audio_volume_up,audio_volume_up,audio_volume_up,audio_volume_up,audio_volume_up,audio_volume_up,audio_volume_up
448,iot_coffee,iot_coffee,iot_coffee,iot_coffee,iot_coffee,iot_coffee,iot_coffee
451,news_query,qa_stock,qa_stock,qa_stock,qa_stock,qa_stock,qa_stock
456,iot_hue_lightchange,iot_hue_lightchange,iot_hue_lightchange,iot_hue_lightchange,iot_hue_lightchange,iot_hue_lightchange,iot_hue_lightchange
468,iot_hue_lightdim,iot_hue_lightchange,iot_hue_lightdim,iot_hue_lightdim,iot_hue_lightchange,iot_hue_lightchange,iot_hue_lightdim
473,play_music,play_music,play_music,play_music,play_audiobook,play_music,play_music
475,general_quirky,general_quirky,general_quirky,general_quirky,general_quirky,general_quirky,general_quirky
484,music_query,music_query,music_query,music_query,music_query,music_query,music_query
486,datetime_query,datetime_query,datetime_query,datetime_query,datetime_query,datetime_query,datetime_query
491,weather_query,weather_query,weather_query,weather_query,weather_query,weather_query,weather_query
494,general_joke,general_joke,general_joke,general_joke,general_joke,general_joke,general_joke
506,play_music,play_music,play_music,play_music,play_music,play_music,play_music
508,alarm_query,alarm_query,alarm_query,alarm_query,alarm_query,alarm_query,alarm_query
512,weather_query,play_music,play_music,audio_volume_mute,audio_volume_mute,general_quirky,play_music
525,takeaway_query,takeaway_query,takeaway_order,takeaway_order,takeaway_order,takeaway_order,takeaway_query
527,general_joke,general_joke,general_joke,general_joke,general_joke,general_joke,general_joke
533,alarm_set,alarm_set,alarm_set,alarm_set,alarm_set,alarm_set,alarm_set
540,play_music,play_music,play_music,play_music,play_music,play_music,play_music
555,play_music,play_music,play_music,play_music,play_music,play_music,play_music
560,alarm_remove,alarm_remove,alarm_remove,alarm_remove,alarm_remove,alarm_remove,alarm_remove
564,iot_hue_lightchange,iot_hue_lightchange,iot_hue_lightchange,iot_hue_lightchange,iot_hue_lightchange,iot_hue_lightchange,iot_hue_lightchange
576,play_music,play_music,play_music,play_music,play_music,play_music,play_music
585,news_query,news_query,news_query,news_query,news_query,news_query,news_query
588,news_query,news_query,news_query,news_query,news_query,news_query,news_query
590,weather_query,weather_query,weather_query,weather_query,weather_query,weather_query,weather_query
608,audio_volume_up,audio_volume_up,audio_volume_up,audio_volume_up,audio_volume_up,audio_volume_mute,audio_volume_up
612,alarm_set,alarm_set,alarm_set,alarm_set,alarm_set,alarm_set,alarm_set
614,play_music,play_music,play_music,play_music,play_music,play_music,play_music
625,play_music,play_music,play_radio,play_radio,play_radio,play_radio,play_radio
631,news_query,news_query,news_query,news_query,news_query,news_query,news_query
635,iot_cleaning,iot_cleaning,iot_cleaning,iot_cleaning,iot_cleaning,iot_cleaning,iot_cleaning
651,iot_hue_lightoff,iot_hue_lightoff,iot_hue_lightoff,iot_hue_lightoff,iot_hue_lightoff,iot_hue_lightoff,iot_hue_lightoff
660,datetime_query,datetime_query,datetime_query,datetime_query,datetime_query,datetime_query,datetime_query
665,iot_hue_lightdim,iot_hue_lightdim,iot_hue_lightdim,iot_hue_lightdim,iot_hue_lightdim,iot_hue_lightdim,iot_hue_lightdim
668,takeaway_order,takeaway_order,takeaway_order,takeaway_order,takeaway_order,takeaway_order,takeaway_order
680,news_query,news_query,news_query,general_quirky,qa_stock,qa_stock,qa_stock
686,datetime_query,datetime_query,datetime_query,datetime_query,datetime_query,datetime_query,datetime_query
702,iot_hue_lightdim,iot_hue_lightoff,iot_hue_lightdim,iot_hue_lightdim,iot_hue_lightdim,iot_hue_lightdim,iot_hue_lightdim
712,news_query,news_query,news_query,news_query,news_query,news_query,news_query
726,weather_query,weather_query,weather_query,weather_query,weather_query,general_quirky,weather_query
730,iot_hue_lightoff,iot_hue_lightoff,iot_hue_lightoff,iot_hue_lightoff,iot_hue_lightoff,iot_hue_lightoff,iot_hue_lightoff
738,weather_query,weather_query,weather_query,weather_query,weather_query,weather_query,weather_query
751,audio_volume_mute,audio_volume_mute,audio_volume_mute,audio_volume_mute,general_quirky,audio_volume_mute,audio_volume_mute
761,music_query,general_quirky,music_query,music_likeness,music_likeness,music_query,music_query
764,weather_query,weather_query,weather_query,weather_query,weather_query,weather_query,weather_query
765,news_query,news_query,news_query,news_query,news_query,news_query,news_query
767,news_query,news_query,news_query,news_query,news_query,news_query,news_query
768,news_query,news_query,news_query,news_query,news_query,news_query,news_query
779,play_music,play_radio,weather_query,play_music,play_music,play_music,play_music
781,play_music,play_music,play_music,play_music,play_music,play_music,play_music
782,play_music,play_music,play_music,play_music,play_music,play_music,play_music
783,play_music,play_music,play_music,play_music,play_music,play_music,play_music
790,weather_query,weather_query,weather_query,weather_query,weather_query,weather_query,weather_query
796,alarm_query,alarm_query,alarm_query,alarm_query,alarm_remove,alarm_query,alarm_query
804,audio_volume_mute,audio_volume_mute,audio_volume_mute,audio_volume_mute,audio_volume_mute,audio_volume_mute,audio_volume_mute
826,weather_query,weather_query,weather_query,weather_query,weather_query,weather_query,weather_query
827,play_music,play_music,play_music,play_music,play_music,play_music,play_music
832,weather_query,weather_query,weather_query,weather_query,weather_query,weather_query,weather_query
837,news_query,calendar_query,calendar_query,calendar_query,calendar_query,news_query,news_query
843,iot_cleaning,iot_cleaning,iot_cleaning,iot_cleaning,iot_cleaning,iot_cleaning,iot_cleaning
861,alarm_query,alarm_query,alarm_query,alarm_query,alarm_query,alarm_set,alarm_query
862,alarm_query,alarm_remove,alarm_remove,alarm_remove,alarm_remove,alarm_query,alarm_set
864,iot_cleaning,iot_cleaning,iot_cleaning,iot_cleaning,iot_cleaning,iot_cleaning,iot_cleaning
870,music_likeness,music_likeness,music_likeness,music_likeness,music_likeness,music_likeness,music_likeness
884,alarm_set,alarm_set,alarm_set,alarm_set,alarm_set,alarm_set,alarm_set
891,play_music,play_music,play_music,play_music,play_music,play_music,play_music
897,iot_hue_lightchange,iot_hue_lightchange,iot_hue_lightchange,iot_hue_lightchange,iot_hue_lightchange,iot_hue_lightchange,iot_hue_lightchange
914,iot_hue_lightoff,iot_hue_lightoff,iot_hue_lightoff,iot_hue_lightoff,iot_hue_lightoff,iot_hue_lightoff,iot_hue_lightoff
920,alarm_remove,alarm_remove,alarm_remove,alarm_remove,alarm_remove,alarm_remove,alarm_remove
931,music_likeness,music_likeness,music_likeness,music_likeness,music_likeness,music_likeness,music_likeness
936,play_music,play_music,play_music,play_music,play_music,play_music,play_music
939,alarm_set,alarm_set,alarm_set,alarm_set,alarm_set,alarm_set,alarm_set
940,alarm_set,alarm_remove,alarm_remove,alarm_remove,alarm_remove,alarm_set,alarm_set
944,datetime_convert,datetime_convert,datetime_convert,datetime_convert,datetime_convert,datetime_convert,datetime_convert
951,weather_query,weather_query,weather_query,weather_query,weather_query,weather_query,weather_query
962,iot_hue_lightup,iot_hue_lightup,iot_hue_lightup,iot_hue_lightup,iot_hue_lightup,iot_hue_lightup,iot_hue_lightup
964,iot_hue_lightdim,iot_hue_lightoff,iot_hue_lightoff,iot_hue_lightoff,iot_hue_lightup,iot_hue_lightup,iot_hue_lightdim
967,takeaway_query,takeaway_query,takeaway_query,takeaway_query,takeaway_query,takeaway_query,takeaway_query
969,news_query,news_query,news_query,news_query,news_query,news_query,news_query
974,datetime_query,datetime_query,datetime_query,datetime_query,datetime_query,datetime_query,datetime_query
997,iot_hue_lightoff,iot_hue_lightoff,iot_hue_lightoff,iot_hue_lightoff,iot_hue_lightoff,iot_hue_lightoff,iot_hue_lightoff
999,iot_hue_lightoff,iot_hue_lightoff,iot_hue_lightoff,iot_hue_lightoff,iot_hue_lightoff,iot_hue_lightoff,iot_hue_lightoff
1007,play_music,play_music,play_music,play_music,play_music,play_music,play_music
1014,datetime_query,datetime_query,datetime_query,datetime_query,datetime_query,datetime_query,datetime_query
1030,iot_hue_lightdim,iot_hue_lightdim,iot_hue_lightdim,iot_hue_lightdim,iot_hue_lightdim,iot_hue_lightdim,iot_hue_lightdim
1042,takeaway_order,play_music,news_query,news_query,general_quirky,qa_factoid,lists_query
1043,takeaway_order,recommendation_locations,recommendation_locations,recommendation_locations,takeaway_query,takeaway_order,takeaway_order
1047,play_music,play_music,play_music,play_music,play_music,play_music,play_music
1048,audio_volume_down,audio_volume_down,audio_volume_down,audio_volume_down,audio_volume_down,audio_volume_down,audio_volume_down
1059,iot_cleaning,iot_cleaning,iot_cleaning,iot_cleaning,iot_cleaning,iot_cleaning,iot_cleaning
1061,news_query,news_query,news_query,news_query,news_query,news_query,news_query
1063,news_query,news_query,news_query,news_query,news_query,news_query,news_query
1065,audio_volume_other,qa_factoid,qa_factoid,qa_factoid,qa_factoid,audio_volume_other,audio_volume_other
1071,iot_hue_lightup,iot_hue_lightup,iot_hue_lightup,iot_hue_lightup,iot_hue_lightdim,iot_hue_lightup,iot_hue_lightup
1072,iot_hue_lightup,iot_hue_lightup,iot_hue_lightup,iot_hue_lightup,iot_hue_lightup,iot_hue_lightup,iot_hue_lightup
1076,music_dislikeness,play_music,music_dislikeness,play_music,play_music,play_music,play_music
1084,news_query,iot_hue_lightchange,iot_hue_lightchange,general_quirky,general_quirky,general_quirky,general_quirky
1090,iot_hue_lightup,iot_hue_lightup,iot_hue_lightup,iot_hue_lightup,iot_hue_lightup,iot_hue_lightup,iot_hue_lightup
1093,news_query,social_post,social_post,social_post,social_post,news_query,news_query
1098,datetime_query,datetime_query,datetime_query,datetime_query,datetime_query,datetime_query,datetime_query
1108,play_music,play_music,play_music,play_music,play_music,play_music,play_music
1115,play_music,play_music,play_music,play_music,play_music,play_music,play_music
1120,news_query,recommendation_events,recommendation_events,recommendation_events,recommendation_locations,news_query,qa_factoid
1121,play_music,play_music,play_music,play_music,play_music,play_music,play_music
1123,play_music,play_music,play_music,play_music,play_music,play_music,play_music
1124,play_music,play_podcasts,play_podcasts,play_music,play_music,play_music,play_music
1127,play_music,play_music,play_music,play_music,play_music,play_music,play_music
1144,play_music,play_music,play_music,play_music,iot_hue_lightchange,play_music,play_music
1148,datetime_query,datetime_query,datetime_query,datetime_query,datetime_query,datetime_query,datetime_query
1151,iot_cleaning,iot_cleaning,iot_cleaning,iot_cleaning,iot_cleaning,iot_cleaning,iot_cleaning
1156,news_query,news_query,news_query,news_query,news_query,news_query,news_query
1158,general_joke,general_joke,general_joke,general_joke,general_joke,general_joke,general_joke
1160,weather_query,weather_query,weather_query,weather_query,weather_query,weather_query,weather_query
1176,music_query,music_query,music_query,music_query,music_query,music_query,music_query
1180,news_query,news_query,news_query,news_query,general_quirky,news_query,news_query
1191,datetime_convert,datetime_query,datetime_convert,datetime_convert,datetime_query,datetime_convert,datetime_convert
1202,datetime_query,datetime_query,datetime_query,datetime_query,datetime_query,datetime_query,datetime_query
1205,alarm_remove,alarm_set,alarm_remove,alarm_remove,alarm_set,alarm_remove,alarm_remove
1217,iot_hue_lightchange,iot_hue_lightchange,iot_hue_lightchange,iot_hue_lightchange,iot_hue_lightchange,iot_hue_lightchange,iot_hue_lightchange
1238,play_music,play_radio,play_radio,play_radio,general_quirky,play_radio,play_radio
1247,takeaway_query,general_quirky,takeaway_query,takeaway_query,general_quirky,takeaway_query,takeaway_query
1249,weather_query,weather_query,weather_query,weather_query,weather_query,weather_query,weather_query
1252,datetime_query,datetime_query,datetime_query,datetime_query,datetime_query,datetime_query,datetime_query
1256,general_joke,general_joke,general_joke,general_joke,general_joke,general_joke,general_joke
1264,alarm_query,alarm_query,alarm_query,alarm_query,alarm_query,alarm_query,alarm_query
1266,datetime_convert,datetime_query,datetime_convert,datetime_convert,datetime_query,datetime_query,datetime_convert
1276,iot_coffee,iot_coffee,iot_coffee,iot_coffee,iot_coffee,iot_coffee,iot_coffee
1294,news_query,news_query,news_query,news_query,news_query,news_query,news_query
1300,audio_volume_up,social_post,recommendation_movies,social_post,general_quirky,general_quirky,calendar_set
1301,news_query,news_query,news_query,news_query,news_query,news_query,news_query
1308,weather_query,weather_query,weather_query,weather_query,weather_query,weather_query,weather_query
1318,play_music,play_music,play_music,play_music,play_music,play_music,play_music
1336,music_likeness,play_music,music_likeness,music_likeness,play_music,play_music,music_likeness
1351,weather_query,weather_query,weather_query,weather_query,weather_query,weather_query,weather_query
1352,audio_volume_down,audio_volume_down,audio_volume_up,audio_volume_up,audio_volume_down,audio_volume_down,audio_volume_down
1360,iot_hue_lightup,iot_hue_lightup,iot_hue_lightup,iot_hue_lightup,iot_hue_lightup,iot_hue_lightup,iot_hue_lightup
1371,news_query,news_query,datetime_query,datetime_query,calendar_query,news_query,news_query
1372,general_joke,general_joke,general_joke,general_joke,general_joke,general_joke,general_joke
1374,audio_volume_up,audio_volume_up,audio_volume_up,audio_volume_up,audio_volume_up,audio_volume_up,audio_volume_up
1377,iot_hue_lightoff,iot_hue_lightoff,iot_hue_lightoff,iot_hue_lightoff,iot_hue_lightoff,iot_hue_lightoff,iot_hue_lightoff
1379,takeaway_query,takeaway_query,takeaway_query,takeaway_query,takeaway_query,takeaway_query,takeaway_query
1400,weather_query,calendar_set,weather_query,weather_query,weather_query,general_quirky,weather_query
1401,weather_query,calendar_set,weather_query,weather_query,weather_query,general_quirky,weather_query
1404,weather_query,weather_query,weather_query,weather_query,weather_query,weather_query,weather_query
1413,iot_coffee,iot_coffee,iot_coffee,iot_coffee,iot_coffee,iot_coffee,iot_coffee
1423,news_query,news_query,news_query,news_query,qa_factoid,qa_factoid,news_query
1425,news_query,news_query,calendar_set,calendar_set,calendar_set,news_query,general_quirky
1427,iot_hue_lightchange,iot_hue_lightchange,iot_hue_lightchange,iot_hue_lightchange,iot_hue_lightchange,iot_hue_lightchange,iot_hue_lightchange
1428,iot_hue_lightchange,iot_hue_lightchange,iot_hue_lightchange,iot_hue_lightchange,play_music,iot_hue_lightchange,iot_hue_lightchange
1440,play_music,play_music,play_music,play_music,play_music,play_music,play_music
1449,datetime_query,datetime_query,datetime_query,calendar_query,calendar_query,datetime_query,datetime_query
1452,alarm_remove,alarm_remove,alarm_remove,alarm_remove,alarm_remove,alarm_remove,alarm_remove
1454,alarm_remove,alarm_set,alarm_set,alarm_set,alarm_set,alarm_set,alarm_remove
1458,weather_query,weather_query,weather_query,weather_query,weather_query,weather_query,weather_query
1467,play_music,play_music,play_music,play_music,play_music,play_music,play_music
1474,news_query,news_query,news_query,news_query,news_query,news_query,news_query
1483,alarm_query,alarm_query,alarm_query,alarm_query,alarm_query,alarm_query,alarm_query
1489,play_music,play_music,play_music,play_music,play_music,play_music,play_music
1509,audio_volume_mute,audio_volume_mute,audio_volume_mute,audio_volume_mute,alarm_remove,audio_volume_mute,alarm_remove
1510,audio_volume_mute,audio_volume_mute,audio_volume_mute,audio_volume_mute,audio_volume_mute,audio_volume_mute,audio_volume_mute
1511,iot_hue_lightchange,lists_query,iot_hue_lightchange,iot_hue_lightchange,iot_hue_lightdim,iot_hue_lightchange,iot_hue_lightchange
1513,weather_query,weather_query,weather_query,weather_query,weather_query,weather_query,weather_query
1516,takeaway_order,takeaway_order,takeaway_order,takeaway_order,takeaway_order,takeaway_order,takeaway_order
1527,music_likeness,calendar_set,calendar_set,calendar_set,calendar_set,calendar_set,music_likeness
1533,news_query,news_query,news_query,news_query,news_query,news_query,news_query
1537,datetime_query,datetime_query,datetime_query,datetime_query,datetime_query,datetime_query,datetime_query
1542,weather_query,weather_query,weather_query,weather_query,weather_query,weather_query,weather_query
1546,play_music,play_music,play_music,play_music,play_music,play_music,play_music
1547,weather_query,weather_query,weather_query,weather_query,weather_query,weather_query,weather_query
1549,weather_query,weather_query,weather_query,weather_query,weather_query,weather_query,weather_query
1551,iot_wemo_on,iot_wemo_on,iot_wemo_on,iot_wemo_on,iot_wemo_on,iot_wemo_on,iot_wemo_on
1554,iot_hue_lightoff,iot_hue_lightoff,iot_hue_lightoff,iot_wemo_off,iot_wemo_off,iot_hue_lightoff,iot_hue_lightoff
1575,iot_cleaning,iot_cleaning,iot_cleaning,iot_cleaning,iot_cleaning,iot_cleaning,iot_cleaning
1579,general_joke,general_quirky,general_joke,general_joke,general_joke,general_joke,general_joke
1581,datetime_query,datetime_query,datetime_query,datetime_query,datetime_query,datetime_query,datetime_query
1589,weather_query,weather_query,weather_query,weather_query,weather_query,weather_query,weather_query
1593,news_query,news_query,news_query,news_query,news_query,news_query,news_query
1594,news_query,news_query,news_query,news_query,news_query,news_query,news_query
1607,datetime_query,datetime_query,datetime_query,datetime_query,datetime_query,datetime_query,datetime_query
1617,news_query,news_query,news_query,news_query,news_query,news_query,news_query
1622,music_query,music_query,music_query,music_query,music_query,music_query,music_query
1630,audio_volume_up,audio_volume_up,audio_volume_up,audio_volume_up,audio_volume_up,audio_volume_up,audio_volume_up
1635,alarm_query,alarm_query,alarm_query,alarm_query,alarm_query,alarm_query,alarm_query
1636,news_query,news_query,news_query,news_query,news_query,news_query,news_query
1639,audio_volume_down,audio_volume_down,audio_volume_down,audio_volume_down,audio_volume_down,audio_volume_down,audio_volume_down
1640,audio_volume_up,audio_volume_up,audio_volume_up,audio_volume_up,audio_volume_up,audio_volume_up,audio_volume_up
1646,alarm_query,alarm_query,alarm_query,alarm_query,alarm_query,alarm_query,alarm_query
1653,weather_query,weather_query,weather_query,weather_query,weather_query,weather_query,weather_query
1655,weather_query,weather_query,weather_query,weather_query,weather_query,weather_query,weather_query
1658,alarm_query,alarm_query,alarm_query,alarm_query,alarm_query,alarm_query,alarm_query
1666,news_query,news_query,news_query,news_query,news_query,news_query,news_query
1671,play_music,play_music,play_music,play_music,play_music,play_music,play_music
1675,alarm_remove,alarm_set,alarm_remove,alarm_remove,alarm_remove,alarm_remove,alarm_remove
1677,music_query,music_query,music_query,music_query,music_query,music_query,music_query
1683,weather_query,weather_query,weather_query,weather_query,weather_query,weather_query,weather_query
1684,weather_query,weather_query,weather_query,weather_query,weather_query,weather_query,weather_query
1692,play_music,play_music,play_music,play_music,play_music,play_music,play_music
1703,iot_cleaning,iot_cleaning,iot_cleaning,iot_cleaning,iot_cleaning,iot_cleaning,iot_cleaning
1710,music_settings,play_music,play_music,play_music,play_music,music_settings,play_music
1715,audio_volume_down,audio_volume_up,audio_volume_down,audio_volume_down,audio_volume_down,audio_volume_down,audio_volume_down
1719,alarm_set,alarm_set,alarm_set,alarm_set,alarm_set,alarm_set,alarm_set
1722,weather_query,datetime_query,weather_query,weather_query,weather_query,weather_query,weather_query
1741,music_query,music_query,music_query,music_query,music_query,music_query,music_query
1744,music_likeness,general_quirky,general_quirky,general_quirky,general_quirky,general_quirky,general_quirky
1745,music_likeness,music_likeness,music_likeness,music_likeness,music_likeness,music_likeness,music_likeness
1750,iot_hue_lightoff,iot_hue_lightoff,iot_hue_lightoff,iot_hue_lightoff,iot_hue_lightoff,iot_hue_lightoff,iot_hue_lightoff
1756,iot_hue_lightup,iot_hue_lightup,iot_hue_lightup,iot_hue_lightup,iot_hue_lightup,iot_hue_lightup,iot_hue_lightup
1759,news_query,news_query,news_query,news_query,news_query,news_query,news_query
1760,news_query,news_query,news_query,news_query,news_query,news_query,news_query
1774,alarm_remove,iot_hue_lightoff,alarm_remove,alarm_remove,alarm_remove,alarm_remove,alarm_remove
1777,play_music,play_music,play_music,play_music,play_music,play_music,play_music
1778,iot_hue_lightdim,iot_hue_lightdim,iot_hue_lightdim,iot_hue_lightdim,iot_hue_lightdim,iot_hue_lightdim,iot_hue_lightdim
1784,iot_hue_lightoff,iot_hue_lightoff,iot_hue_lightoff,iot_hue_lightoff,iot_hue_lightoff,iot_hue_lightoff,iot_hue_lightoff
1786,iot_hue_lightoff,iot_hue_lightoff,iot_hue_lightoff,iot_hue_lightoff,iot_hue_lightoff,iot_hue_lightoff,iot_hue_lightoff
1794,news_query,qa_factoid,news_query,news_query,news_query,news_query,qa_factoid
1796,datetime_query,datetime_query,datetime_query,datetime_query,datetime_query,datetime_query,datetime_query
1803,news_query,recommendation_events,recommendation_events,recommendation_events,news_query,recommendation_events,calendar_query
1804,iot_hue_lightup,iot_hue_lightup,iot_hue_lightup,iot_hue_lightup,iot_hue_lightchange,iot_hue_lightup,iot_hue_lightup
1807,music_query,play_music,play_music,music_likeness,music_likeness,music_query,music_query
1808,music_query,play_music,email_querycontact,general_quirky,general_quirky,music_query,play_audiobook
1811,play_music,play_music,play_music,play_music,play_music,play_music,play_music
1812,iot_coffee,iot_coffee,iot_coffee,iot_coffee,iot_coffee,iot_coffee,iot_coffee
1830,takeaway_order,general_quirky,takeaway_order,takeaway_order,takeaway_order,cooking_recipe,takeaway_order
1831,takeaway_order,takeaway_order,takeaway_order,takeaway_order,takeaway_order,takeaway_order,takeaway_order
1832,play_music,play_music,play_music,play_music,play_music,play_music,play_music
1833,play_music,play_music,play_music,play_music,play_music,play_music,play_music
1862,alarm_query,alarm_query,alarm_query,alarm_query,alarm_query,alarm_query,alarm_query
1866,weather_query,weather_query,weather_query,weather_query,weather_query,weather_query,weather_query
1870,datetime_query,datetime_query,datetime_query,datetime_query,datetime_query,datetime_query,datetime_query
1872,music_likeness,music_likeness,music_likeness,music_likeness,music_likeness,music_likeness,music_likeness
1874,music_likeness,play_music,music_likeness,lists_createoradd,lists_createoradd,play_music,lists_createoradd
1904,news_query,news_query,news_query,news_query,news_query,news_query,news_query
1913,alarm_set,alarm_set,alarm_set,alarm_set,alarm_set,alarm_set,alarm_set
1924,iot_cleaning,iot_cleaning,iot_cleaning,iot_cleaning,iot_cleaning,iot_cleaning,iot_cleaning
1933,weather_query,weather_query,weather_query,weather_query,weather_query,weather_query,weather_query
1940,play_music,play_music,play_music,play_music,play_music,play_music,play_music
1941,iot_cleaning,calendar_remove,calendar_remove,calendar_remove,calendar_remove,general_quirky,iot_cleaning
1960,iot_hue_lightchange,iot_hue_lightchange,iot_hue_lightchange,iot_hue_lightchange,iot_hue_lightchange,iot_hue_lightchange,iot_hue_lightchange
1962,play_music,play_music,play_music,play_music,play_music,play_music,play_music
1982,alarm_set,alarm_set,alarm_set,alarm_set,alarm_set,alarm_set,alarm_set
1993,iot_hue_lightup,iot_hue_lightup,iot_hue_lightup,iot_hue_lightup,iot_hue_lightup,iot_hue_lightup,iot_hue_lightup
1994,play_music,play_music,play_music,play_music,play_music,play_music,play_radio
1995,play_music,play_music,play_music,play_music,play_music,play_music,play_music
2007,play_music,play_music,play_music,play_music,play_music,play_music,play_music
2016,iot_hue_lightdim,iot_hue_lightdim,iot_hue_lightdim,iot_hue_lightdim,iot_hue_lightdim,iot_hue_lightdim,iot_hue_lightdim
2026,iot_coffee,iot_coffee,iot_coffee,iot_coffee,iot_coffee,iot_coffee,iot_coffee
2030,music_query,music_query,music_query,music_query,music_query,music_query,music_query
2035,takeaway_query,takeaway_query,takeaway_query,takeaway_query,takeaway_query,takeaway_query,takeaway_query
2056,music_dislikeness,play_music,play_music,play_music,play_music,music_dislikeness,music_dislikeness
2057,music_likeness,play_music,music_likeness,music_likeness,play_music,lists_createoradd,music_likeness
2062,play_music,play_music,play_music,play_music,play_music,play_music,play_music
2075,iot_hue_lightup,iot_hue_lightup,iot_hue_lightup,iot_hue_lightup,iot_hue_lightup,iot_hue_lightup,iot_hue_lightup
2082,iot_hue_lightup,iot_hue_lightup,iot_hue_lightup,iot_hue_lightup,iot_hue_lightup,iot_hue_lightup,iot_hue_lightup
2085,play_music,play_music,play_music,play_music,play_music,play_music,play_music
2093,music_query,music_query,music_query,music_query,play_music,music_query,music_query
2094,music_query,music_query,music_query,music_query,music_query,music_query,music_query
2098,news_query,news_query,news_query,news_query,news_query,news_query,news_query
2108,play_music,play_music,play_music,play_music,play_music,play_music,play_music
2113,recommendation_events,calendar_query,recommendation_events,recommendation_events,calendar_query,news_query,recommendation_events
2128,iot_hue_lightdim,iot_hue_lightchange,iot_hue_lightchange,iot_hue_lightchange,iot_hue_lightchange,iot_hue_lightdim,iot_hue_lightdim
2134,alarm_set,alarm_set,alarm_set,alarm_set,general_quirky,alarm_set,general_quirky
2146,datetime_query,datetime_query,datetime_query,datetime_query,datetime_query,datetime_query,datetime_query
2156,datetime_query,datetime_query,datetime_query,datetime_query,datetime_query,datetime_query,datetime_query
2160,iot_hue_lightoff,weather_query,iot_hue_lightoff,weather_query,weather_query,general_quirky,general_quirky
2163,takeaway_query,takeaway_query,takeaway_order,takeaway_order,takeaway_order,takeaway_query,takeaway_query
2164,takeaway_query,general_quirky,general_quirky,general_quirky,qa_factoid,calendar_query,cooking_recipe
2165,takeaway_query,general_quirky,news_query,general_quirky,qa_factoid,takeaway_query,cooking_recipe
2166,alarm_set,alarm_set,alarm_set,alarm_set,alarm_set,alarm_set,alarm_set
2167,alarm_set,transport_taxi,alarm_set,alarm_set,general_quirky,alarm_set,alarm_set
2168,alarm_remove,alarm_remove,alarm_remove,alarm_remove,alarm_remove,alarm_remove,alarm_remove
2174,music_query,music_query,music_query,qa_factoid,qa_factoid,qa_factoid,qa_factoid
2178,weather_query,weather_query,weather_query,weather_query,weather_query,weather_query,weather_query
2198,datetime_query,datetime_query,datetime_query,datetime_query,datetime_query,datetime_query,datetime_query
2201,news_query,news_query,news_query,news_query,news_query,news_query,news_query
2203,news_query,news_query,news_query,news_query,news_query,news_query,news_query
2205,audio_volume_mute,audio_volume_mute,audio_volume_mute,audio_volume_mute,audio_volume_mute,audio_volume_mute,audio_volume_mute
2206,audio_volume_mute,datetime_query,audio_volume_mute,audio_volume_mute,audio_volume_mute,audio_volume_mute,audio_volume_mute
2207,audio_volume_mute,iot_hue_lightchange,audio_volume_other,audio_volume_other,general_quirky,audio_volume_mute,iot_hue_lightchange
2208,general_quirky,calendar_set,general_quirky,general_quirky,general_quirky,qa_definition,general_quirky
2220,weather_query,weather_query,weather_query,weather_query,weather_query,weather_query,weather_query
2225,play_music,play_music,play_music,play_music,play_music,play_music,play_music
2230,iot_hue_lightoff,iot_hue_lightoff,iot_hue_lightoff,iot_hue_lightoff,iot_hue_lightoff,iot_hue_lightoff,iot_hue_lightoff
2234,iot_hue_lightup,iot_hue_lightup,iot_hue_lightup,iot_hue_lightup,iot_hue_lightup,iot_hue_lighton,iot_hue_lightup
2237,news_query,news_query,news_query,news_query,news_query,news_query,news_query
2255,takeaway_order,takeaway_order,takeaway_order,takeaway_order,takeaway_order,takeaway_query,takeaway_order
2258,weather_query,weather_query,weather_query,weather_query,weather_query,weather_query,weather_query
2263,iot_hue_lightdim,news_query,iot_hue_lightdim,general_quirky,calendar_query,iot_hue_lightchange,iot_hue_lightdim
2264,iot_hue_lightup,iot_hue_lightchange,iot_hue_lightchange,iot_hue_lightchange,iot_hue_lightchange,iot_hue_lightchange,iot_hue_lightchange
2265,weather_query,weather_query,weather_query,weather_query,weather_query,weather_query,weather_query
2271,play_music,play_music,play_music,play_music,play_music,play_music,play_music
2283,iot_hue_lightchange,iot_hue_lightchange,iot_hue_lightchange,iot_hue_lightchange,iot_hue_lightchange,iot_hue_lightchange,iot_hue_lightchange
2288,iot_coffee,iot_coffee,iot_coffee,iot_coffee,iot_coffee,iot_coffee,iot_coffee
2296,news_query,news_query,news_query,news_query,datetime_query,news_query,news_query
2298,iot_hue_lightoff,iot_hue_lightoff,iot_hue_lightoff,iot_hue_lightoff,iot_hue_lightoff,iot_hue_lightoff,iot_hue_lightoff
2309,datetime_convert,datetime_query,datetime_convert,datetime_convert,datetime_query,datetime_query,datetime_convert
2311,iot_hue_lightdim,iot_hue_lightdim,iot_hue_lightdim,iot_hue_lightdim,iot_hue_lightdim,iot_hue_lightdim,iot_hue_lightdim
2315,news_query,news_query,news_query,news_query,news_query,news_query,news_query
2316,news_query,news_query,news_query,news_query,news_query,news_query,news_query
2320,weather_query,weather_query,weather_query,weather_query,weather_query,weather_query,weather_query
2322,weather_query,weather_query,weather_query,weather_query,weather_query,weather_query,weather_query
2330,datetime_query,datetime_query,datetime_query,datetime_query,datetime_query,datetime_query,datetime_query
2334,alarm_set,alarm_set,alarm_set,alarm_set,alarm_set,alarm_set,alarm_set
2336,takeaway_order,takeaway_order,takeaway_order,takeaway_order,takeaway_order,takeaway_order,takeaway_order
2338,takeaway_order,takeaway_order,takeaway_order,takeaway_order,takeaway_order,takeaway_order,takeaway_order
2350,iot_hue_lightchange,iot_hue_lightchange,iot_hue_lightchange,iot_hue_lightchange,iot_hue_lightchange,iot_hue_lightchange,iot_hue_lightchange
2351,iot_hue_lightchange,iot_hue_lightchange,iot_hue_lightchange,iot_hue_lightchange,iot_hue_lightchange,iot_hue_lightchange,iot_hue_lightchange
2354,music_query,music_query,music_query,music_query,music_query,music_query,music_query
2355,music_query,music_query,music_query,music_query,music_query,music_query,music_query
2365,music_query,play_radio,play_radio,play_radio,play_radio,play_radio,play_radio
2373,music_query,qa_factoid,music_query,play_music,music_likeness,music_query,music_query
2384,news_query,news_query,news_query,news_query,news_query,news_query,news_query
2386,news_query,news_query,news_query,news_query,news_query,news_query,news_query
2387,music_query,music_query,music_query,music_query,music_query,music_query,music_query
2396,play_music,play_music,play_music,play_music,play_music,play_music,play_music
2400,music_likeness,music_likeness,music_likeness,music_likeness,music_likeness,music_likeness,music_likeness
2403,iot_hue_lightup,general_quirky,iot_hue_lightup,iot_hue_lightup,iot_hue_lightup,iot_hue_lightup,iot_hue_lightup
2408,play_music,play_music,play_music,play_music,play_music,play_music,music_query
2412,datetime_query,datetime_query,datetime_query,datetime_query,datetime_query,datetime_query,datetime_query
2414,takeaway_order,takeaway_order,takeaway_order,takeaway_order,takeaway_order,takeaway_order,takeaway_order
2423,weather_query,weather_query,weather_query,weather_query,weather_query,weather_query,weather_query
2432,takeaway_query,takeaway_query,takeaway_query,takeaway_query,takeaway_query,takeaway_query,takeaway_query
2434,iot_cleaning,iot_cleaning,iot_cleaning,iot_cleaning,iot_cleaning,iot_cleaning,iot_cleaning
2438,news_query,news_query,news_query,news_query,news_query,news_query,news_query
2441,iot_hue_lightoff,iot_hue_lightoff,iot_hue_lightoff,iot_hue_lightoff,iot_hue_lightoff,iot_hue_lightoff,iot_hue_lightoff
2447,takeaway_order,takeaway_order,takeaway_order,takeaway_order,takeaway_order,takeaway_order,takeaway_order
2451,datetime_convert,alarm_set,qa_maths,general_quirky,qa_maths,qa_maths,calendar_set
2472,datetime_query,datetime_query,datetime_query,datetime_query,datetime_query,datetime_query,datetime_query
2480,takeaway_order,takeaway_order,takeaway_order,takeaway_order,takeaway_order,takeaway_order,takeaway_order
2496,news_query,news_query,news_query,news_query,news_query,news_query,news_query
2497,datetime_query,datetime_query,datetime_query,datetime_query,datetime_query,datetime_query,datetime_query
2498,datetime_query,datetime_query,datetime_query,datetime_query,datetime_query,datetime_query,datetime_query
2512,iot_coffee,iot_coffee,iot_coffee,iot_coffee,iot_coffee,iot_coffee,iot_coffee
2517,iot_cleaning,iot_cleaning,iot_cleaning,iot_cleaning,iot_cleaning,iot_cleaning,iot_cleaning
2527,play_music,play_music,play_music,play_music,play_music,play_music,play_music
2531,play_music,play_music,play_music,play_music,play_music,play_music,play_music
2540,iot_hue_lightchange,iot_hue_lightchange,iot_hue_lightchange,iot_hue_lightchange,iot_hue_lightchange,iot_hue_lightchange,iot_hue_lightchange
2542,iot_hue_lightchange,iot_hue_lightchange,iot_hue_lightchange,iot_hue_lightchange,iot_hue_lightchange,iot_hue_lightchange,iot_hue_lightchange
2545,weather_query,weather_query,weather_query,weather_query,weather_query,weather_query,weather_query
2548,news_query,news_query,news_query,news_query,news_query,news_query,news_query
2551,iot_hue_lightchange,iot_hue_lightchange,iot_hue_lightchange,iot_hue_lightchange,iot_hue_lightchange,iot_hue_lightchange,iot_hue_lightchange
2560,play_music,play_music,play_music,play_music,play_music,play_music,play_music
2564,alarm_set,alarm_set,alarm_set,alarm_set,alarm_set,alarm_set,alarm_set
2566,iot_wemo_off,iot_wemo_off,iot_wemo_off,iot_wemo_off,iot_wemo_off,iot_wemo_off,iot_wemo_off
2573,play_music,play_music,play_music,play_music,play_music,play_music,play_music
2578,iot_hue_lightoff,iot_hue_lightoff,iot_hue_lightoff,iot_hue_lightoff,iot_hue_lightoff,iot_hue_lightoff,iot_hue_lightoff
2588,news_query,news_query,news_query,news_query,news_query,news_query,news_query
2591,iot_hue_lightup,iot_hue_lightup,iot_hue_lightup,iot_hue_lightup,audio_volume_up,iot_hue_lightup,iot_hue_lightup
2594,news_query,news_query,news_query,news_query,news_query,news_query,news_query
2605,play_music,play_music,play_music,play_music,play_music,play_music,play_music
2610,takeaway_query,takeaway_query,takeaway_order,takeaway_order,takeaway_order,takeaway_query,takeaway_query
2611,weather_query,weather_query,weather_query,weather_query,weather_query,weather_query,weather_query
2615,weather_query,weather_query,weather_query,weather_query,weather_query,weather_query,weather_query
2638,news_query,news_query,news_query,news_query,news_query,news_query,news_query
2639,news_query,news_query,news_query,news_query,news_query,news_query,news_query
2647,music_settings,play_radio,play_radio,play_radio,play_radio,play_radio,play_radio
2651,news_query,news_query,news_query,news_query,news_query,news_query,news_query
2673,alarm_query,calendar_set,alarm_set,calendar_set,alarm_set,calendar_query,alarm_query
2678,weather_query,weather_query,weather_query,weather_query,weather_query,weather_query,weather_query
2679,weather_query,weather_query,weather_query,weather_query,weather_query,weather_query,weather_query
2684,takeaway_query,qa_factoid,takeaway_order,qa_factoid,takeaway_order,takeaway_query,takeaway_query
2690,iot_wemo_off,iot_wemo_off,iot_wemo_off,iot_wemo_off,iot_wemo_off,iot_wemo_off,iot_wemo_off
2703,play_music,play_music,play_music,play_music,play_music,play_music,play_music
2704,play_music,play_music,play_music,play_music,play_music,play_music,play_music
2708,play_music,play_music,play_music,play_music,play_music,play_music,play_music
2709,play_music,play_music,play_music,play_music,play_music,play_music,play_music
2711,iot_hue_lightoff,iot_hue_lightoff,iot_hue_lightoff,iot_hue_lightoff,iot_hue_lightoff,iot_hue_lightoff,iot_hue_lightoff
2717,play_music,play_music,play_music,play_music,play_music,play_music,play_music
2721,general_joke,general_quirky,general_joke,general_joke,general_joke,general_joke,general_joke
2724,news_query,news_query,news_query,news_query,news_query,news_query,news_query
2733,iot_coffee,iot_coffee,iot_coffee,iot_coffee,iot_coffee,iot_coffee,iot_coffee
2753,iot_coffee,iot_coffee,iot_coffee,iot_coffee,iot_coffee,iot_coffee,iot_coffee
2770,play_music,play_music,play_music,play_music,play_music,play_music,play_music
2773,takeaway_query,takeaway_query,takeaway_query,takeaway_query,takeaway_query,takeaway_query,takeaway_query
2774,iot_hue_lightoff,iot_hue_lightoff,iot_hue_lightoff,iot_hue_lightoff,iot_hue_lightoff,iot_hue_lightoff,iot_hue_lightoff
2775,iot_hue_lightoff,iot_hue_lightchange,iot_hue_lightdim,iot_hue_lightdim,iot_hue_lightdim,iot_hue_lightoff,iot_hue_lightoff
2777,weather_query,weather_query,weather_query,weather_query,weather_query,weather_query,weather_query
2780,music_likeness,recommendation_events,recommendation_events,recommendation_events,recommendation_events,recommendation_events,recommendation_events
2781,play_music,play_music,play_music,play_music,play_music,play_music,play_music
2795,audio_volume_mute,audio_volume_mute,audio_volume_mute,audio_volume_mute,audio_volume_mute,audio_volume_mute,audio_volume_mute
2796,audio_volume_mute,audio_volume_mute,audio_volume_mute,audio_volume_mute,audio_volume_up,audio_volume_mute,audio_volume_mute
2798,play_music,play_music,play_music,play_music,play_music,play_music,play_music
2801,datetime_query,datetime_query,datetime_query,datetime_query,datetime_query,datetime_query,datetime_query
2812,iot_coffee,iot_coffee,iot_coffee,iot_coffee,iot_coffee,iot_coffee,iot_coffee
2816,iot_hue_lightchange,iot_hue_lightchange,iot_hue_lightchange,iot_hue_lightchange,iot_hue_lightchange,iot_hue_lightchange,iot_hue_lightchange
2824,datetime_query,datetime_query,datetime_query,datetime_query,datetime_query,datetime_query,datetime_query
2840,datetime_query,datetime_query,datetime_query,datetime_query,datetime_query,datetime_query,datetime_query
2850,takeaway_query,calendar_query,takeaway_query,takeaway_query,takeaway_query,takeaway_query,takeaway_query
2859,datetime_query,datetime_query,datetime_query,datetime_query,datetime_query,datetime_query,datetime_query
2868,iot_coffee,iot_coffee,iot_coffee,iot_coffee,iot_coffee,iot_coffee,iot_coffee
2870,alarm_query,alarm_query,alarm_query,alarm_query,general_greet,alarm_query,alarm_query
2887,news_query,weather_query,weather_query,news_query,news_query,news_query,news_query
2890,weather_query,weather_query,weather_query,weather_query,weather_query,weather_query,weather_query
2898,news_query,news_query,news_query,news_query,recommendation_events,news_query,news_query
2903,iot_cleaning,iot_cleaning,iot_cleaning,iot_cleaning,iot_cleaning,iot_cleaning,iot_cleaning
2906,iot_hue_lightchange,iot_hue_lightdim,iot_hue_lightdim,iot_hue_lightdim,iot_hue_lightdim,iot_hue_lightchange,iot_hue_lightchange
2908,takeaway_query,takeaway_query,takeaway_query,takeaway_query,general_quirky,takeaway_query,takeaway_query
2914,datetime_query,datetime_query,datetime_query,datetime_query,datetime_query,datetime_query,datetime_query
2917,weather_query,weather_query,weather_query,weather_query,weather_query,weather_query,weather_query
2921,news_query,news_query,news_query,news_query,news_query,news_query,news_query
2927,datetime_query,datetime_query,datetime_query,datetime_query,datetime_query,datetime_query,datetime_query
2931,play_music,play_music,play_music,play_music,play_music,play_music,play_music
2957,alarm_query,alarm_set,alarm_set,alarm_set,alarm_set,alarm_query,alarm_query
2959,iot_cleaning,iot_cleaning,iot_cleaning,iot_cleaning,iot_cleaning,iot_cleaning,iot_cleaning
2960,iot_cleaning,iot_cleaning,iot_cleaning,iot_cleaning,iot_cleaning,iot_cleaning,iot_cleaning
2962,play_music,play_music,play_music,play_music,play_music,play_music,play_music
2965,iot_hue_lightoff,iot_hue_lightoff,iot_hue_lightoff,iot_hue_lightoff,iot_hue_lightoff,iot_hue_lightoff,iot_hue_lightoff
2975,iot_hue_lightchange,iot_hue_lightchange,iot_hue_lightchange,iot_hue_lightchange,iot_hue_lightchange,iot_hue_lightchange,iot_hue_lightchange
2983,alarm_remove,alarm_set,alarm_set,alarm_set,alarm_set,alarm_remove,alarm_remove
2985,alarm_remove,alarm_remove,alarm_remove,alarm_remove,alarm_remove,alarm_remove,alarm_remove
2995,qa_stock,qa_stock,qa_stock,qa_stock,news_query,news_query,qa_stock
3002,play_music,play_music,play_music,play_music,play_music,play_music,play_music
3008,iot_hue_lightup,iot_hue_lightup,iot_hue_lightup,iot_hue_lightup,iot_hue_lightup,iot_hue_lightup,iot_hue_lightup
3011,iot_hue_lightup,iot_hue_lightoff,iot_hue_lightup,iot_hue_lightup,iot_hue_lightup,iot_hue_lightup,iot_hue_lightup
3020,takeaway_query,takeaway_query,takeaway_query,takeaway_query,takeaway_query,takeaway_query,takeaway_query
3021,takeaway_query,takeaway_query,takeaway_order,takeaway_order,takeaway_order,general_quirky,takeaway_order
3029,music_dislikeness,music_query,music_dislikeness,music_query,music_dislikeness,music_likeness,music_dislikeness
3030,music_likeness,music_likeness,music_likeness,music_likeness,music_likeness,music_likeness,music_likeness
3031,play_music,play_music,play_music,play_music,play_music,play_music,play_music
3034,weather_query,weather_query,weather_query,weather_query,weather_query,weather_query,weather_query
3037,news_query,news_query,news_query,news_query,news_query,news_query,news_query
3039,news_query,news_query,news_query,news_query,news_query,news_query,news_query
3050,iot_hue_lightchange,iot_hue_lightchange,iot_hue_lightchange,iot_hue_lightchange,iot_hue_lightchange,iot_hue_lightchange,iot_hue_lightchange
3060,news_query,news_query,news_query,news_query,news_query,news_query,news_query
3077,iot_wemo_off,iot_wemo_off,iot_wemo_off,iot_wemo_off,iot_wemo_off,iot_wemo_off,iot_wemo_off
3080,takeaway_order,general_quirky,general_quirky,general_quirky,general_quirky,general_quirky,takeaway_order
3091,datetime_query,datetime_query,datetime_query,datetime_query,datetime_query,datetime_query,datetime_query
3096,weather_query,weather_query,weather_query,weather_query,weather_query,weather_query,weather_query
3098,iot_hue_lightoff,iot_hue_lightoff,iot_hue_lightoff,iot_hue_lightoff,iot_hue_lightoff,iot_hue_lightoff,iot_hue_lightoff
3099,news_query,recommendation_events,recommendation_events,recommendation_events,recommendation_events,news_query,calendar_query
3101,news_query,news_query,news_query,news_query,news_query,news_query,news_query
3103,music_dislikeness,play_music,play_music,play_music,play_music,music_dislikeness,music_dislikeness
3114,music_likeness,music_likeness,music_likeness,music_likeness,music_likeness,music_likeness,music_likeness
3116,play_music,play_music,play_music,play_music,play_music,play_music,play_music
3117,play_music,play_music,play_music,play_music,play_music,play_music,play_music
3118,datetime_query,datetime_query,datetime_convert,datetime_convert,datetime_query,datetime_query,datetime_query
3124,play_music,play_music,play_music,play_music,play_music,play_music,play_music
3127,general_quirky,calendar_query,general_quirky,general_quirky,general_quirky,general_quirky,general_quirky
3128,general_quirky,general_quirky,general_quirky,general_quirky,general_quirky,general_quirky,general_quirky
3138,iot_coffee,iot_coffee,iot_coffee,iot_coffee,iot_coffee,iot_coffee,iot_coffee
3146,play_music,play_music,play_music,play_music,play_music,play_music,play_music
3161,alarm_query,alarm_query,alarm_query,alarm_query,alarm_query,alarm_query,alarm_query
3162,alarm_query,alarm_query,alarm_query,alarm_query,alarm_query,alarm_query,alarm_query
3167,iot_hue_lightoff,iot_hue_lightoff,iot_hue_lightoff,iot_hue_lightoff,iot_hue_lightoff,iot_hue_lightoff,iot_hue_lightoff
3174,play_music,play_music,play_music,play_music,play_music,play_music,play_music
3175,audio_volume_mute,iot_hue_lightoff,audio_volume_mute,audio_volume_mute,audio_volume_mute,audio_volume_mute,audio_volume_mute
3178,music_query,music_query,music_query,music_query,music_query,music_query,music_query
3184,iot_wemo_on,play_music,audio_volume_mute,audio_volume_mute,iot_wemo_on,iot_coffee,iot_wemo_off
3193,music_likeness,qa_currency,qa_currency,qa_currency,qa_currency,general_quirky,qa_maths
3196,iot_coffee,iot_coffee,iot_coffee,iot_coffee,iot_coffee,iot_coffee,iot_coffee
3204,music_likeness,play_music,music_likeness,music_likeness,play_music,music_likeness,music_likeness
3205,play_music,play_music,play_music,play_music,play_music,play_music,play_music
3207,play_music,play_music,play_music,play_music,play_music,play_radio,play_music
3212,calendar_set,calendar_set,calendar_set,calendar_set,calendar_set,calendar_set,calendar_set
3213,alarm_set,alarm_set,alarm_set,alarm_set,alarm_set,alarm_set,alarm_set
3214,news_query,news_query,news_query,news_query,qa_factoid,news_query,news_query
3222,iot_hue_lightdim,iot_hue_lightdim,iot_hue_lightdim,iot_hue_lightdim,iot_hue_lightchange,iot_hue_lightdim,iot_hue_lightdim
3228,datetime_query,datetime_query,datetime_query,datetime_query,datetime_query,datetime_query,datetime_query
3253,weather_query,weather_query,weather_query,weather_query,weather_query,weather_query,weather_query
3264,play_music,play_music,play_music,play_music,play_music,play_music,play_music
3276,takeaway_query,takeaway_query,takeaway_query,takeaway_query,takeaway_query,takeaway_query,takeaway_query
3280,iot_hue_lightdim,iot_hue_lightdim,iot_hue_lightdim,iot_hue_lightdim,iot_hue_lightdim,iot_hue_lightdim,iot_hue_lightdim
3295,takeaway_query,takeaway_query,takeaway_query,takeaway_query,takeaway_query,takeaway_query,takeaway_query
3298,iot_wemo_off,iot_wemo_off,iot_wemo_off,iot_wemo_off,iot_wemo_off,iot_wemo_off,iot_wemo_off
3305,weather_query,weather_query,weather_query,weather_query,weather_query,weather_query,weather_query
3306,weather_query,weather_query,weather_query,weather_query,weather_query,weather_query,weather_query
3320,iot_coffee,iot_coffee,iot_coffee,iot_coffee,iot_coffee,iot_coffee,iot_coffee
3321,iot_coffee,iot_coffee,iot_coffee,iot_coffee,iot_coffee,iot_coffee,iot_coffee
3323,iot_coffee,iot_coffee,iot_coffee,iot_coffee,iot_coffee,iot_coffee,iot_coffee
3326,iot_wemo_off,iot_wemo_off,iot_wemo_off,iot_wemo_off,iot_wemo_off,iot_wemo_off,iot_wemo_off
3329,news_query,news_query,news_query,news_query,news_query,news_query,news_query
3330,general_joke,play_music,general_joke,general_joke,general_joke,general_joke,general_joke
3337,weather_query,weather_query,weather_query,weather_query,weather_query,weather_query,weather_query
3338,weather_query,weather_query,weather_query,weather_query,weather_query,weather_query,weather_query
3349,audio_volume_up,qa_factoid,qa_factoid,qa_factoid,qa_factoid,general_quirky,email_querycontact
3361,datetime_query,datetime_query,datetime_query,datetime_query,datetime_query,datetime_query,datetime_query
3364,general_joke,calendar_set,general_quirky,general_quirky,general_quirky,play_game,play_radio
3378,iot_hue_lightoff,iot_hue_lightoff,iot_hue_lightoff,iot_hue_lightoff,iot_hue_lightoff,iot_hue_lightoff,iot_hue_lightoff
3386,iot_hue_lightoff,iot_hue_lightdim,iot_hue_lightdim,iot_hue_lightdim,iot_hue_lightdim,iot_hue_lightdim,iot_hue_lightdim
3387,iot_hue_lightchange,iot_hue_lightchange,iot_hue_lightchange,iot_hue_lightchange,iot_hue_lightchange,iot_hue_lightchange,iot_hue_lightchange
3398,alarm_set,alarm_set,alarm_set,alarm_set,alarm_set,alarm_set,alarm_set
3400,play_music,qa_factoid,play_music,play_music,play_music,play_music,play_audiobook
3401,play_music,play_music,play_music,play_music,play_music,play_music,play_music
3406,weather_query,weather_query,weather_query,weather_query,weather_query,weather_query,weather_query
3407,weather_query,weather_query,weather_query,weather_query,weather_query,weather_query,weather_query
3408,weather_query,weather_query,weather_query,weather_query,weather_query,weather_query,weather_query
3413,takeaway_query,general_quirky,takeaway_query,takeaway_query,takeaway_query,takeaway_query,takeaway_query
3418,iot_coffee,iot_coffee,iot_coffee,iot_coffee,iot_coffee,iot_coffee,iot_coffee
3426,weather_query,weather_query,weather_query,weather_query,weather_query,weather_query,weather_query
3433,play_music,play_music,play_music,play_music,play_music,play_music,play_music
3434,play_music,play_music,play_music,play_music,music_likeness,play_music,play_music
3435,alarm_remove,lists_remove,alarm_remove,alarm_remove,alarm_remove,alarm_remove,alarm_remove
3441,datetime_query,datetime_query,datetime_query,datetime_query,datetime_query,datetime_query,datetime_query
3444,datetime_query,weather_query,weather_query,weather_query,general_quirky,datetime_query,datetime_query
3447,weather_query,weather_query,weather_query,weather_query,weather_query,weather_query,weather_query
3460,audio_volume_mute,audio_volume_mute,audio_volume_mute,audio_volume_mute,datetime_query,audio_volume_mute,audio_volume_mute
3474,audio_volume_down,audio_volume_up,audio_volume_down,audio_volume_down,audio_volume_down,audio_volume_down,audio_volume_down
3481,play_music,play_music,play_music,play_music,play_music,play_music,play_music
3486,audio_volume_down,audio_volume_up,audio_volume_up,audio_volume_up,audio_volume_up,audio_volume_down,audio_volume_down
3489,play_music,play_music,play_music,play_music,play_music,play_music,play_music
3492,play_music,play_music,play_music,play_music,play_music,play_music,play_music
3503,weather_query,weather_query,weather_query,weather_query,weather_query,weather_query,weather_query
3507,weather_query,weather_query,weather_query,weather_query,weather_query,weather_query,weather_query
3513,play_music,play_music,lists_query,lists_query,play_music,play_music,lists_query
3516,weather_query,weather_query,weather_query,weather_query,weather_query,weather_query,weather_query
3522,iot_hue_lighton,play_radio,iot_hue_lighton,iot_hue_lighton,iot_hue_lighton,iot_hue_lighton,iot_hue_lighton
3532,datetime_convert,datetime_convert,datetime_convert,datetime_convert,datetime_convert,datetime_convert,datetime_convert
3539,play_music,play_music,play_music,play_music,play_music,play_music,play_music
3542,iot_hue_lightchange,iot_hue_lightchange,iot_hue_lightchange,iot_hue_lightchange,iot_hue_lightchange,iot_hue_lightchange,iot_hue_lightchange
3543,iot_hue_lightchange,iot_hue_lightchange,iot_hue_lightchange,iot_hue_lightchange,iot_hue_lightchange,iot_hue_lightchange,iot_hue_lightchange
3546,play_music,play_music,play_music,play_music,play_music,play_music,play_music
3550,play_music,play_music,play_music,play_music,play_music,play_music,play_music
3554,play_music,play_music,play_music,play_music,play_music,play_music,play_music
3562,play_music,play_music,play_music,play_music,play_music,play_audiobook,play_music
3566,datetime_query,datetime_query,datetime_query,datetime_query,datetime_query,datetime_query,datetime_query
3568,iot_coffee,iot_coffee,iot_coffee,iot_coffee,iot_coffee,iot_coffee,iot_coffee
3570,iot_hue_lightoff,iot_hue_lightoff,iot_hue_lightoff,iot_hue_lightoff,iot_hue_lightoff,iot_hue_lightoff,iot_hue_lightoff
3576,news_query,news_query,news_query,news_query,news_query,news_query,news_query
3581,audio_volume_mute,iot_hue_lightoff,audio_volume_mute,audio_volume_mute,audio_volume_mute,audio_volume_mute,audio_volume_mute
3582,audio_volume_mute,audio_volume_mute,audio_volume_mute,audio_volume_mute,audio_volume_mute,audio_volume_mute,audio_volume_mute
3586,weather_query,weather_query,weather_query,weather_query,weather_query,weather_query,weather_query
3590,audio_volume_up,audio_volume_up,audio_volume_up,audio_volume_up,audio_volume_up,audio_volume_up,audio_volume_up
3595,iot_hue_lightup,iot_hue_lightup,iot_hue_lightup,iot_hue_lightup,iot_hue_lightup,iot_hue_lightup,iot_hue_lightup
3598,general_quirky,general_quirky,general_quirky,general_quirky,general_quirky,general_quirky,general_quirky
3600,calendar_set,calendar_set,calendar_set,calendar_set,calendar_set,calendar_set,calendar_set
3603,news_query,news_query,news_query,news_query,news_query,news_query,news_query
3605,news_query,news_query,news_query,news_query,news_query,news_query,news_query
3606,datetime_query,datetime_query,datetime_query,datetime_query,datetime_query,datetime_query,datetime_query
3614,weather_query,weather_query,weather_query,weather_query,weather_query,weather_query,weather_query
3623,news_query,news_query,news_query,news_query,news_query,news_query,news_query
3624,news_query,news_query,news_query,news_query,news_query,news_query,news_query
3631,play_music,play_music,play_music,play_music,play_music,play_music,play_music
3654,music_query,music_query,music_query,music_query,music_query,music_query,music_query
3669,datetime_convert,datetime_query,datetime_query,datetime_query,datetime_query,datetime_query,datetime_query
3671,takeaway_query,takeaway_query,takeaway_query,takeaway_query,takeaway_query,takeaway_query,takeaway_query
3674,iot_hue_lightchange,iot_hue_lightchange,iot_hue_lightchange,general_quirky,iot_hue_lightchange,iot_hue_lightchange,iot_hue_lightchange
3683,music_likeness,play_music,music_likeness,music_likeness,play_music,music_likeness,music_likeness
3686,play_music,play_music,play_music,play_music,play_music,play_music,play_music
3694,alarm_set,alarm_set,alarm_set,alarm_set,alarm_set,alarm_set,alarm_set
3695,alarm_set,alarm_set,alarm_set,alarm_set,alarm_set,alarm_set,alarm_set
3700,iot_hue_lightchange,iot_hue_lightchange,iot_hue_lightchange,iot_hue_lightchange,iot_hue_lightup,iot_hue_lightchange,iot_hue_lightchange
3702,alarm_query,alarm_query,alarm_query,alarm_query,alarm_query,alarm_query,alarm_query
3714,play_music,play_music,play_music,play_music,play_music,play_music,play_music
3717,play_music,play_music,play_music,play_music,play_music,play_music,play_music
3723,play_music,play_music,play_music,play_music,play_music,play_music,play_music
3725,datetime_query,datetime_query,datetime_query,datetime_query,datetime_query,datetime_query,datetime_query
3727,play_music,play_music,play_music,play_music,play_music,play_music,play_music
3734,iot_hue_lightchange,iot_hue_lightchange,iot_hue_lightchange,iot_hue_lightchange,iot_hue_lightchange,iot_hue_lightchange,iot_hue_lightchange
3741,music_query,music_query,music_query,music_query,music_query,music_query,music_query
3742,music_query,music_query,music_query,music_query,music_query,music_query,music_query
3750,news_query,news_query,news_query,news_query,news_query,news_query,news_query
3761,alarm_set,alarm_set,alarm_set,alarm_set,alarm_set,alarm_set,alarm_set
3762,iot_hue_lightup,iot_hue_lightup,iot_hue_lightup,iot_hue_lightup,iot_hue_lightup,iot_hue_lightup,iot_hue_lightup
3771,alarm_query,alarm_query,alarm_query,alarm_query,alarm_query,alarm_query,alarm_query
3774,iot_wemo_off,iot_wemo_off,iot_wemo_off,iot_wemo_off,iot_wemo_off,iot_wemo_off,iot_wemo_off
3775,iot_wemo_off,iot_wemo_off,iot_wemo_off,iot_wemo_off,iot_wemo_off,iot_wemo_off,iot_wemo_off
3779,play_music,play_music,play_music,play_music,play_music,play_music,play_music
3780,play_music,play_music,play_music,play_music,play_music,play_music,play_music
3784,weather_query,weather_query,weather_query,weather_query,weather_query,weather_query,weather_query
3785,iot_hue_lightoff,iot_hue_lightoff,iot_hue_lightoff,iot_hue_lightoff,iot_hue_lightoff,iot_hue_lightoff,iot_hue_lightoff
3809,audio_volume_down,audio_volume_down,audio_volume_down,audio_volume_down,audio_volume_down,audio_volume_down,audio_volume_down
3812,audio_volume_mute,audio_volume_mute,audio_volume_mute,audio_volume_mute,audio_volume_mute,audio_volume_mute,audio_volume_mute
3819,music_likeness,music_likeness,music_likeness,music_likeness,music_likeness,music_likeness,music_likeness
3822,news_query,qa_factoid,qa_factoid,qa_factoid,qa_factoid,news_query,general_quirky
3829,alarm_remove,alarm_remove,alarm_remove,alarm_remove,alarm_remove,alarm_remove,alarm_remove
3834,iot_hue_lightdim,iot_hue_lightdim,iot_hue_lightdim,iot_hue_lightdim,iot_hue_lightdim,iot_hue_lightoff,iot_hue_lightdim
3835,takeaway_order,takeaway_order,takeaway_order,takeaway_order,takeaway_order,takeaway_order,takeaway_order
3837,audio_volume_mute,audio_volume_mute,audio_volume_mute,audio_volume_mute,audio_volume_mute,audio_volume_mute,audio_volume_mute
3838,audio_volume_mute,iot_hue_lightoff,iot_hue_lightoff,iot_wemo_off,iot_wemo_off,audio_volume_mute,audio_volume_mute
3841,iot_cleaning,iot_cleaning,iot_cleaning,iot_cleaning,general_quirky,iot_cleaning,iot_cleaning
3852,weather_query,lists_query,weather_query,weather_query,weather_query,weather_query,weather_query
3859,play_music,play_music,play_music,play_music,play_music,play_music,play_music
3864,music_query,music_query,music_query,music_query,music_query,music_query,music_query
3870,alarm_query,alarm_query,alarm_query,alarm_query,alarm_query,alarm_query,alarm_query
3883,iot_hue_lightup,iot_hue_lightup,iot_hue_lightup,iot_hue_lightup,iot_hue_lightup,iot_hue_lightup,iot_hue_lightup
3884,alarm_query,alarm_query,alarm_query,alarm_query,alarm_query,alarm_query,alarm_query
3886,alarm_query,alarm_query,alarm_query,alarm_query,alarm_query,alarm_query,alarm_query
3894,play_audiobook,email_sendemail,lists_query,general_quirky,email_query,play_audiobook,play_audiobook
3907,play_music,play_music,play_music,play_music,play_music,play_music,play_music
3911,play_music,play_music,play_music,play_music,play_music,play_music,music_query
3912,play_music,play_music,play_music,play_music,play_music,play_music,play_music
3915,music_likeness,music_likeness,music_likeness,music_likeness,general_quirky,music_likeness,music_likeness
3936,weather_query,weather_query,weather_query,weather_query,weather_query,weather_query,weather_query
3960,datetime_query,datetime_query,datetime_query,datetime_query,datetime_query,datetime_query,datetime_query
3967,play_music,play_music,play_music,play_music,general_quirky,play_music,play_music
3980,play_music,play_music,play_music,play_music,play_music,play_music,play_music
3982,play_music,play_music,play_music,play_music,music_likeness,play_music,play_music
3986,alarm_set,alarm_set,alarm_set,alarm_set,alarm_set,alarm_set,alarm_set
3993,iot_hue_lightoff,iot_hue_lightchange,iot_hue_lightchange,iot_hue_lightchange,iot_hue_lightchange,iot_hue_lightoff,iot_hue_lightoff
3995,datetime_query,datetime_query,datetime_query,datetime_query,datetime_query,datetime_query,datetime_query
4001,news_query,news_query,news_query,news_query,news_query,news_query,news_query
4013,iot_cleaning,calendar_set,iot_cleaning,general_quirky,general_quirky,iot_cleaning,general_quirky
4017,alarm_remove,lists_remove,alarm_remove,alarm_remove,alarm_remove,alarm_remove,alarm_remove
4023,news_query,news_query,news_query,news_query,news_query,news_query,news_query
4024,iot_wemo_off,iot_hue_lightdim,audio_volume_down,audio_volume_down,audio_volume_down,iot_wemo_off,audio_volume_down
4026,iot_wemo_off,iot_wemo_off,iot_wemo_off,iot_wemo_off,audio_volume_mute,iot_wemo_off,iot_wemo_off
4031,play_music,play_music,play_music,play_music,play_music,play_music,play_music
4040,play_music,play_music,play_music,play_music,play_music,play_music,play_music
4043,iot_cleaning,iot_cleaning,iot_cleaning,iot_cleaning,iot_cleaning,iot_cleaning,iot_cleaning
4048,takeaway_query,takeaway_query,takeaway_query,takeaway_query,takeaway_query,takeaway_query,takeaway_query
4058,play_music,play_music,play_music,play_music,play_music,play_music,play_music
4073,datetime_query,datetime_query,datetime_query,datetime_query,datetime_query,datetime_query,datetime_query
4077,iot_hue_lightoff,iot_hue_lightoff,iot_hue_lightoff,iot_hue_lightoff,iot_hue_lightoff,iot_hue_lightoff,iot_hue_lightoff
4081,alarm_set,calendar_set,alarm_set,alarm_set,alarm_set,alarm_set,alarm_set
4084,iot_coffee,iot_coffee,iot_coffee,iot_coffee,iot_coffee,iot_coffee,iot_coffee
4086,music_likeness,music_likeness,music_likeness,music_likeness,calendar_set,music_likeness,music_likeness
4088,iot_hue_lightoff,iot_hue_lightoff,iot_hue_lightoff,iot_hue_lightoff,iot_hue_lightoff,iot_hue_lightoff,iot_hue_lightoff
4090,audio_volume_up,audio_volume_up,audio_volume_up,audio_volume_up,audio_volume_up,audio_volume_up,audio_volume_up
4104,weather_query,weather_query,weather_query,weather_query,weather_query,weather_query,weather_query
4112,datetime_convert,datetime_query,datetime_convert,datetime_convert,datetime_convert,datetime_convert,datetime_convert
4116,play_music,play_music,play_music,play_music,play_music,play_music,play_music
4119,news_query,qa_factoid,qa_factoid,qa_factoid,general_quirky,news_query,news_query
4121,alarm_query,alarm_query,alarm_query,alarm_query,alarm_query,alarm_query,alarm_query
4125,takeaway_query,recommendation_locations,takeaway_query,takeaway_query,recommendation_locations,recommendation_locations,recommendation_locations
4130,alarm_query,alarm_set,alarm_set,alarm_set,alarm_set,alarm_query,alarm_query
4132,weather_query,weather_query,weather_query,weather_query,weather_query,weather_query,weather_query
4136,play_music,play_music,play_music,play_radio,play_music,play_music,play_music
4137,takeaway_query,takeaway_query,takeaway_query,takeaway_query,takeaway_query,takeaway_query,takeaway_query
4145,alarm_query,alarm_query,alarm_query,alarm_query,alarm_query,alarm_query,alarm_query
4152,play_music,play_music,play_music,play_music,play_music,play_music,play_music
4154,iot_wemo_off,iot_hue_lightoff,iot_hue_lightoff,iot_hue_lightoff,iot_hue_lightoff,iot_wemo_off,iot_wemo_off
4155,audio_volume_other,audio_volume_up,audio_volume_up,audio_volume_up,audio_volume_up,audio_volume_up,audio_volume_up
4166,audio_volume_other,audio_volume_up,audio_volume_other,audio_volume_other,audio_volume_up,audio_volume_up,audio_volume_up
4168,weather_query,weather_query,weather_query,weather_query,weather_query,weather_query,weather_query
4171,iot_hue_lightoff,iot_hue_lightoff,iot_hue_lightoff,iot_hue_lightoff,iot_hue_lightoff,iot_hue_lightoff,iot_hue_lightoff
4173,iot_cleaning,iot_cleaning,iot_cleaning,iot_cleaning,iot_cleaning,iot_cleaning,iot_cleaning
4174,iot_hue_lightchange,weather_query,iot_hue_lightchange,iot_hue_lightchange,iot_hue_lightchange,iot_hue_lightchange,iot_hue_lightchange
4177,news_query,news_query,news_query,news_query,news_query,news_query,news_query
4178,news_query,news_query,news_query,news_query,news_query,news_query,news_query
4183,datetime_query,datetime_query,datetime_query,datetime_query,datetime_query,datetime_query,datetime_query
4186,datetime_query,datetime_query,datetime_query,datetime_query,datetime_query,datetime_query,datetime_query
4187,datetime_query,datetime_query,datetime_query,datetime_query,datetime_query,datetime_query,datetime_query
4189,music_query,music_query,music_query,music_query,general_quirky,music_query,music_query
4201,iot_wemo_on,iot_wemo_off,iot_wemo_off,iot_wemo_off,iot_wemo_on,iot_wemo_on,iot_wemo_on
4205,play_music,play_music,play_music,play_music,play_music,play_music,play_music
4212,weather_query,weather_query,weather_query,weather_query,weather_query,weather_query,weather_query
4216,general_joke,general_quirky,general_joke,general_joke,general_joke,general_joke,general_joke
4217,general_joke,play_music,general_joke,general_joke,play_music,general_joke,general_joke
4224,takeaway_query,takeaway_query,takeaway_query,takeaway_query,takeaway_query,takeaway_query,takeaway_query
4227,weather_query,weather_query,weather_query,weather_query,weather_query,weather_query,weather_query
4232,play_music,play_music,play_music,play_music,play_music,play_music,play_music
4236,datetime_query,weather_query,weather_query,weather_query,weather_query,datetime_query,weather_query
4240,iot_cleaning,iot_cleaning,iot_cleaning,iot_cleaning,iot_wemo_on,iot_cleaning,iot_cleaning
4241,audio_volume_mute,audio_volume_mute,audio_volume_mute,audio_volume_mute,audio_volume_mute,audio_volume_mute,audio_volume_mute
4244,iot_coffee,iot_coffee,iot_coffee,iot_coffee,iot_coffee,iot_coffee,iot_coffee
4247,iot_hue_lightchange,iot_hue_lightchange,iot_hue_lightchange,iot_hue_lightchange,iot_hue_lightchange,iot_hue_lightchange,iot_hue_lightchange
4248,iot_hue_lightchange,iot_hue_lightchange,iot_hue_lightchange,iot_hue_lightchange,iot_hue_lightchange,iot_hue_lightchange,iot_hue_lightchange
4249,iot_hue_lightchange,iot_hue_lightchange,iot_hue_lightchange,iot_hue_lightchange,iot_hue_lightchange,iot_hue_lightchange,iot_hue_lightchange
4253,datetime_query,datetime_query,datetime_query,datetime_query,datetime_query,datetime_query,datetime_query
4254,datetime_query,qa_factoid,qa_factoid,datetime_query,datetime_query,datetime_query,datetime_query
4258,news_query,news_query,news_query,news_query,news_query,news_query,news_query
4266,weather_query,weather_query,weather_query,weather_query,weather_query,weather_query,weather_query
4268,music_settings,play_music,play_music,play_music,play_music,play_music,play_music
4271,iot_coffee,iot_coffee,iot_coffee,iot_coffee,iot_coffee,iot_coffee,iot_coffee
4272,iot_coffee,iot_coffee,iot_coffee,iot_coffee,iot_coffee,iot_coffee,iot_coffee
4273,play_music,play_music,play_music,play_music,play_music,play_music,play_music
4283,iot_hue_lightup,iot_hue_lightup,iot_hue_lightup,iot_hue_lightup,iot_hue_lightup,iot_hue_lightup,iot_hue_lightup
4290,weather_query,weather_query,weather_query,weather_query,weather_query,weather_query,weather_query
4299,iot_hue_lightchange,iot_hue_lightchange,iot_hue_lightchange,iot_hue_lightchange,iot_hue_lightup,iot_hue_lightchange,iot_hue_lightchange
4305,play_music,play_music,play_music,play_music,play_music,play_music,play_music
4309,datetime_query,datetime_query,datetime_convert,weather_query,weather_query,datetime_convert,datetime_convert
4312,weather_query,weather_query,weather_query,weather_query,weather_query,weather_query,weather_query
4313,weather_query,weather_query,weather_query,weather_query,weather_query,weather_query,weather_query
4319,alarm_set,alarm_set,alarm_set,alarm_set,alarm_set,calendar_set,alarm_set
4334,social_query,qa_definition,social_query,social_query,qa_definition,social_query,social_query
4336,datetime_query,datetime_query,datetime_query,datetime_query,datetime_query,datetime_query,datetime_query
4346,iot_hue_lightoff,iot_hue_lightoff,iot_hue_lightoff,iot_hue_lightoff,iot_hue_lightoff,iot_hue_lightoff,iot_hue_lightoff
4347,iot_hue_lightoff,iot_hue_lightoff,iot_hue_lightup,iot_hue_lightup,iot_hue_lightup,iot_hue_lightoff,iot_hue_lightoff
4355,weather_query,weather_query,weather_query,weather_query,weather_query,weather_query,weather_query
4361,play_music,recommendation_locations,recommendation_locations,recommendation_locations,music_query,play_music,music_query
4362,datetime_query,datetime_query,datetime_query,datetime_query,datetime_query,datetime_query,datetime_query
4375,alarm_query,alarm_query,alarm_remove,alarm_remove,alarm_query,alarm_query,alarm_query
4376,weather_query,weather_query,weather_query,weather_query,weather_query,weather_query,weather_query
4377,weather_query,weather_query,weather_query,weather_query,weather_query,weather_query,weather_query
4383,weather_query,weather_query,weather_query,weather_query,weather_query,weather_query,weather_query
4391,news_query,news_query,news_query,news_query,news_query,news_query,news_query
4400,news_query,news_query,news_query,news_query,news_query,news_query,news_query
4402,weather_query,weather_query,weather_query,weather_query,weather_query,weather_query,weather_query
4412,weather_query,weather_query,weather_query,weather_query,weather_query,weather_query,weather_query
4428,music_query,music_query,music_query,music_query,music_query,music_query,music_query
4436,weather_query,weather_query,weather_query,weather_query,weather_query,weather_query,weather_query
4439,weather_query,weather_query,weather_query,weather_query,weather_query,weather_query,weather_query
4442,iot_coffee,iot_coffee,iot_coffee,iot_coffee,iot_coffee,iot_coffee,iot_coffee
4443,iot_coffee,iot_coffee,iot_coffee,iot_coffee,iot_coffee,iot_coffee,iot_coffee
4449,weather_query,weather_query,weather_query,weather_query,weather_query,weather_query,weather_query
4452,play_music,play_music,play_music,play_music,play_music,play_music,play_music
4461,takeaway_query,qa_factoid,qa_factoid,qa_factoid,qa_factoid,takeaway_query,takeaway_query
4463,datetime_query,datetime_query,qa_factoid,qa_factoid,qa_factoid,datetime_query,datetime_query
4477,play_music,play_music,play_music,play_music,play_music,play_music,play_music
4482,weather_query,weather_query,weather_query,weather_query,weather_query,weather_query,weather_query
4486,weather_query,weather_query,weather_query,weather_query,weather_query,weather_query,weather_query
4487,weather_query,weather_query,weather_query,weather_query,weather_query,weather_query,weather_query
4491,news_query,news_query,news_query,news_query,news_query,news_query,news_query
4492,news_query,news_query,qa_factoid,general_quirky,news_query,news_query,news_query
4496,news_query,email_query,social_post,social_query,social_query,social_query,social_query
4502,datetime_query,datetime_query,datetime_query,datetime_query,datetime_query,datetime_query,datetime_query
4516,iot_hue_lightchange,iot_hue_lightchange,iot_hue_lightchange,iot_hue_lightchange,iot_hue_lightchange,iot_hue_lightchange,iot_hue_lightchange
4524,weather_query,weather_query,weather_query,weather_query,weather_query,weather_query,weather_query
4544,takeaway_order,takeaway_order,takeaway_order,takeaway_order,takeaway_order,takeaway_order,takeaway_order
4547,play_music,play_music,play_music,play_music,play_music,play_music,play_music
4550,music_likeness,play_music,play_music,play_music,play_music,music_likeness,music_likeness
4554,iot_coffee,iot_coffee,iot_coffee,iot_coffee,iot_coffee,iot_coffee,iot_coffee
4560,music_query,music_query,music_query,music_query,music_query,music_query,music_query
4567,news_query,news_query,news_query,news_query,news_query,news_query,news_query
4580,datetime_query,datetime_query,datetime_query,datetime_query,datetime_query,datetime_query,datetime_query
4587,play_music,play_music,play_music,play_music,play_music,play_music,play_music
4589,calendar_set,calendar_set,calendar_set,calendar_set,calendar_set,calendar_set,calendar_set
4601,alarm_set,general_quirky,datetime_convert,general_quirky,calendar_set,datetime_query,alarm_set
4606,news_query,general_quirky,qa_stock,general_quirky,general_quirky,qa_stock,qa_stock
4614,weather_query,weather_query,weather_query,weather_query,weather_query,weather_query,weather_query
4618,iot_wemo_on,iot_wemo_off,iot_wemo_off,iot_wemo_off,iot_wemo_off,iot_wemo_on,iot_wemo_on
4620,iot_wemo_on,iot_wemo_on,iot_wemo_on,iot_wemo_on,iot_wemo_on,iot_wemo_on,iot_wemo_on
4638,audio_volume_other,audio_volume_other,audio_volume_other,audio_volume_other,audio_volume_other,audio_volume_other,audio_volume_other
4653,audio_volume_mute,audio_volume_mute,audio_volume_mute,audio_volume_mute,audio_volume_mute,audio_volume_mute,audio_volume_mute
4654,alarm_set,alarm_set,alarm_set,alarm_set,alarm_set,alarm_set,alarm_set
4659,audio_volume_mute,general_quirky,audio_volume_mute,audio_volume_mute,audio_volume_mute,audio_volume_mute,audio_volume_mute
4662,news_query,news_query,news_query,news_query,news_query,news_query,news_query
4667,datetime_query,datetime_query,datetime_query,datetime_query,datetime_query,datetime_query,datetime_query
4671,music_likeness,music_likeness,music_likeness,music_likeness,music_likeness,music_likeness,music_likeness
4672,music_likeness,general_quirky,general_quirky,general_quirky,recommendation_locations,music_likeness,music_likeness
4673,alarm_query,alarm_query,alarm_query,alarm_query,alarm_query,alarm_query,alarm_query
4680,weather_query,weather_query,weather_query,weather_query,weather_query,weather_query,weather_query
4689,weather_query,weather_query,weather_query,weather_query,weather_query,weather_query,weather_query
4692,play_music,play_music,play_music,play_music,play_music,play_music,play_music
4702,audio_volume_up,audio_volume_up,audio_volume_up,audio_volume_up,audio_volume_up,audio_volume_up,audio_volume_up
4710,datetime_query,datetime_query,datetime_query,datetime_query,datetime_query,datetime_query,datetime_query
4712,alarm_remove,alarm_set,alarm_query,general_quirky,alarm_set,alarm_remove,alarm_remove
4764,weather_query,weather_query,weather_query,weather_query,weather_query,weather_query,weather_query
4767,news_query,email_query,email_query,qa_factoid,email_query,news_query,news_query
4772,datetime_query,datetime_query,datetime_query,datetime_query,datetime_query,datetime_query,datetime_query
4776,alarm_query,alarm_query,alarm_query,alarm_query,alarm_query,alarm_query,alarm_query
4780,datetime_query,datetime_query,datetime_query,datetime_query,datetime_query,datetime_query,datetime_query
4784,weather_query,weather_query,weather_query,weather_query,weather_query,weather_query,weather_query
4798,iot_coffee,iot_coffee,iot_coffee,iot_coffee,iot_coffee,iot_coffee,iot_coffee
4799,iot_wemo_on,iot_wemo_on,iot_wemo_on,iot_wemo_on,iot_wemo_on,iot_wemo_on,iot_wemo_on
4803,iot_hue_lightchange,iot_hue_lightchange,iot_hue_lightchange,iot_hue_lightchange,iot_hue_lightchange,iot_hue_lightchange,iot_hue_lightchange
4809,music_likeness,music_likeness,music_likeness,music_likeness,music_query,music_likeness,music_likeness
4813,datetime_query,datetime_query,datetime_query,datetime_query,datetime_query,datetime_query,datetime_query
4826,iot_hue_lightchange,iot_hue_lightchange,iot_hue_lightchange,iot_hue_lightchange,iot_hue_lightchange,iot_hue_lightchange,iot_hue_lightchange
4831,audio_volume_up,audio_volume_up,audio_volume_up,audio_volume_up,audio_volume_up,audio_volume_up,audio_volume_up
4833,audio_volume_mute,calendar_remove,calendar_remove,calendar_remove,calendar_remove,calendar_remove,lists_remove
4837,news_query,email_query,email_query,news_query,news_query,news_query,news_query
4838,play_music,play_music,play_music,play_music,play_music,play_music,play_music
4845,datetime_convert,datetime_convert,datetime_convert,qa_factoid,datetime_convert,transport_query,qa_factoid
4848,alarm_set,alarm_set,alarm_set,alarm_set,alarm_set,alarm_set,alarm_set
4851,alarm_query,alarm_query,alarm_query,alarm_query,alarm_query,alarm_query,alarm_query
4854,audio_volume_mute,audio_volume_mute,audio_volume_mute,audio_volume_mute,audio_volume_down,audio_volume_mute,audio_volume_mute
4871,weather_query,weather_query,weather_query,weather_query,weather_query,weather_query,weather_query
4874,music_likeness,play_music,play_music,play_music,music_likeness,play_music,play_music
4881,datetime_query,datetime_query,datetime_convert,datetime_convert,datetime_convert,datetime_query,datetime_query
4882,datetime_query,datetime_query,datetime_query,datetime_query,datetime_query,datetime_query,datetime_query
4887,music_likeness,music_likeness,music_likeness,music_likeness,music_likeness,music_likeness,music_likeness
4890,calendar_set,weather_query,weather_query,weather_query,weather_query,news_query,news_query
4896,iot_hue_lightdim,iot_hue_lightdim,iot_hue_lightdim,iot_hue_lightdim,iot_hue_lightdim,iot_hue_lightdim,iot_hue_lightdim
4909,play_music,play_music,play_music,play_music,play_music,play_music,play_music
4913,general_joke,general_quirky,general_joke,general_joke,general_joke,general_joke,general_joke
4917,weather_query,weather_query,weather_query,weather_query,weather_query,weather_query,weather_query
4921,alarm_remove,iot_hue_lightoff,alarm_remove,alarm_remove,iot_hue_lightoff,alarm_remove,alarm_remove
4928,play_music,play_music,play_music,play_music,play_music,play_music,play_music
4930,alarm_set,alarm_set,alarm_set,alarm_set,alarm_set,alarm_set,alarm_set
4933,weather_query,weather_query,weather_query,weather_query,weather_query,weather_query,weather_query
4934,takeaway_query,calendar_query,calendar_query,calendar_query,calendar_query,takeaway_query,takeaway_query
4951,datetime_query,datetime_query,datetime_query,datetime_query,datetime_query,datetime_query,datetime_query
4953,news_query,news_query,news_query,news_query,news_query,news_query,news_query
4955,iot_hue_lightchange,general_quirky,general_quirky,general_quirky,general_quirky,general_quirky,general_quirky
4957,datetime_query,datetime_query,datetime_query,datetime_query,datetime_query,datetime_query,datetime_query
4960,play_music,play_music,play_music,play_music,play_music,play_music,play_music
4966,iot_wemo_off,iot_wemo_off,iot_wemo_off,iot_wemo_off,iot_wemo_off,iot_wemo_off,iot_wemo_off
4968,qa_factoid,qa_factoid,news_query,news_query,qa_factoid,news_query,qa_factoid
4973,play_music,play_music,play_music,play_music,play_music,play_music,play_music
4982,general_joke,general_quirky,general_joke,general_joke,general_joke,general_joke,general_joke
4985,music_likeness,music_likeness,music_likeness,music_likeness,music_likeness,music_likeness,music_likeness
4988,iot_coffee,iot_coffee,iot_coffee,iot_coffee,iot_coffee,iot_coffee,iot_coffee
4992,iot_wemo_off,iot_hue_lightoff,iot_hue_lightoff,iot_wemo_off,iot_wemo_off,iot_wemo_off,iot_wemo_off
4994,audio_volume_mute,audio_volume_mute,audio_volume_mute,audio_volume_mute,audio_volume_mute,audio_volume_mute,audio_volume_mute
4998,play_music,music_likeness,music_likeness,music_likeness,music_likeness,play_music,lists_createoradd
5006,alarm_query,alarm_query,alarm_query,alarm_query,alarm_query,alarm_query,alarm_query
5009,weather_query,weather_query,weather_query,weather_query,weather_query,weather_query,weather_query
5010,iot_coffee,iot_coffee,iot_coffee,iot_coffee,iot_coffee,iot_coffee,iot_coffee
5014,iot_hue_lightup,iot_hue_lightup,iot_hue_lightup,iot_hue_lightup,iot_hue_lightup,iot_hue_lightup,iot_hue_lightup
5016,news_query,news_query,news_query,news_query,news_query,news_query,qa_stock
5017,iot_coffee,iot_coffee,iot_coffee,iot_coffee,iot_coffee,iot_coffee,iot_coffee
5026,iot_hue_lightchange,iot_hue_lightchange,iot_hue_lightchange,iot_hue_lightchange,iot_hue_lightchange,iot_hue_lightchange,iot_hue_lightchange
5027,datetime_query,calendar_query,datetime_query,calendar_query,calendar_query,datetime_query,datetime_query
5037,weather_query,weather_query,weather_query,weather_query,weather_query,weather_query,weather_query
5038,weather_query,weather_query,weather_query,weather_query,weather_query,weather_query,weather_query
5040,weather_query,weather_query,weather_query,weather_query,weather_query,weather_query,weather_query
5043,alarm_set,alarm_set,alarm_set,alarm_set,alarm_set,alarm_set,alarm_set
5047,iot_hue_lightdim,iot_hue_lightdim,iot_hue_lightdim,iot_hue_lightdim,iot_hue_lightdim,iot_hue_lightdim,iot_hue_lightdim
5050,iot_wemo_off,iot_hue_lightoff,iot_hue_lightoff,qa_factoid,iot_hue_lightoff,iot_wemo_off,iot_wemo_off
5051,alarm_set,lists_createoradd,alarm_set,alarm_set,alarm_set,alarm_set,alarm_set
5062,play_music,play_music,play_music,play_music,play_music,play_music,play_music
5074,weather_query,weather_query,weather_query,weather_query,weather_query,weather_query,weather_query
5082,alarm_set,alarm_set,alarm_set,alarm_set,alarm_set,alarm_set,alarm_set
5085,weather_query,weather_query,weather_query,weather_query,weather_query,weather_query,weather_query
5103,alarm_remove,alarm_remove,alarm_remove,alarm_remove,alarm_remove,alarm_remove,alarm_remove
5116,alarm_remove,alarm_query,alarm_query,alarm_query,alarm_query,alarm_remove,alarm_remove
5118,play_music,play_music,play_music,play_music,play_music,general_quirky,general_quirky
5122,alarm_query,alarm_query,alarm_query,alarm_query,alarm_query,alarm_query,alarm_query
5127,news_query,news_query,news_query,news_query,news_query,general_quirky,general_quirky
5128,transport_ticket,transport_query,transport_ticket,transport_ticket,transport_ticket,transport_ticket,transport_ticket
5131,datetime_query,datetime_query,datetime_query,datetime_query,datetime_query,datetime_query,datetime_query
5134,play_music,play_music,play_music,play_music,play_music,music_query,play_music
5149,iot_coffee,iot_coffee,iot_coffee,iot_coffee,iot_coffee,iot_coffee,iot_coffee
5152,music_settings,music_settings,music_settings,music_settings,music_settings,music_settings,music_settings
5156,iot_hue_lightoff,iot_hue_lightoff,iot_hue_lightoff,iot_hue_lightoff,iot_hue_lightoff,iot_hue_lightoff,iot_hue_lightoff
5157,iot_hue_lightoff,iot_hue_lightoff,iot_hue_lightoff,iot_hue_lightoff,iot_hue_lightoff,iot_hue_lightoff,iot_hue_lightoff
5158,play_music,play_music,play_music,play_music,play_music,play_music,play_music
5159,play_music,play_music,play_music,play_music,play_music,play_music,play_music
5160,play_music,play_music,play_music,play_music,play_music,play_music,play_music
5165,iot_hue_lightdim,iot_hue_lightdim,iot_hue_lightdim,iot_hue_lightdim,iot_hue_lightdim,iot_hue_lightdim,iot_hue_lightdim
5176,weather_query,weather_query,weather_query,weather_query,weather_query,weather_query,weather_query
5196,news_query,news_query,news_query,news_query,general_quirky,news_query,news_query
5198,music_likeness,music_likeness,music_likeness,music_likeness,music_likeness,music_likeness,music_likeness
5199,music_likeness,music_likeness,music_likeness,music_likeness,music_likeness,music_likeness,music_likeness
5201,iot_hue_lightdim,iot_hue_lightdim,iot_hue_lightdim,iot_hue_lightdim,iot_hue_lightdim,iot_hue_lightdim,iot_hue_lightdim
5204,datetime_convert,datetime_query,datetime_convert,datetime_convert,datetime_query,datetime_convert,datetime_convert
5219,audio_volume_down,audio_volume_down,audio_volume_down,audio_volume_down,audio_volume_up,audio_volume_down,audio_volume_down
5221,audio_volume_mute,iot_hue_lightoff,audio_volume_mute,audio_volume_mute,audio_volume_mute,audio_volume_mute,alarm_remove
5225,datetime_query,datetime_query,datetime_query,datetime_query,datetime_query,datetime_query,datetime_query
5229,music_likeness,play_music,music_likeness,music_likeness,music_likeness,music_likeness,music_likeness
5243,iot_hue_lightoff,iot_hue_lightoff,iot_hue_lightoff,iot_hue_lightoff,iot_hue_lightoff,iot_hue_lightoff,iot_hue_lightoff
5245,news_query,news_query,news_query,news_query,news_query,news_query,news_query
5250,music_query,music_query,music_query,music_query,play_music,music_query,music_query
5258,music_likeness,music_likeness,music_likeness,music_likeness,music_likeness,music_likeness,music_likeness
5261,music_query,music_query,music_query,music_query,music_query,music_query,music_query
5270,news_query,news_query,news_query,news_query,news_query,news_query,news_query
5278,play_music,play_music,play_music,play_music,play_music,play_music,play_music
5279,play_music,play_music,play_music,play_music,play_music,play_music,play_music
5286,news_query,news_query,news_query,news_query,news_query,news_query,news_query
5292,alarm_set,alarm_set,alarm_set,alarm_set,alarm_remove,alarm_remove,alarm_set
5296,news_query,news_query,news_query,news_query,news_query,news_query,news_query
5297,news_query,news_query,news_query,news_query,news_query,news_query,news_query
5301,weather_query,weather_query,weather_query,weather_query,weather_query,weather_query,weather_query
5307,datetime_query,weather_query,weather_query,weather_query,weather_query,datetime_query,calendar_query
5318,play_music,play_music,play_music,play_music,play_music,play_music,play_music
5321,weather_query,weather_query,weather_query,weather_query,weather_query,weather_query,weather_query
5324,takeaway_query,general_quirky,takeaway_query,general_quirky,general_quirky,takeaway_query,takeaway_query
5328,play_music,play_music,play_music,play_music,play_music,play_music,play_music
5330,iot_cleaning,iot_cleaning,iot_cleaning,iot_cleaning,iot_cleaning,iot_cleaning,iot_cleaning
5332,datetime_convert,qa_currency,qa_currency,qa_currency,datetime_query,qa_factoid,datetime_convert
5333,datetime_convert,datetime_convert,datetime_convert,datetime_convert,datetime_convert,datetime_convert,datetime_convert
5339,weather_query,transport_traffic,audio_volume_down,general_quirky,general_quirky,weather_query,iot_hue_lightdim
5341,datetime_query,calendar_set,calendar_set,calendar_set,datetime_query,alarm_set,alarm_set
5347,play_music,play_music,play_music,play_music,play_music,play_music,play_music
5349,iot_hue_lightdim,qa_definition,iot_hue_lightdim,iot_hue_lightdim,iot_hue_lightdim,iot_hue_lightup,iot_hue_lightdim
5358,datetime_query,datetime_query,datetime_query,datetime_query,datetime_query,datetime_query,datetime_query
5365,alarm_set,alarm_set,alarm_set,alarm_set,alarm_set,alarm_set,alarm_set
5370,news_query,news_query,news_query,news_query,news_query,news_query,news_query
5378,play_music,calendar_set,general_quirky,general_quirky,general_quirky,qa_definition,general_quirky
5396,iot_wemo_off,iot_wemo_off,iot_wemo_off,iot_wemo_off,iot_wemo_off,iot_wemo_off,iot_wemo_off
5401,play_music,play_music,play_music,play_music,play_music,play_music,play_music
5406,takeaway_query,takeaway_query,takeaway_query,takeaway_query,takeaway_query,takeaway_query,takeaway_query
5410,news_query,news_query,news_query,news_query,news_query,news_query,news_query
5411,news_query,news_query,news_query,news_query,news_query,news_query,news_query
5413,play_music,play_music,play_music,play_music,play_music,play_music,play_music
5414,play_music,play_music,play_music,play_music,play_music,play_music,play_music
5427,datetime_query,datetime_query,datetime_query,datetime_query,datetime_query,datetime_query,datetime_query
5433,weather_query,weather_query,weather_query,weather_query,weather_query,weather_query,weather_query
5439,weather_query,weather_query,weather_query,weather_query,weather_query,weather_query,weather_query
5465,weather_query,weather_query,weather_query,weather_query,weather_query,weather_query,weather_query
5468,weather_query,weather_query,weather_query,general_quirky,general_quirky,weather_query,weather_query
5475,alarm_set,alarm_set,alarm_set,alarm_set,alarm_set,alarm_set,alarm_set
5481,audio_volume_down,audio_volume_down,audio_volume_down,audio_volume_down,audio_volume_down,audio_volume_down,audio_volume_down
5488,takeaway_order,takeaway_order,takeaway_order,takeaway_order,takeaway_order,takeaway_order,takeaway_order
5497,datetime_convert,datetime_query,datetime_convert,datetime_convert,datetime_convert,datetime_convert,datetime_convert
5501,iot_hue_lightup,iot_hue_lightoff,iot_hue_lightoff,iot_hue_lightoff,iot_hue_lightdim,iot_hue_lighton,iot_hue_lighton
5523,datetime_convert,alarm_set,datetime_convert,datetime_convert,datetime_convert,datetime_convert,datetime_convert
5524,weather_query,weather_query,weather_query,weather_query,weather_query,weather_query,weather_query
5525,audio_volume_mute,audio_volume_mute,audio_volume_mute,audio_volume_mute,audio_volume_mute,audio_volume_mute,audio_volume_mute
5529,weather_query,calendar_query,transport_ticket,transport_ticket,datetime_query,weather_query,general_quirky
5531,music_likeness,music_query,music_query,music_query,music_dislikeness,music_likeness,music_likeness
5544,music_query,music_query,music_query,music_query,music_query,music_query,music_query
5550,audio_volume_mute,calendar_set,audio_volume_mute,audio_volume_mute,email_query,audio_volume_mute,audio_volume_mute
5552,takeaway_query,calendar_query,takeaway_query,qa_factoid,takeaway_query,takeaway_query,takeaway_query
5554,music_query,music_query,music_query,music_query,music_query,music_query,music_query
5557,play_music,play_music,play_radio,play_radio,general_quirky,play_music,play_music
5568,alarm_set,alarm_set,alarm_set,alarm_set,alarm_set,alarm_set,alarm_set
5570,takeaway_order,takeaway_order,takeaway_order,takeaway_order,takeaway_order,takeaway_order,takeaway_order
5573,iot_hue_lightup,iot_hue_lightdim,calendar_set,calendar_set,calendar_set,iot_hue_lightchange,iot_hue_lightchange
5574,iot_hue_lightup,iot_hue_lightup,iot_hue_lightup,iot_hue_lightup,iot_hue_lightup,iot_hue_lightup,iot_hue_lightup
5577,weather_query,weather_query,weather_query,weather_query,weather_query,weather_query,weather_query
5578,weather_query,weather_query,weather_query,weather_query,weather_query,weather_query,weather_query
5579,audio_volume_other,iot_hue_lightchange,audio_volume_other,audio_volume_other,audio_volume_other,audio_volume_other,audio_volume_other
5584,iot_hue_lightoff,iot_hue_lightoff,iot_hue_lightoff,iot_hue_lightoff,iot_hue_lightoff,iot_hue_lightoff,iot_hue_lightoff
5590,weather_query,weather_query,weather_query,weather_query,weather_query,weather_query,weather_query
5593,play_music,play_music,play_music,play_music,play_music,play_music,play_music
5600,takeaway_query,general_quirky,general_quirky,general_quirky,qa_stock,takeaway_order,cooking_recipe
5611,audio_volume_down,audio_volume_down,audio_volume_down,audio_volume_down,audio_volume_up,audio_volume_down,audio_volume_down
5614,music_query,play_radio,play_radio,play_radio,play_radio,play_radio,play_radio
5615,music_query,music_query,music_query,music_query,music_query,music_query,music_query
5619,play_music,play_music,play_music,play_music,play_music,play_music,play_music
5623,alarm_set,alarm_set,alarm_set,alarm_set,alarm_set,alarm_set,alarm_set
5627,play_music,play_music,play_music,play_music,play_music,play_music,play_music
5635,alarm_set,alarm_set,alarm_set,alarm_set,alarm_set,alarm_set,alarm_set
5640,datetime_query,datetime_query,datetime_query,datetime_query,datetime_query,datetime_query,datetime_query
5650,weather_query,weather_query,weather_query,weather_query,weather_query,weather_query,weather_query
5652,iot_wemo_off,iot_wemo_off,iot_wemo_off,iot_wemo_off,iot_wemo_off,iot_wemo_off,iot_wemo_off
5658,play_music,play_music,play_music,play_music,play_music,play_music,play_music
5661,weather_query,general_quirky,general_quirky,general_quirky,weather_query,weather_query,weather_query
5671,datetime_query,datetime_query,datetime_query,datetime_query,datetime_query,datetime_query,datetime_query
5678,datetime_query,datetime_query,datetime_query,datetime_query,datetime_query,datetime_query,datetime_query
5683,play_music,play_music,play_music,play_music,play_music,play_music,play_music
5688,news_query,news_query,news_query,news_query,news_query,news_query,news_query
5691,music_likeness,music_likeness,music_likeness,music_likeness,music_likeness,general_quirky,music_likeness
5697,iot_cleaning,play_music,iot_cleaning,general_quirky,general_quirky,iot_cleaning,iot_cleaning
5703,datetime_query,datetime_query,datetime_query,datetime_query,datetime_query,datetime_query,datetime_query
5707,play_music,play_music,play_music,play_music,play_radio,play_music,play_music
5721,weather_query,weather_query,weather_query,weather_query,weather_query,weather_query,weather_query
5722,weather_query,weather_query,weather_query,weather_query,weather_query,weather_query,weather_query
5727,iot_hue_lightup,iot_hue_lightup,iot_hue_lightup,iot_hue_lightup,iot_hue_lightup,iot_hue_lightup,iot_hue_lightup
5732,weather_query,weather_query,weather_query,weather_query,iot_hue_lightchange,general_quirky,weather_query
5757,datetime_query,calendar_query,qa_maths,qa_maths,qa_currency,datetime_query,qa_maths
5758,weather_query,weather_query,weather_query,weather_query,weather_query,weather_query,weather_query
5774,datetime_query,datetime_query,datetime_query,datetime_query,datetime_query,datetime_query,datetime_query
5797,weather_query,weather_query,weather_query,weather_query,weather_query,weather_query,weather_query
5812,audio_volume_other,alarm_set,alarm_set,alarm_set,alarm_set,audio_volume_other,audio_volume_other
5813,play_music,play_music,play_music,play_music,play_music,play_music,play_music
5820,play_music,play_music,social_post,general_quirky,calendar_set,play_music,music_likeness
5823,audio_volume_down,audio_volume_down,audio_volume_down,audio_volume_down,general_quirky,iot_hue_lightdim,audio_volume_down
5837,weather_query,weather_query,weather_query,weather_query,weather_query,weather_query,weather_query
5840,takeaway_order,takeaway_order,takeaway_order,takeaway_order,takeaway_order,takeaway_order,takeaway_order
5856,iot_wemo_off,iot_wemo_off,iot_wemo_off,iot_wemo_off,iot_wemo_off,iot_wemo_off,iot_wemo_off
5871,weather_query,weather_query,weather_query,weather_query,general_quirky,weather_query,weather_query
5886,news_query,news_query,news_query,news_query,general_quirky,news_query,news_query
5888,iot_wemo_off,iot_wemo_off,iot_wemo_off,iot_wemo_off,audio_volume_mute,iot_wemo_off,iot_wemo_off
5902,alarm_query,alarm_query,alarm_query,alarm_query,alarm_set,alarm_query,alarm_query
5911,music_settings,play_music,play_music,play_music,general_quirky,play_music,play_music
5912,music_settings,play_music,music_settings,general_quirky,play_music,music_settings,lists_remove
5917,iot_coffee,iot_coffee,iot_coffee,iot_coffee,iot_coffee,iot_coffee,iot_coffee
5919,news_query,news_query,news_query,news_query,news_query,news_query,news_query
5930,news_query,news_query,news_query,news_query,news_query,news_query,news_query
5948,play_music,play_music,play_music,play_music,play_music,play_music,play_music
5952,general_joke,general_joke,general_joke,general_joke,general_joke,general_joke,general_joke
5953,weather_query,qa_factoid,qa_factoid,qa_factoid,qa_factoid,general_quirky,general_quirky
5955,weather_query,qa_factoid,takeaway_order,qa_factoid,qa_factoid,transport_traffic,general_quirky
5958,audio_volume_mute,play_music,audio_volume_mute,audio_volume_mute,general_quirky,audio_volume_mute,audio_volume_mute
5966,takeaway_order,takeaway_order,takeaway_order,takeaway_order,takeaway_order,takeaway_order,takeaway_order
5970,play_music,play_music,play_music,play_music,play_game,play_music,play_music
5974,alarm_query,alarm_set,alarm_set,alarm_set,alarm_set,alarm_query,alarm_query
5985,news_query,news_query,news_query,news_query,news_query,news_query,news_query
5988,iot_hue_lightdim,iot_hue_lightchange,iot_hue_lightchange,iot_hue_lightchange,iot_hue_lightdim,iot_hue_lightdim,iot_hue_lightdim
5996,weather_query,weather_query,weather_query,weather_query,weather_query,weather_query,weather_query
5997,datetime_query,datetime_query,datetime_query,datetime_query,datetime_query,datetime_query,datetime_query
6013,music_query,calendar_query,play_radio,play_radio,play_radio,play_radio,play_radio
6014,music_query,music_query,music_query,music_query,music_query,music_query,music_query
6015,iot_hue_lightdim,iot_hue_lightdim,iot_hue_lightdim,iot_hue_lightdim,iot_hue_lightdim,iot_hue_lightdim,iot_hue_lightdim
6023,weather_query,weather_query,weather_query,weather_query,weather_query,weather_query,weather_query
6024,weather_query,weather_query,weather_query,weather_query,weather_query,weather_query,weather_query
6025,weather_query,weather_query,weather_query,weather_query,weather_query,weather_query,weather_query
6027,play_music,play_music,play_music,play_music,play_music,play_music,play_music
6034,iot_coffee,iot_coffee,iot_coffee,iot_coffee,iot_coffee,iot_coffee,iot_coffee
6039,weather_query,weather_query,weather_query,weather_query,weather_query,weather_query,weather_query
6041,iot_hue_lightoff,iot_hue_lightoff,iot_hue_lightoff,iot_hue_lightoff,iot_hue_lightoff,iot_hue_lightoff,iot_hue_lightoff
6045,play_music,play_music,play_music,play_music,music_likeness,music_likeness,lists_createoradd
6050,weather_query,weather_query,weather_query,weather_query,weather_query,weather_query,weather_query
6055,iot_hue_lightoff,iot_hue_lightoff,news_query,news_query,iot_hue_lightchange,iot_hue_lightoff,iot_hue_lightoff
6059,play_music,play_music,play_music,play_music,play_music,play_music,play_music
6060,iot_coffee,iot_coffee,iot_coffee,iot_coffee,iot_coffee,iot_coffee,iot_coffee
6061,iot_coffee,iot_coffee,iot_coffee,iot_coffee,iot_coffee,iot_coffee,iot_coffee
6064,audio_volume_mute,calendar_set,audio_volume_mute,audio_volume_mute,audio_volume_mute,audio_volume_mute,audio_volume_mute
6069,weather_query,calendar_query,calendar_query,calendar_query,general_quirky,weather_query,weather_query
6072,takeaway_query,takeaway_query,takeaway_query,takeaway_query,takeaway_query,takeaway_query,takeaway_query
6073,iot_hue_lightoff,iot_hue_lightoff,iot_hue_lightoff,iot_hue_lightoff,iot_hue_lightoff,iot_hue_lightoff,iot_hue_lightoff
6074,iot_hue_lightoff,iot_hue_lightoff,iot_hue_lightoff,iot_hue_lightoff,iot_hue_lightoff,iot_hue_lightoff,iot_hue_lightoff
6077,news_query,news_query,news_query,news_query,news_query,news_query,news_query
6083,alarm_set,alarm_set,alarm_set,alarm_set,alarm_set,alarm_set,alarm_set
6093,weather_query,weather_query,weather_query,weather_query,general_quirky,weather_query,weather_query
6101,alarm_query,alarm_query,alarm_query,alarm_query,alarm_query,alarm_query,alarm_query
6103,weather_query,weather_query,weather_query,weather_query,weather_query,weather_query,weather_query
6109,music_likeness,music_likeness,music_likeness,music_likeness,music_likeness,music_likeness,music_likeness
6112,takeaway_order,takeaway_order,takeaway_order,takeaway_order,takeaway_order,takeaway_order,takeaway_order
6116,weather_query,weather_query,weather_query,weather_query,weather_query,weather_query,weather_query
6118,datetime_query,datetime_query,datetime_query,datetime_query,datetime_query,datetime_query,datetime_query
6127,weather_query,recommendation_events,recommendation_locations,general_quirky,general_quirky,weather_query,weather_query
6129,news_query,news_query,news_query,news_query,news_query,news_query,news_query
6134,music_query,music_query,music_query,music_query,music_query,music_query,music_query
6147,general_joke,general_joke,general_joke,general_joke,general_joke,general_joke,general_joke
6151,weather_query,weather_query,weather_query,weather_query,weather_query,weather_query,weather_query
6159,iot_cleaning,iot_cleaning,iot_cleaning,iot_cleaning,iot_cleaning,iot_cleaning,iot_cleaning
6162,alarm_remove,alarm_remove,alarm_remove,alarm_remove,calendar_remove,alarm_remove,alarm_remove
6166,audio_volume_mute,audio_volume_mute,audio_volume_mute,audio_volume_mute,audio_volume_mute,audio_volume_mute,audio_volume_mute
6172,weather_query,weather_query,calendar_query,calendar_query,calendar_query,weather_query,weather_query
6174,iot_hue_lightup,iot_hue_lightup,iot_hue_lightup,iot_hue_lightup,iot_hue_lightup,iot_hue_lightup,iot_hue_lightup
6177,weather_query,weather_query,weather_query,weather_query,weather_query,weather_query,weather_query
6178,weather_query,weather_query,weather_query,weather_query,weather_query,weather_query,weather_query
6181,general_quirky,general_quirky,general_quirky,general_quirky,general_quirky,general_quirky,general_quirky
6194,weather_query,weather_query,weather_query,weather_query,weather_query,weather_query,weather_query
6195,general_quirky,general_quirky,general_quirky,general_quirky,general_quirky,general_quirky,general_quirky
6201,general_quirky,general_quirky,general_quirky,general_quirky,general_quirky,general_quirky,general_quirky
6213,general_quirky,calendar_query,general_quirky,general_quirky,calendar_query,calendar_query,calendar_query
6214,general_quirky,calendar_query,calendar_query,calendar_query,calendar_query,calendar_query,calendar_query
6220,general_quirky,general_quirky,general_quirky,general_quirky,general_quirky,general_quirky,general_quirky
6221,general_quirky,general_quirky,qa_maths,general_quirky,general_quirky,general_quirky,general_quirky
6227,general_quirky,weather_query,weather_query,weather_query,weather_query,general_quirky,general_quirky
6229,general_quirky,general_quirky,general_quirky,general_quirky,general_quirky,general_quirky,general_quirky
6241,general_quirky,iot_coffee,iot_coffee,iot_coffee,iot_coffee,general_quirky,general_quirky
6243,general_quirky,general_quirky,general_quirky,general_quirky,general_quirky,general_quirky,general_quirky
6248,general_quirky,qa_factoid,qa_factoid,qa_factoid,qa_factoid,general_quirky,general_quirky
6267,general_quirky,general_quirky,general_quirky,general_quirky,general_quirky,general_quirky,general_quirky
6268,general_quirky,general_quirky,general_quirky,general_quirky,general_quirky,general_quirky,general_quirky
6282,general_quirky,general_quirky,general_quirky,general_quirky,general_quirky,general_quirky,general_quirky
6288,general_quirky,general_quirky,general_quirky,general_quirky,general_quirky,general_quirky,general_quirky
6289,weather_query,weather_query,weather_query,weather_query,weather_query,weather_query,weather_query
6290,general_quirky,general_quirky,recommendation_locations,general_quirky,general_quirky,qa_factoid,play_audiobook
6293,general_quirky,general_quirky,general_quirky,general_quirky,general_quirky,general_quirky,general_quirky
6294,general_quirky,general_quirky,general_quirky,general_quirky,general_quirky,general_quirky,general_quirky
6295,general_quirky,transport_traffic,transport_traffic,transport_traffic,transport_traffic,general_quirky,transport_traffic
6301,general_quirky,calendar_query,qa_definition,qa_definition,qa_definition,cooking_recipe,cooking_recipe
6304,general_quirky,general_quirky,general_quirky,general_quirky,general_greet,general_quirky,general_quirky
6305,general_quirky,general_quirky,general_quirky,general_quirky,general_quirky,general_quirky,general_quirky
6313,general_quirky,general_quirky,general_quirky,general_quirky,general_quirky,general_quirky,general_quirky
6319,general_quirky,general_quirky,general_quirky,general_quirky,general_quirky,general_quirky,general_quirky
6322,general_quirky,datetime_query,play_game,general_quirky,play_game,play_game,music_query
6325,general_quirky,general_quirky,general_quirky,general_quirky,general_quirky,general_quirky,general_quirky
6331,general_quirky,cooking_recipe,cooking_recipe,cooking_recipe,general_quirky,general_quirky,general_quirky
6337,general_quirky,general_quirky,general_quirky,general_quirky,general_quirky,general_quirky,general_quirky
6352,general_quirky,general_quirky,general_quirky,general_quirky,general_quirky,general_quirky,general_quirky
6353,general_quirky,general_quirky,general_quirky,general_quirky,general_quirky,general_quirky,general_quirky
6366,recommendation_locations,recommendation_locations,recommendation_locations,recommendation_locations,recommendation_locations,general_quirky,recommendation_locations
6370,calendar_query,calendar_query,calendar_query,calendar_query,calendar_query,calendar_query,calendar_query
6371,general_quirky,calendar_set,general_quirky,general_quirky,general_quirky,general_quirky,news_query
6372,news_query,news_query,news_query,news_query,news_query,news_query,news_query
6376,recommendation_movies,general_quirky,general_quirky,general_quirky,cooking_recipe,recommendation_movies,recommendation_movies
6378,general_quirky,general_quirky,general_quirky,general_quirky,general_quirky,general_quirky,general_quirky
6382,general_quirky,news_query,news_query,news_query,qa_factoid,news_query,news_query
6385,general_quirky,general_quirky,general_quirky,general_quirky,general_quirky,general_quirky,calendar_query
6388,general_quirky,general_quirky,general_quirky,general_quirky,general_quirky,general_quirky,general_quirky
6402,general_quirky,news_query,news_query,news_query,music_query,general_quirky,general_quirky
6403,transport_query,transport_query,transport_query,transport_query,transport_query,transport_query,transport_query
6405,general_quirky,general_quirky,general_quirky,general_quirky,qa_definition,qa_definition,music_query
6410,news_query,news_query,news_query,news_query,news_query,news_query,news_query
6411,weather_query,weather_query,weather_query,weather_query,weather_query,weather_query,weather_query
6417,general_quirky,general_quirky,general_quirky,general_quirky,general_quirky,calendar_set,general_quirky
6424,general_quirky,general_quirky,general_quirky,general_quirky,general_quirky,general_greet,general_quirky
6426,general_quirky,news_query,news_query,news_query,news_query,news_query,news_query
6431,general_quirky,general_quirky,calendar_set,calendar_set,calendar_set,calendar_query,general_quirky
6432,general_quirky,general_quirky,general_quirky,general_quirky,calendar_set,calendar_query,general_quirky
6433,general_quirky,general_quirky,calendar_set,calendar_set,calendar_set,calendar_set,calendar_set
6434,general_quirky,general_quirky,general_quirky,general_quirky,general_quirky,general_quirky,general_quirky
6438,general_quirky,general_quirky,general_quirky,general_quirky,general_quirky,general_quirky,general_quirky
6439,general_quirky,general_joke,general_joke,general_joke,play_music,music_query,music_query
6446,general_quirky,recommendation_events,recommendation_events,recommendation_events,weather_query,recommendation_locations,general_quirky
6448,general_quirky,news_query,news_query,news_query,news_query,news_query,news_query
6457,general_quirky,general_quirky,general_quirky,general_quirky,general_quirky,general_quirky,general_quirky
6469,general_quirky,lists_query,general_quirky,general_quirky,general_quirky,general_quirky,general_quirky
6473,general_quirky,weather_query,weather_query,weather_query,weather_query,weather_query,general_quirky
6477,general_quirky,news_query,news_query,news_query,general_quirky,news_query,news_query
6485,general_quirky,weather_query,general_quirky,general_quirky,datetime_query,general_quirky,general_quirky
6489,general_quirky,news_query,general_joke,general_quirky,general_quirky,news_query,news_query
6495,general_quirky,general_quirky,general_quirky,general_quirky,general_quirky,general_quirky,general_quirky
6496,general_quirky,email_query,lists_createoradd,lists_createoradd,general_quirky,general_quirky,general_quirky
6500,social_query,social_query,social_query,social_query,social_query,social_query,social_query
6503,general_quirky,general_quirky,general_quirky,general_quirky,qa_factoid,general_quirky,general_quirky
6506,general_quirky,general_quirky,general_quirky,general_quirky,general_quirky,general_quirky,general_quirky
6515,general_quirky,general_quirky,general_quirky,general_quirky,general_quirky,general_quirky,general_quirky
6516,general_quirky,general_quirky,general_quirky,general_quirky,general_quirky,general_quirky,general_quirky
6517,general_quirky,general_quirky,general_quirky,general_quirky,general_quirky,general_quirky,general_quirky
6533,general_quirky,general_quirky,general_quirky,general_quirky,general_quirky,general_quirky,general_quirky
6539,calendar_set,calendar_set,calendar_set,general_quirky,general_quirky,calendar_set,calendar_set
6542,cooking_recipe,general_quirky,qa_factoid,qa_factoid,qa_factoid,cooking_recipe,cooking_recipe
6550,general_quirky,general_quirky,general_quirky,general_quirky,general_quirky,general_quirky,general_quirky
6557,general_quirky,play_music,play_music,play_music,play_music,general_quirky,play_music
6559,general_quirky,general_quirky,general_quirky,general_quirky,general_quirky,general_quirky,general_quirky
6561,general_quirky,general_quirky,general_quirky,general_quirky,email_querycontact,general_quirky,qa_factoid
6562,general_quirky,general_quirky,qa_maths,qa_maths,qa_maths,qa_maths,qa_maths
6568,general_quirky,general_quirky,general_quirky,general_quirky,general_quirky,general_quirky,general_quirky
6572,general_quirky,general_quirky,general_quirky,general_quirky,general_quirky,general_quirky,general_quirky
6575,general_quirky,calendar_set,general_quirky,general_quirky,general_quirky,general_quirky,general_quirky
6578,general_quirky,play_music,music_likeness,music_likeness,music_likeness,general_quirky,music_likeness
6582,general_quirky,general_quirky,general_quirky,general_quirky,general_quirky,general_greet,general_quirky
6593,general_quirky,play_music,news_query,news_query,iot_cleaning,general_quirky,news_query
6594,general_quirky,general_quirky,general_quirky,general_quirky,general_quirky,general_quirky,general_quirky
6596,general_quirky,email_query,transport_query,general_quirky,calendar_query,general_quirky,general_quirky
6600,general_quirky,news_query,news_query,news_query,general_quirky,general_quirky,general_quirky
6615,general_quirky,calendar_set,general_quirky,general_quirky,general_quirky,general_quirky,general_quirky
6616,general_quirky,general_quirky,general_quirky,general_quirky,general_quirky,general_quirky,general_quirky
6617,general_quirky,general_quirky,general_quirky,general_quirky,general_quirky,general_quirky,general_quirky
6618,news_query,news_query,news_query,news_query,news_query,news_query,news_query
6621,general_quirky,recommendation_movies,recommendation_movies,recommendation_movies,general_quirky,recommendation_movies,recommendation_movies
6623,general_quirky,general_quirky,general_quirky,qa_factoid,qa_factoid,general_quirky,qa_factoid
6633,play_game,play_game,play_game,play_game,play_game,general_quirky,play_game
6643,general_quirky,general_quirky,general_quirky,general_quirky,recommendation_locations,general_quirky,general_quirky
6645,general_quirky,general_quirky,general_quirky,general_quirky,general_quirky,general_quirky,general_quirky
6646,general_quirky,news_query,news_query,news_query,weather_query,news_query,news_query
6650,general_quirky,general_quirky,general_quirky,general_quirky,general_quirky,general_quirky,general_quirky
6652,general_quirky,calendar_set,transport_query,transport_query,qa_currency,general_quirky,general_quirky
6663,general_quirky,play_podcasts,play_podcasts,play_podcasts,play_podcasts,recommendation_locations,transport_query
6670,general_quirky,general_quirky,general_quirky,general_quirky,general_joke,qa_factoid,general_quirky
6672,general_quirky,play_radio,play_radio,general_quirky,general_quirky,general_quirky,play_game
6682,news_query,news_query,news_query,news_query,social_post,news_query,news_query
6683,news_query,calendar_set,general_quirky,general_quirky,general_quirky,news_query,news_query
6694,general_quirky,general_quirky,general_quirky,general_quirky,general_quirky,general_quirky,general_quirky
6701,general_quirky,qa_factoid,qa_factoid,qa_factoid,general_quirky,general_quirky,general_quirky
6708,general_quirky,email_query,news_query,news_query,general_quirky,social_query,news_query
6710,general_quirky,general_quirky,general_quirky,general_quirky,general_quirky,general_quirky,general_quirky
6713,calendar_remove,calendar_set,calendar_remove,calendar_remove,calendar_remove,calendar_remove,calendar_remove
6720,general_quirky,general_quirky,qa_factoid,qa_factoid,general_quirky,recommendation_events,recommendation_events
6722,calendar_query,calendar_query,calendar_query,calendar_query,calendar_query,calendar_query,calendar_query
6725,calendar_set,calendar_set,calendar_set,calendar_set,calendar_set,calendar_set,calendar_set
6726,calendar_remove,calendar_remove,calendar_remove,calendar_remove,calendar_remove,calendar_remove,calendar_remove
6729,calendar_remove,calendar_remove,calendar_remove,calendar_remove,calendar_remove,calendar_remove,calendar_remove
6732,calendar_set,calendar_set,calendar_set,calendar_set,calendar_set,calendar_set,calendar_set
6737,general_quirky,general_quirky,general_quirky,general_quirky,general_quirky,general_quirky,general_quirky
6744,calendar_set,calendar_set,calendar_set,calendar_set,calendar_set,calendar_set,calendar_set
6746,calendar_set,calendar_query,calendar_set,calendar_set,calendar_set,calendar_set,calendar_set
6747,calendar_query,calendar_query,calendar_query,calendar_query,calendar_query,calendar_query,calendar_query
6755,calendar_remove,calendar_remove,calendar_remove,calendar_remove,calendar_remove,calendar_remove,calendar_remove
6761,calendar_remove,calendar_set,calendar_remove,calendar_remove,calendar_remove,calendar_remove,calendar_remove
6764,calendar_set,calendar_set,calendar_set,calendar_set,calendar_set,calendar_set,calendar_set
6774,calendar_set,calendar_set,calendar_set,calendar_set,calendar_set,calendar_set,calendar_set
6785,calendar_query,calendar_query,calendar_query,calendar_query,calendar_query,calendar_query,calendar_query
6789,calendar_set,calendar_set,calendar_set,calendar_set,calendar_set,calendar_set,calendar_set
6798,calendar_remove,calendar_remove,calendar_remove,calendar_remove,calendar_remove,calendar_remove,calendar_remove
6801,calendar_query,calendar_query,calendar_query,calendar_query,calendar_query,calendar_query,calendar_query
6806,calendar_query,calendar_query,calendar_query,calendar_query,calendar_set,calendar_query,calendar_query
6815,calendar_set,calendar_set,calendar_set,calendar_set,calendar_set,calendar_set,calendar_set
6819,calendar_set,calendar_set,calendar_set,calendar_set,calendar_set,calendar_set,calendar_set
6836,calendar_set,calendar_set,calendar_set,calendar_set,calendar_set,calendar_set,calendar_set
6850,calendar_query,calendar_query,calendar_query,calendar_query,calendar_query,calendar_query,calendar_query
6856,calendar_set,calendar_set,calendar_set,calendar_set,calendar_set,calendar_set,calendar_set
6860,calendar_query,calendar_query,calendar_query,calendar_query,calendar_query,calendar_query,calendar_query
6865,calendar_set,calendar_set,calendar_set,calendar_set,calendar_set,calendar_set,calendar_set
6878,calendar_set,calendar_set,calendar_set,calendar_set,calendar_set,calendar_set,calendar_set
6891,calendar_query,calendar_query,general_quirky,general_quirky,general_quirky,play_radio,play_radio
6892,calendar_query,news_query,recommendation_movies,general_quirky,calendar_query,recommendation_movies,calendar_query
6897,calendar_set,calendar_set,calendar_set,calendar_set,calendar_set,calendar_set,calendar_set
6901,calendar_set,calendar_set,calendar_set,calendar_set,calendar_set,calendar_set,calendar_set
6902,calendar_set,calendar_set,calendar_set,calendar_set,calendar_set,calendar_set,calendar_set
6909,calendar_query,calendar_query,calendar_query,calendar_query,recommendation_events,calendar_query,calendar_query
6918,calendar_remove,calendar_remove,calendar_remove,calendar_remove,calendar_remove,calendar_remove,calendar_remove
6923,calendar_set,calendar_set,calendar_set,calendar_set,calendar_set,calendar_set,calendar_set
6926,calendar_query,weather_query,weather_query,weather_query,general_quirky,datetime_query,calendar_query
6928,calendar_remove,calendar_remove,calendar_remove,calendar_remove,calendar_remove,calendar_remove,calendar_remove
6936,calendar_set,calendar_set,calendar_set,calendar_set,calendar_set,calendar_set,calendar_set
6937,calendar_set,calendar_set,calendar_set,calendar_set,calendar_set,calendar_set,calendar_set
6946,calendar_query,calendar_query,calendar_query,calendar_query,alarm_query,calendar_query,calendar_query
6958,calendar_remove,calendar_query,calendar_query,calendar_query,calendar_query,calendar_query,calendar_query
6959,calendar_set,calendar_set,calendar_set,calendar_set,calendar_set,calendar_set,calendar_set
6962,calendar_set,calendar_set,calendar_set,calendar_set,calendar_query,calendar_query,calendar_query
6964,calendar_set,calendar_set,calendar_set,calendar_set,calendar_set,calendar_set,calendar_set
6967,calendar_query,datetime_query,general_quirky,general_quirky,general_quirky,news_query,news_query
6968,calendar_query,calendar_query,calendar_set,calendar_set,weather_query,calendar_query,calendar_query
6973,calendar_set,calendar_set,calendar_set,calendar_set,calendar_set,calendar_set,calendar_set
6974,calendar_set,calendar_set,calendar_set,calendar_set,calendar_set,calendar_set,calendar_set
6980,calendar_query,lists_query,lists_query,lists_query,lists_query,lists_query,lists_query
6992,calendar_query,calendar_query,calendar_query,calendar_query,calendar_query,calendar_query,calendar_query
6994,calendar_set,calendar_set,calendar_set,calendar_set,calendar_set,calendar_set,calendar_set
6997,calendar_remove,calendar_remove,calendar_remove,calendar_remove,calendar_remove,calendar_remove,calendar_remove
7000,calendar_set,calendar_set,calendar_set,calendar_set,calendar_set,calendar_set,calendar_set
7004,calendar_set,calendar_set,calendar_set,calendar_set,calendar_set,calendar_set,calendar_set
7013,calendar_query,calendar_query,calendar_query,calendar_query,calendar_query,calendar_query,calendar_query
7014,calendar_query,calendar_query,calendar_query,calendar_query,calendar_query,calendar_query,calendar_query
7025,calendar_remove,calendar_remove,calendar_remove,calendar_remove,calendar_remove,calendar_remove,calendar_remove
7026,recommendation_events,recommendation_events,recommendation_events,recommendation_events,recommendation_events,recommendation_events,recommendation_events
7039,calendar_set,calendar_set,calendar_set,calendar_set,calendar_set,calendar_set,calendar_set
7044,calendar_set,calendar_set,calendar_set,calendar_set,calendar_set,calendar_set,calendar_set
7046,calendar_set,calendar_set,calendar_set,calendar_set,calendar_set,calendar_set,calendar_set
7055,calendar_set,calendar_set,calendar_set,calendar_set,calendar_set,calendar_set,calendar_set
7057,calendar_set,calendar_set,calendar_set,calendar_set,calendar_set,calendar_set,calendar_set
7061,calendar_set,calendar_set,calendar_set,calendar_set,calendar_set,calendar_set,calendar_set
7073,calendar_set,calendar_set,calendar_set,calendar_set,calendar_set,calendar_set,calendar_set
7080,calendar_remove,calendar_remove,calendar_remove,calendar_remove,calendar_remove,calendar_remove,calendar_remove
7087,calendar_remove,calendar_remove,calendar_remove,calendar_remove,calendar_remove,calendar_remove,calendar_remove
7098,calendar_set,calendar_set,calendar_set,calendar_set,calendar_set,calendar_set,calendar_set
7100,calendar_set,calendar_set,calendar_set,calendar_set,calendar_set,calendar_set,calendar_set
7111,calendar_query,calendar_query,calendar_query,calendar_query,calendar_query,calendar_query,calendar_query
7113,calendar_query,recommendation_events,recommendation_events,recommendation_events,recommendation_events,recommendation_events,recommendation_events
7117,calendar_remove,calendar_remove,calendar_remove,calendar_remove,calendar_remove,calendar_remove,calendar_remove
7120,calendar_query,calendar_query,calendar_query,calendar_query,calendar_query,calendar_query,calendar_query
7122,calendar_set,calendar_set,calendar_set,calendar_set,calendar_set,calendar_set,calendar_set
7140,calendar_set,calendar_set,calendar_set,calendar_set,calendar_set,calendar_set,calendar_set
7141,calendar_query,calendar_query,calendar_query,calendar_query,music_query,calendar_query,calendar_query
7151,calendar_set,calendar_set,calendar_set,calendar_set,calendar_set,calendar_set,calendar_set
7152,calendar_set,calendar_set,calendar_set,calendar_set,calendar_set,calendar_set,calendar_set
7161,calendar_set,calendar_set,calendar_set,calendar_set,calendar_set,calendar_set,calendar_set
7168,general_quirky,calendar_query,calendar_query,calendar_query,general_quirky,calendar_query,calendar_query
7170,calendar_set,calendar_set,calendar_set,calendar_set,calendar_set,calendar_set,calendar_set
7181,calendar_set,alarm_set,alarm_set,alarm_set,calendar_set,alarm_set,alarm_set
7185,calendar_query,calendar_query,calendar_query,calendar_query,calendar_query,calendar_query,calendar_query
7189,calendar_query,calendar_query,calendar_query,calendar_query,calendar_query,calendar_query,calendar_query
7194,calendar_set,calendar_set,calendar_set,calendar_set,calendar_set,calendar_set,calendar_set
7196,calendar_set,calendar_set,calendar_set,calendar_set,calendar_set,calendar_set,calendar_set
7199,calendar_set,calendar_set,calendar_set,calendar_set,calendar_set,calendar_set,calendar_set
7209,calendar_set,calendar_set,calendar_set,calendar_set,calendar_set,calendar_set,calendar_set
7216,general_quirky,general_quirky,general_quirky,general_quirky,calendar_query,general_quirky,general_quirky
7219,calendar_query,calendar_set,calendar_query,calendar_query,calendar_set,calendar_query,calendar_query
7224,calendar_query,calendar_query,qa_factoid,qa_factoid,qa_factoid,calendar_query,calendar_query
7232,calendar_query,calendar_query,calendar_query,calendar_query,calendar_query,calendar_query,calendar_query
7257,calendar_set,calendar_set,calendar_set,calendar_set,calendar_set,calendar_set,calendar_set
7258,calendar_set,calendar_set,email_sendemail,email_sendemail,email_sendemail,calendar_set,calendar_set
7262,calendar_set,calendar_set,calendar_set,calendar_set,calendar_set,calendar_set,calendar_set
7266,calendar_query,calendar_query,calendar_query,calendar_query,calendar_query,lists_query,lists_query
7278,calendar_set,calendar_set,calendar_set,calendar_set,calendar_set,calendar_set,calendar_set
7287,calendar_set,calendar_set,calendar_set,calendar_set,calendar_set,calendar_set,calendar_set
7289,calendar_remove,calendar_remove,calendar_remove,calendar_remove,calendar_remove,calendar_remove,calendar_remove
7291,calendar_set,alarm_set,calendar_set,calendar_set,general_quirky,alarm_remove,calendar_set
7292,calendar_set,calendar_set,calendar_set,calendar_set,calendar_set,calendar_set,calendar_set
7293,calendar_set,calendar_set,calendar_set,calendar_set,calendar_set,calendar_set,calendar_set
7294,calendar_remove,calendar_remove,calendar_remove,calendar_remove,calendar_remove,calendar_remove,calendar_remove
7295,calendar_remove,calendar_remove,calendar_remove,calendar_remove,calendar_remove,calendar_remove,calendar_remove
7314,calendar_query,calendar_query,calendar_query,general_quirky,calendar_query,calendar_query,calendar_query
7316,calendar_query,calendar_query,calendar_query,calendar_query,calendar_query,calendar_query,calendar_query
7319,calendar_query,calendar_query,news_query,news_query,news_query,calendar_query,calendar_query
7353,email_query,weather_query,weather_query,weather_query,weather_query,weather_query,weather_query
7355,calendar_set,calendar_set,calendar_set,calendar_set,calendar_set,calendar_set,calendar_set
7380,calendar_query,calendar_query,calendar_query,calendar_query,calendar_set,calendar_query,calendar_query
7397,calendar_query,calendar_query,calendar_query,calendar_query,calendar_query,calendar_query,calendar_query
7449,calendar_set,calendar_set,calendar_set,calendar_set,calendar_set,calendar_set,calendar_set
7450,calendar_set,calendar_set,calendar_set,calendar_set,calendar_set,calendar_set,calendar_set
7455,calendar_set,calendar_set,calendar_set,calendar_set,calendar_set,calendar_set,calendar_set
7461,calendar_set,calendar_set,calendar_set,calendar_set,calendar_set,calendar_set,calendar_set
7463,calendar_set,calendar_query,calendar_query,calendar_query,calendar_set,calendar_set,calendar_set
7467,calendar_query,datetime_query,datetime_query,datetime_query,datetime_query,calendar_query,calendar_query
7477,calendar_set,calendar_set,calendar_set,calendar_set,calendar_set,calendar_set,calendar_set
7496,calendar_query,calendar_query,calendar_query,calendar_query,calendar_query,calendar_query,calendar_query
7499,calendar_set,calendar_set,calendar_query,calendar_query,calendar_set,calendar_set,calendar_set
7500,calendar_remove,calendar_remove,calendar_remove,calendar_remove,calendar_remove,calendar_remove,calendar_remove
7502,calendar_query,calendar_query,calendar_query,calendar_query,calendar_set,calendar_query,calendar_query
7503,calendar_query,calendar_set,calendar_set,calendar_query,calendar_set,calendar_query,calendar_query
7520,calendar_set,calendar_set,calendar_set,calendar_set,calendar_set,calendar_set,calendar_set
7524,calendar_query,calendar_set,calendar_set,calendar_set,calendar_set,calendar_query,calendar_query
7528,calendar_set,calendar_set,news_query,news_query,calendar_set,news_query,calendar_set
7531,calendar_set,calendar_set,calendar_set,calendar_set,calendar_set,calendar_set,calendar_set
7539,calendar_query,calendar_query,calendar_query,calendar_query,calendar_query,calendar_query,calendar_query
7542,calendar_set,calendar_set,calendar_set,calendar_set,calendar_set,calendar_set,calendar_set
7549,calendar_set,calendar_set,calendar_set,calendar_set,calendar_set,calendar_set,calendar_set
7556,calendar_set,calendar_set,calendar_set,calendar_set,calendar_set,calendar_set,calendar_set
7557,calendar_set,calendar_set,calendar_set,calendar_set,calendar_set,calendar_set,calendar_set
7559,calendar_set,calendar_set,calendar_set,calendar_set,calendar_set,calendar_set,calendar_set
7563,calendar_set,calendar_set,calendar_set,calendar_set,calendar_set,calendar_set,calendar_set
7565,calendar_set,calendar_set,calendar_set,calendar_set,calendar_set,calendar_set,calendar_set
7567,calendar_set,calendar_set,calendar_set,calendar_set,calendar_set,calendar_set,calendar_set
7569,calendar_query,calendar_remove,calendar_query,calendar_query,general_quirky,calendar_set,general_quirky
7570,calendar_query,calendar_query,calendar_query,calendar_query,weather_query,calendar_query,calendar_query
7583,calendar_set,calendar_set,calendar_set,calendar_set,calendar_set,calendar_set,calendar_set
7596,calendar_set,calendar_set,calendar_set,calendar_set,calendar_set,calendar_set,calendar_set
7598,calendar_set,calendar_set,calendar_set,calendar_set,calendar_set,calendar_set,calendar_set
7606,calendar_set,calendar_set,calendar_set,calendar_set,calendar_set,calendar_set,calendar_set
7609,calendar_remove,calendar_set,calendar_set,calendar_set,calendar_set,calendar_remove,calendar_remove
7613,calendar_query,calendar_query,calendar_query,calendar_query,calendar_query,calendar_query,calendar_query
7628,calendar_set,calendar_set,calendar_set,calendar_set,calendar_set,calendar_set,calendar_set
7654,calendar_set,calendar_set,calendar_set,calendar_set,calendar_set,calendar_set,calendar_set
7655,calendar_set,calendar_set,calendar_set,calendar_set,calendar_set,calendar_set,calendar_set
7660,calendar_remove,calendar_query,calendar_query,calendar_query,calendar_remove,calendar_remove,calendar_remove
7662,calendar_query,calendar_query,calendar_query,calendar_query,calendar_query,calendar_query,calendar_query
7664,calendar_set,calendar_set,calendar_set,calendar_set,calendar_set,calendar_set,calendar_set
7666,calendar_set,calendar_set,calendar_set,calendar_set,calendar_set,calendar_set,calendar_set
7680,calendar_remove,calendar_remove,calendar_remove,calendar_remove,calendar_remove,calendar_remove,calendar_remove
7686,calendar_set,calendar_set,calendar_set,calendar_set,calendar_set,calendar_set,calendar_set
7690,calendar_query,calendar_query,calendar_query,calendar_query,calendar_query,calendar_query,calendar_query
7693,calendar_query,calendar_query,calendar_query,calendar_query,calendar_query,calendar_query,calendar_query
7697,calendar_set,calendar_set,calendar_set,calendar_set,calendar_set,calendar_set,calendar_set
7711,calendar_set,calendar_set,calendar_set,calendar_set,calendar_set,calendar_remove,calendar_remove
7712,calendar_set,calendar_remove,calendar_set,calendar_set,calendar_set,calendar_remove,calendar_remove
7718,calendar_set,calendar_set,calendar_set,calendar_set,calendar_set,calendar_set,calendar_set
7726,calendar_set,calendar_set,calendar_set,calendar_set,calendar_set,calendar_set,calendar_set
7730,calendar_set,calendar_set,calendar_set,calendar_set,play_podcasts,calendar_set,calendar_set
7741,calendar_remove,calendar_remove,calendar_remove,calendar_remove,calendar_remove,calendar_remove,calendar_remove
7751,calendar_set,calendar_set,calendar_set,calendar_set,calendar_set,calendar_set,calendar_set
7762,calendar_query,calendar_query,calendar_query,calendar_query,calendar_query,calendar_query,calendar_query
7767,calendar_set,calendar_set,calendar_set,calendar_set,calendar_set,calendar_set,calendar_set
7768,calendar_set,calendar_set,calendar_set,calendar_set,calendar_set,calendar_set,calendar_set
7774,calendar_set,calendar_set,calendar_set,calendar_set,calendar_set,calendar_set,calendar_set
7777,calendar_query,calendar_query,calendar_query,calendar_query,calendar_query,calendar_query,calendar_query
7778,calendar_set,calendar_query,calendar_set,calendar_set,calendar_set,calendar_set,calendar_set
7808,calendar_set,calendar_set,calendar_set,calendar_set,calendar_set,calendar_set,calendar_set
7817,calendar_query,calendar_query,calendar_query,calendar_query,calendar_query,calendar_query,calendar_query
7820,calendar_remove,calendar_remove,calendar_remove,calendar_remove,calendar_remove,calendar_remove,calendar_remove
7836,calendar_remove,calendar_remove,calendar_remove,calendar_remove,calendar_remove,calendar_remove,calendar_remove
7843,calendar_set,calendar_set,calendar_set,calendar_set,calendar_set,calendar_set,calendar_set
7844,calendar_query,calendar_query,calendar_query,calendar_query,alarm_query,calendar_query,calendar_query
7847,calendar_set,calendar_set,calendar_set,calendar_set,calendar_set,calendar_set,calendar_set
7851,calendar_set,calendar_set,calendar_set,calendar_set,calendar_set,calendar_set,calendar_set
7863,calendar_set,calendar_set,calendar_set,calendar_set,calendar_set,calendar_set,calendar_set
7870,calendar_remove,calendar_remove,calendar_remove,calendar_remove,calendar_remove,calendar_remove,calendar_remove
7876,news_query,calendar_query,calendar_query,calendar_query,calendar_query,news_query,calendar_query
7878,calendar_remove,calendar_remove,calendar_remove,calendar_remove,calendar_remove,calendar_remove,calendar_remove
7879,calendar_query,calendar_query,calendar_query,calendar_query,calendar_query,calendar_query,calendar_query
7889,calendar_query,weather_query,datetime_query,datetime_query,datetime_query,calendar_query,calendar_query
7890,calendar_remove,calendar_remove,calendar_remove,calendar_remove,general_quirky,calendar_remove,calendar_remove
7891,calendar_remove,calendar_remove,calendar_remove,calendar_remove,calendar_remove,calendar_remove,calendar_remove
7892,calendar_remove,calendar_remove,calendar_remove,calendar_remove,calendar_remove,calendar_remove,calendar_remove
7894,calendar_set,news_query,news_query,news_query,news_query,news_query,news_query
7902,calendar_set,calendar_set,calendar_set,calendar_set,calendar_set,calendar_set,calendar_set
7908,calendar_query,calendar_query,calendar_query,calendar_query,weather_query,calendar_query,calendar_query
7912,calendar_remove,calendar_remove,calendar_remove,calendar_remove,calendar_remove,calendar_remove,calendar_remove
7916,calendar_set,calendar_set,calendar_set,calendar_set,calendar_set,calendar_set,calendar_set
7918,calendar_set,calendar_set,calendar_set,calendar_set,calendar_set,calendar_set,calendar_set
7919,calendar_set,calendar_set,calendar_set,calendar_set,calendar_set,calendar_set,calendar_set
7922,calendar_remove,calendar_remove,calendar_remove,calendar_remove,calendar_remove,calendar_remove,calendar_remove
7927,calendar_query,calendar_query,calendar_query,calendar_query,calendar_query,calendar_query,calendar_query
7946,calendar_query,recommendation_events,recommendation_events,recommendation_events,qa_factoid,recommendation_events,recommendation_events
7953,calendar_remove,calendar_set,calendar_remove,calendar_remove,calendar_remove,calendar_remove,calendar_remove
7955,calendar_set,calendar_set,calendar_set,calendar_set,calendar_set,calendar_set,calendar_set
7956,calendar_set,calendar_set,calendar_set,calendar_set,calendar_set,calendar_set,calendar_set
7966,calendar_query,general_quirky,calendar_set,general_quirky,calendar_set,calendar_query,calendar_query
7970,calendar_set,calendar_set,calendar_set,calendar_set,calendar_set,calendar_set,calendar_set
7971,calendar_set,calendar_set,calendar_set,calendar_set,calendar_set,calendar_set,calendar_set
7975,calendar_query,calendar_query,calendar_query,calendar_query,social_post,calendar_query,recommendation_events
7978,calendar_query,calendar_query,calendar_query,calendar_query,calendar_query,calendar_query,calendar_query
7980,calendar_set,calendar_set,calendar_set,calendar_set,calendar_set,calendar_query,calendar_set
7981,calendar_set,calendar_set,calendar_set,calendar_set,calendar_set,calendar_set,calendar_set
7993,calendar_remove,calendar_remove,calendar_remove,calendar_remove,calendar_remove,calendar_remove,calendar_remove
8001,calendar_remove,calendar_query,calendar_remove,calendar_remove,calendar_query,calendar_remove,calendar_remove
8004,calendar_set,calendar_set,calendar_set,calendar_set,calendar_set,general_quirky,calendar_set
8005,calendar_set,calendar_set,calendar_set,calendar_set,calendar_set,calendar_set,calendar_set
8013,calendar_query,calendar_query,calendar_query,calendar_query,calendar_set,calendar_query,calendar_query
8029,calendar_query,calendar_query,recommendation_events,calendar_query,recommendation_events,calendar_query,calendar_query
8033,datetime_query,datetime_query,datetime_query,datetime_query,datetime_query,datetime_query,datetime_query
8035,calendar_set,calendar_set,calendar_set,calendar_set,calendar_set,calendar_set,calendar_set
8037,calendar_set,calendar_set,calendar_set,calendar_set,calendar_set,calendar_set,calendar_set
8042,calendar_query,calendar_query,calendar_query,calendar_query,calendar_set,calendar_query,calendar_query
8043,calendar_query,calendar_query,calendar_query,calendar_query,calendar_query,calendar_query,calendar_query
8044,calendar_query,calendar_query,calendar_query,calendar_query,calendar_query,calendar_query,calendar_query
8055,calendar_remove,calendar_remove,calendar_remove,calendar_remove,calendar_remove,calendar_remove,calendar_remove
8056,calendar_query,calendar_query,calendar_query,calendar_query,calendar_query,calendar_query,calendar_query
8058,calendar_query,calendar_query,calendar_query,calendar_query,calendar_query,calendar_query,calendar_query
8073,calendar_set,calendar_set,calendar_set,calendar_set,calendar_set,calendar_set,calendar_set
8079,calendar_set,calendar_set,calendar_set,calendar_set,calendar_set,calendar_set,calendar_set
8084,calendar_query,calendar_query,calendar_query,calendar_query,calendar_query,calendar_query,calendar_query
8085,calendar_set,calendar_set,calendar_set,calendar_set,calendar_set,calendar_set,calendar_set
8100,email_sendemail,calendar_query,email_sendemail,email_sendemail,email_sendemail,calendar_set,email_sendemail
8107,calendar_set,calendar_set,calendar_set,calendar_set,calendar_set,calendar_set,calendar_set
8110,calendar_set,calendar_set,calendar_set,calendar_set,calendar_set,calendar_set,calendar_set
8116,calendar_query,calendar_query,calendar_query,calendar_query,calendar_query,calendar_query,calendar_query
8119,calendar_query,calendar_query,calendar_query,calendar_query,calendar_query,calendar_query,calendar_query
8125,calendar_set,calendar_set,calendar_set,calendar_set,calendar_set,calendar_set,calendar_set
8126,calendar_set,calendar_set,calendar_set,calendar_set,calendar_set,calendar_set,calendar_set
8129,calendar_query,calendar_query,calendar_query,calendar_query,calendar_query,calendar_query,calendar_query
8140,calendar_set,calendar_set,calendar_set,calendar_set,calendar_set,calendar_set,calendar_set
8148,calendar_query,calendar_query,calendar_query,calendar_query,calendar_query,calendar_query,calendar_query
8150,calendar_query,calendar_query,calendar_query,calendar_query,calendar_query,calendar_query,calendar_query
8165,calendar_query,calendar_set,calendar_query,calendar_set,calendar_set,calendar_set,calendar_set
8182,calendar_remove,calendar_remove,calendar_remove,calendar_remove,calendar_remove,calendar_remove,calendar_remove
8188,calendar_query,datetime_query,datetime_query,datetime_query,datetime_query,datetime_query,datetime_query
8204,calendar_set,calendar_set,calendar_set,calendar_set,calendar_set,calendar_set,calendar_set
8206,calendar_set,calendar_set,calendar_set,calendar_set,calendar_set,calendar_set,general_quirky
8230,calendar_query,calendar_set,calendar_set,calendar_set,calendar_set,calendar_query,calendar_query
8241,calendar_remove,calendar_remove,calendar_remove,calendar_remove,calendar_remove,calendar_remove,calendar_remove
8245,calendar_set,calendar_set,calendar_set,calendar_set,calendar_set,calendar_set,calendar_set
8248,calendar_set,calendar_set,calendar_set,calendar_set,calendar_set,calendar_set,calendar_set
8251,calendar_set,calendar_set,calendar_set,calendar_set,calendar_set,calendar_set,calendar_set
8260,calendar_set,calendar_set,calendar_set,calendar_set,calendar_set,calendar_set,calendar_set
8261,calendar_set,calendar_set,calendar_set,calendar_set,calendar_set,calendar_set,calendar_set
8269,calendar_set,calendar_set,calendar_set,calendar_set,calendar_set,calendar_set,calendar_set
8276,calendar_remove,calendar_remove,calendar_remove,calendar_remove,calendar_remove,calendar_remove,calendar_remove
8280,calendar_set,calendar_set,calendar_set,calendar_set,calendar_set,calendar_set,calendar_set
8284,calendar_remove,calendar_remove,calendar_remove,calendar_remove,calendar_remove,calendar_remove,calendar_remove
8289,calendar_set,calendar_set,calendar_set,calendar_set,calendar_set,calendar_set,calendar_set
8290,calendar_set,calendar_set,calendar_set,calendar_set,calendar_set,calendar_set,calendar_set
8294,calendar_set,calendar_set,calendar_set,calendar_set,calendar_set,calendar_set,calendar_set
8300,calendar_set,calendar_set,calendar_set,calendar_set,calendar_set,calendar_set,calendar_set
8302,calendar_remove,calendar_remove,calendar_remove,calendar_remove,calendar_remove,calendar_remove,calendar_remove
8308,news_query,news_query,news_query,news_query,news_query,news_query,news_query
8320,general_quirky,calendar_query,general_quirky,calendar_query,general_quirky,calendar_query,calendar_query
8322,general_quirky,calendar_query,calendar_query,calendar_query,general_quirky,calendar_query,calendar_query
8336,calendar_query,calendar_query,calendar_query,calendar_query,calendar_query,calendar_query,calendar_query
8343,datetime_query,weather_query,weather_query,weather_query,general_quirky,datetime_query,calendar_query
8345,calendar_set,calendar_set,calendar_set,calendar_set,calendar_query,calendar_query,calendar_set
8347,calendar_query,news_query,news_query,news_query,news_query,calendar_query,calendar_query
8358,calendar_set,calendar_set,calendar_set,calendar_set,calendar_set,calendar_set,calendar_set
8366,calendar_set,calendar_set,calendar_set,calendar_set,calendar_set,calendar_set,calendar_set
8387,calendar_set,calendar_set,calendar_set,calendar_set,calendar_set,calendar_set,calendar_set
8388,calendar_set,calendar_set,calendar_set,calendar_set,calendar_set,calendar_set,calendar_set
8390,calendar_set,calendar_set,calendar_set,calendar_set,calendar_set,calendar_set,calendar_set
8394,calendar_set,calendar_set,calendar_set,calendar_set,calendar_set,calendar_set,calendar_set
8402,general_quirky,calendar_query,general_quirky,general_quirky,calendar_query,calendar_query,calendar_query
8404,calendar_query,general_quirky,general_quirky,general_quirky,calendar_query,calendar_query,calendar_query
8409,calendar_remove,calendar_remove,calendar_remove,calendar_remove,calendar_remove,calendar_remove,calendar_remove
8410,calendar_remove,calendar_remove,calendar_remove,calendar_remove,calendar_remove,calendar_remove,calendar_remove
8413,calendar_set,calendar_set,calendar_set,calendar_set,calendar_set,calendar_set,calendar_set
8414,calendar_set,calendar_set,calendar_set,calendar_set,calendar_set,calendar_set,calendar_set
8415,calendar_set,calendar_set,calendar_set,calendar_set,calendar_set,calendar_set,calendar_set
8426,calendar_query,calendar_query,calendar_query,calendar_query,recommendation_events,news_query,calendar_query
8430,calendar_remove,calendar_remove,calendar_remove,calendar_remove,calendar_remove,calendar_remove,calendar_remove
8431,calendar_remove,calendar_remove,calendar_query,calendar_query,calendar_remove,calendar_remove,calendar_remove
8436,calendar_set,calendar_set,calendar_set,calendar_set,calendar_set,calendar_set,calendar_set
8442,calendar_set,calendar_set,calendar_set,calendar_set,calendar_set,calendar_set,calendar_set
8449,calendar_set,calendar_set,calendar_set,calendar_set,calendar_set,calendar_set,calendar_set
8453,calendar_set,calendar_set,calendar_set,calendar_set,calendar_set,calendar_set,calendar_set
8460,calendar_query,calendar_query,calendar_query,calendar_query,calendar_query,calendar_query,calendar_query
8461,calendar_query,calendar_query,calendar_query,calendar_query,calendar_query,calendar_query,calendar_query
8466,calendar_set,calendar_set,calendar_set,calendar_set,calendar_set,calendar_set,calendar_set
8469,calendar_query,calendar_query,calendar_query,calendar_query,calendar_query,calendar_query,calendar_query
8474,calendar_set,calendar_set,calendar_set,calendar_set,calendar_set,calendar_set,calendar_set
8494,calendar_query,calendar_query,calendar_query,calendar_query,calendar_query,calendar_query,calendar_query
8496,calendar_query,calendar_query,calendar_query,calendar_query,calendar_query,calendar_query,calendar_query
8498,calendar_query,calendar_query,calendar_query,calendar_query,calendar_query,calendar_query,calendar_query
8516,calendar_remove,calendar_remove,calendar_remove,calendar_remove,calendar_remove,calendar_remove,calendar_remove
8520,calendar_set,calendar_set,calendar_set,calendar_set,calendar_set,calendar_set,calendar_set
8525,calendar_query,calendar_query,calendar_query,calendar_query,calendar_set,calendar_set,calendar_set
8535,calendar_set,calendar_set,calendar_set,calendar_set,calendar_set,calendar_set,calendar_set
8539,calendar_set,calendar_set,calendar_set,calendar_set,calendar_set,calendar_set,calendar_set
8541,calendar_set,calendar_set,calendar_set,calendar_set,calendar_set,calendar_set,calendar_set
8553,calendar_set,calendar_set,calendar_set,calendar_set,calendar_set,calendar_set,calendar_set
8559,calendar_query,calendar_query,calendar_query,calendar_query,calendar_query,calendar_query,calendar_query
8562,calendar_remove,calendar_remove,calendar_remove,calendar_remove,calendar_remove,calendar_remove,calendar_remove
8568,calendar_set,calendar_set,calendar_set,calendar_set,calendar_set,calendar_set,calendar_set
8570,calendar_set,calendar_set,calendar_set,calendar_set,calendar_set,calendar_set,calendar_set
8579,calendar_query,calendar_query,calendar_query,calendar_query,calendar_query,calendar_query,calendar_query
8585,calendar_set,calendar_set,calendar_set,calendar_set,calendar_set,calendar_set,calendar_set
8598,calendar_set,calendar_set,calendar_set,calendar_set,calendar_set,calendar_set,calendar_set
8618,calendar_set,calendar_set,calendar_set,calendar_set,calendar_set,calendar_set,calendar_set
8631,calendar_remove,calendar_remove,calendar_remove,calendar_remove,calendar_remove,calendar_remove,calendar_remove
8635,calendar_set,calendar_set,calendar_set,calendar_set,calendar_set,calendar_set,calendar_set
8640,calendar_set,calendar_set,calendar_set,calendar_set,calendar_set,calendar_set,calendar_set
8642,calendar_set,calendar_set,calendar_set,calendar_set,calendar_set,calendar_set,calendar_set
8651,calendar_set,calendar_set,calendar_set,calendar_set,calendar_set,calendar_set,calendar_set
8653,calendar_set,calendar_set,calendar_set,calendar_set,calendar_set,calendar_set,calendar_set
8666,calendar_remove,calendar_remove,calendar_remove,calendar_remove,calendar_remove,calendar_remove,calendar_remove
8667,calendar_query,email_query,calendar_query,calendar_query,calendar_query,calendar_query,calendar_query
8670,calendar_remove,calendar_remove,calendar_remove,calendar_remove,calendar_remove,calendar_remove,calendar_remove
8672,calendar_query,calendar_query,calendar_query,calendar_query,qa_factoid,calendar_query,calendar_query
8674,calendar_query,calendar_query,calendar_query,calendar_query,calendar_query,calendar_query,calendar_query
8679,calendar_query,datetime_query,datetime_query,datetime_query,weather_query,datetime_query,calendar_query
8681,calendar_query,weather_query,weather_query,weather_query,weather_query,calendar_query,calendar_query
8694,calendar_set,calendar_set,calendar_set,calendar_set,calendar_set,calendar_query,calendar_set
8730,calendar_set,calendar_set,calendar_set,calendar_set,calendar_set,calendar_set,calendar_set
8731,alarm_set,calendar_set,alarm_set,calendar_set,calendar_set,calendar_set,alarm_set
8732,calendar_remove,calendar_remove,calendar_remove,calendar_remove,calendar_remove,calendar_remove,calendar_remove
8741,alarm_set,alarm_set,calendar_set,calendar_set,calendar_set,alarm_set,alarm_set
8762,calendar_query,calendar_query,calendar_query,calendar_query,calendar_query,calendar_query,calendar_query
8765,calendar_set,calendar_set,calendar_set,calendar_set,calendar_set,calendar_set,calendar_set
8766,calendar_query,calendar_set,calendar_set,calendar_set,calendar_query,calendar_query,calendar_query
8767,calendar_query,calendar_set,calendar_set,calendar_set,calendar_query,calendar_query,calendar_query
8769,calendar_remove,calendar_remove,calendar_remove,calendar_remove,calendar_remove,calendar_remove,calendar_remove
8771,calendar_remove,calendar_remove,calendar_remove,calendar_remove,calendar_remove,calendar_remove,calendar_remove
8774,calendar_query,calendar_query,calendar_query,calendar_query,calendar_query,calendar_query,calendar_query
8781,calendar_query,calendar_set,calendar_query,calendar_query,calendar_query,calendar_query,calendar_query
8782,calendar_query,calendar_query,calendar_query,calendar_query,calendar_query,calendar_query,calendar_query
8791,calendar_query,calendar_query,calendar_query,calendar_query,calendar_set,calendar_query,calendar_query
8795,calendar_query,calendar_query,calendar_query,calendar_query,calendar_query,calendar_query,calendar_query
8822,recommendation_events,calendar_query,calendar_query,calendar_query,calendar_query,calendar_query,calendar_query
8824,calendar_query,calendar_query,calendar_query,calendar_query,calendar_query,calendar_query,calendar_query
8825,calendar_set,calendar_set,calendar_set,calendar_set,calendar_set,calendar_set,calendar_set
8828,calendar_query,calendar_query,calendar_query,calendar_query,calendar_set,calendar_query,calendar_set
8846,calendar_query,calendar_query,calendar_query,calendar_query,calendar_query,calendar_query,calendar_query
8853,calendar_remove,calendar_remove,calendar_remove,calendar_remove,calendar_remove,calendar_remove,calendar_remove
8856,calendar_remove,calendar_remove,calendar_remove,calendar_remove,calendar_remove,calendar_remove,calendar_remove
8857,calendar_set,calendar_set,calendar_set,calendar_set,calendar_set,calendar_set,calendar_set
8867,alarm_set,alarm_set,alarm_set,alarm_set,alarm_set,alarm_set,alarm_set
8868,calendar_set,calendar_set,calendar_set,calendar_set,calendar_set,calendar_set,calendar_set
8880,calendar_set,calendar_set,calendar_set,calendar_set,calendar_set,calendar_set,calendar_set
8882,alarm_set,alarm_set,alarm_set,alarm_set,alarm_set,alarm_set,alarm_set
8888,calendar_remove,calendar_remove,calendar_remove,calendar_remove,calendar_remove,lists_remove,calendar_remove
8900,calendar_set,calendar_set,calendar_set,calendar_set,calendar_set,calendar_set,calendar_set
8904,calendar_query,calendar_query,calendar_query,calendar_query,calendar_query,news_query,calendar_query
8906,calendar_set,calendar_set,calendar_set,calendar_set,calendar_set,calendar_set,calendar_set
8907,calendar_set,calendar_set,calendar_set,calendar_set,calendar_set,calendar_set,calendar_set
8912,calendar_query,calendar_query,calendar_query,calendar_query,calendar_remove,calendar_query,calendar_query
8914,calendar_query,calendar_query,calendar_query,calendar_query,calendar_query,calendar_query,calendar_query
8916,calendar_query,calendar_query,calendar_query,calendar_query,calendar_query,calendar_query,calendar_query
8925,calendar_remove,calendar_remove,calendar_remove,calendar_remove,calendar_remove,calendar_remove,calendar_remove
8939,calendar_set,calendar_query,social_post,social_post,general_quirky,calendar_set,qa_factoid
8948,calendar_set,calendar_set,calendar_set,calendar_set,calendar_set,calendar_set,calendar_set
8949,calendar_remove,calendar_remove,calendar_remove,lists_remove,lists_remove,calendar_remove,calendar_remove
8958,calendar_query,calendar_set,calendar_query,calendar_query,calendar_query,calendar_query,calendar_set
8960,calendar_set,calendar_set,calendar_set,calendar_set,calendar_set,calendar_set,calendar_set
8967,calendar_set,calendar_set,calendar_set,calendar_set,calendar_set,calendar_set,calendar_set
8968,calendar_set,calendar_set,calendar_set,calendar_set,calendar_set,calendar_set,calendar_set
8975,calendar_query,calendar_query,calendar_query,calendar_query,calendar_query,calendar_query,calendar_query
8977,calendar_set,calendar_set,calendar_set,calendar_set,calendar_set,calendar_set,calendar_set
8978,calendar_set,calendar_set,calendar_set,calendar_set,calendar_set,calendar_query,calendar_query
8985,calendar_remove,calendar_remove,calendar_remove,calendar_remove,calendar_remove,calendar_remove,calendar_remove
8990,calendar_set,calendar_set,calendar_set,calendar_set,calendar_set,calendar_set,calendar_set
8992,calendar_set,calendar_query,calendar_query,calendar_query,calendar_set,calendar_query,calendar_query
9009,calendar_remove,calendar_remove,calendar_remove,calendar_remove,calendar_remove,calendar_remove,calendar_remove
9011,calendar_query,calendar_query,calendar_query,calendar_query,calendar_query,calendar_query,calendar_query
9014,calendar_set,calendar_set,calendar_set,calendar_set,calendar_set,calendar_set,calendar_set
9015,calendar_remove,calendar_remove,calendar_remove,calendar_remove,calendar_remove,calendar_remove,calendar_remove
9019,calendar_query,calendar_set,calendar_remove,calendar_set,calendar_set,calendar_set,calendar_query
9030,calendar_remove,calendar_remove,calendar_remove,calendar_remove,calendar_remove,calendar_remove,calendar_remove
9035,calendar_query,calendar_set,calendar_set,calendar_set,alarm_set,calendar_set,calendar_set
9043,calendar_set,calendar_remove,calendar_query,calendar_query,calendar_remove,calendar_query,calendar_query
9053,calendar_set,calendar_set,calendar_set,calendar_set,calendar_set,calendar_set,calendar_set
9054,calendar_set,calendar_set,calendar_set,calendar_set,calendar_set,calendar_set,calendar_set
9059,calendar_set,calendar_set,calendar_set,calendar_set,calendar_set,calendar_set,calendar_set
9061,calendar_query,calendar_query,calendar_query,calendar_query,calendar_query,calendar_query,calendar_query
9062,calendar_set,calendar_set,calendar_set,calendar_set,calendar_set,calendar_set,calendar_set
9074,calendar_remove,calendar_remove,calendar_remove,calendar_remove,calendar_remove,calendar_remove,calendar_remove
9088,calendar_remove,calendar_remove,calendar_remove,calendar_remove,calendar_remove,calendar_remove,calendar_remove
9095,calendar_remove,calendar_remove,calendar_remove,calendar_remove,calendar_remove,calendar_remove,lists_remove
9103,calendar_query,calendar_query,calendar_query,calendar_query,calendar_query,calendar_query,calendar_query
9107,calendar_query,calendar_query,calendar_query,calendar_query,calendar_query,calendar_query,calendar_query
9110,calendar_set,calendar_set,calendar_set,calendar_set,calendar_set,calendar_set,calendar_set
9112,calendar_set,calendar_set,calendar_set,calendar_set,calendar_set,calendar_set,calendar_set
9114,calendar_set,calendar_set,calendar_set,calendar_set,calendar_set,calendar_set,calendar_set
9116,calendar_query,calendar_set,calendar_set,calendar_query,calendar_set,calendar_set,calendar_set
9121,calendar_query,calendar_query,calendar_query,calendar_query,calendar_query,calendar_query,calendar_query
9124,calendar_set,calendar_query,calendar_query,calendar_query,calendar_query,calendar_query,calendar_query
9137,calendar_query,calendar_query,calendar_query,calendar_query,calendar_query,recommendation_locations,calendar_query
9138,qa_factoid,transport_query,general_quirky,general_quirky,calendar_query,calendar_query,general_quirky
9149,calendar_query,calendar_query,calendar_query,calendar_query,transport_query,calendar_query,calendar_query
9153,calendar_set,calendar_set,calendar_set,calendar_set,calendar_set,calendar_set,calendar_set
9155,calendar_set,calendar_set,calendar_set,calendar_set,calendar_set,calendar_set,calendar_set
9156,calendar_set,calendar_set,calendar_set,calendar_set,calendar_set,calendar_set,calendar_set
9175,calendar_query,calendar_set,calendar_set,calendar_set,calendar_remove,calendar_query,calendar_query
9182,calendar_remove,calendar_remove,calendar_remove,calendar_remove,calendar_remove,calendar_remove,calendar_remove
9187,calendar_set,email_sendemail,calendar_query,calendar_query,calendar_set,calendar_query,calendar_query
9193,calendar_set,calendar_set,calendar_set,calendar_set,calendar_set,calendar_set,calendar_set
9194,calendar_remove,calendar_remove,calendar_remove,calendar_remove,calendar_remove,calendar_remove,calendar_remove
9197,calendar_query,calendar_query,calendar_query,calendar_query,calendar_query,calendar_query,calendar_query
9198,calendar_query,calendar_query,calendar_query,calendar_query,calendar_query,calendar_query,calendar_query
9202,play_radio,play_radio,play_radio,play_radio,play_radio,play_radio,play_radio
9204,play_radio,play_radio,play_radio,play_radio,play_radio,play_radio,play_radio
9212,play_radio,play_radio,play_radio,play_radio,play_radio,play_radio,play_radio
9216,play_radio,play_music,play_radio,play_radio,play_radio,play_radio,play_radio
9225,play_radio,play_radio,play_radio,play_radio,play_radio,play_radio,play_radio
9233,play_radio,play_radio,play_radio,play_radio,play_radio,play_radio,play_radio
9236,play_radio,play_radio,play_radio,play_radio,play_radio,play_radio,play_radio
9237,play_radio,play_radio,play_radio,play_radio,play_radio,play_radio,play_radio
9250,play_radio,play_radio,play_radio,play_radio,play_radio,play_radio,play_radio
9254,play_radio,play_radio,play_radio,play_radio,play_radio,play_radio,play_radio
9263,play_radio,play_radio,play_radio,play_radio,play_radio,play_radio,play_radio
9269,play_radio,play_radio,play_radio,play_radio,play_radio,play_radio,play_radio
9270,play_radio,play_radio,play_radio,play_radio,play_radio,play_radio,play_radio
9275,play_radio,play_radio,play_radio,play_radio,play_radio,play_radio,play_radio
9284,play_radio,play_music,play_music,play_music,play_music,play_music,play_radio
9291,play_radio,play_music,play_radio,play_radio,play_music,play_music,play_radio
9301,play_radio,play_music,play_music,play_music,play_music,play_music,play_radio
9303,play_radio,play_radio,play_radio,play_radio,play_radio,play_radio,play_radio
9305,play_radio,play_music,play_music,play_music,play_radio,play_radio,play_music
9316,play_radio,play_music,play_music,play_music,play_game,play_music,play_radio
9317,play_radio,play_radio,play_radio,play_radio,play_radio,play_radio,play_radio
9321,play_radio,play_radio,play_radio,play_radio,play_radio,play_radio,play_radio
9323,play_radio,play_radio,play_radio,play_radio,iot_cleaning,play_radio,play_radio
9326,play_radio,play_radio,play_radio,play_radio,play_radio,play_radio,play_radio
9327,play_radio,play_radio,play_radio,play_radio,play_radio,play_radio,play_radio
9330,play_radio,play_music,play_music,play_music,play_music,play_music,play_music
9341,play_radio,play_radio,play_radio,play_radio,play_radio,play_radio,play_radio
9352,play_radio,play_radio,play_radio,play_radio,play_radio,play_radio,play_radio
9353,play_radio,play_radio,play_radio,play_radio,play_radio,play_radio,play_radio
9358,play_radio,play_radio,play_radio,play_radio,play_radio,play_radio,play_radio
9361,play_radio,play_radio,play_radio,play_radio,play_radio,play_radio,play_radio
9362,play_radio,play_radio,play_radio,play_radio,play_radio,play_radio,play_radio
9363,play_radio,play_radio,play_radio,play_radio,play_radio,play_radio,play_radio
9364,play_radio,play_music,play_music,play_music,play_music,play_music,play_music
9380,play_radio,play_radio,play_radio,play_radio,play_radio,play_radio,play_radio
9384,play_radio,play_radio,play_radio,play_radio,play_radio,play_radio,play_radio
9394,play_radio,play_radio,play_radio,play_radio,play_radio,play_radio,play_radio
9402,play_radio,play_radio,play_radio,play_radio,play_radio,play_radio,play_radio
9406,play_radio,play_radio,play_radio,play_radio,play_radio,play_radio,play_radio
9408,play_radio,play_radio,play_radio,play_radio,play_radio,play_radio,play_radio
9426,play_radio,play_radio,play_radio,play_radio,play_music,play_radio,play_radio
9438,play_radio,play_music,play_radio,play_radio,play_radio,play_radio,play_radio
9457,play_music,play_music,play_music,play_music,play_music,play_music,play_music
9460,play_music,play_music,play_music,play_music,play_music,play_music,play_music
9471,play_radio,play_radio,play_radio,play_radio,play_music,play_radio,play_radio
9494,play_radio,play_music,play_radio,play_music,play_music,play_radio,play_radio
9506,play_radio,play_radio,play_radio,play_radio,play_radio,play_radio,play_radio
9507,play_radio,play_radio,play_radio,play_radio,play_radio,play_radio,play_radio
9519,play_radio,play_radio,play_radio,play_radio,play_music,play_radio,play_radio
9520,play_radio,play_radio,play_radio,play_radio,play_radio,play_radio,play_radio
9524,play_radio,play_radio,play_radio,play_radio,iot_wemo_on,play_radio,play_radio
9528,play_radio,play_music,play_music,play_music,play_music,play_radio,play_radio
9541,play_radio,play_radio,play_radio,play_radio,play_radio,play_radio,play_radio
9542,play_radio,news_query,play_radio,play_radio,news_query,play_radio,play_radio
9545,play_radio,play_radio,play_radio,play_radio,play_music,play_radio,play_radio
9554,play_radio,play_radio,play_radio,play_radio,play_music,play_music,play_radio
9561,play_radio,play_radio,play_radio,play_radio,play_radio,play_radio,play_radio
9562,play_radio,play_radio,play_radio,play_radio,play_music,play_radio,play_radio
9565,play_radio,play_radio,play_radio,play_radio,play_radio,play_radio,play_radio
9568,play_radio,play_music,play_music,play_music,play_music,play_music,play_music
9569,play_radio,play_radio,play_radio,play_radio,play_music,general_quirky,play_radio
9577,play_radio,play_radio,play_radio,play_radio,play_radio,play_radio,play_radio
9591,play_radio,play_radio,play_radio,play_radio,play_radio,play_radio,play_radio
9592,play_podcasts,news_query,play_podcasts,play_podcasts,cooking_recipe,play_podcasts,play_podcasts
9594,play_radio,play_radio,play_radio,play_radio,play_radio,play_radio,play_radio
9601,play_radio,play_music,play_radio,play_radio,play_radio,play_radio,play_radio
9617,play_radio,play_radio,play_radio,play_radio,play_music,play_radio,play_radio
9619,play_radio,play_radio,play_radio,play_radio,play_radio,play_radio,play_radio
9620,play_radio,play_radio,play_radio,play_radio,play_radio,play_radio,play_radio
9629,play_radio,play_radio,play_radio,play_radio,play_radio,play_radio,play_radio
9630,play_radio,play_radio,play_radio,play_radio,play_radio,play_radio,play_radio
9632,play_radio,play_radio,play_radio,play_radio,play_radio,play_radio,play_radio
9637,play_radio,play_music,play_radio,play_radio,play_radio,play_radio,play_radio
9640,play_radio,play_radio,play_radio,play_radio,play_radio,play_radio,play_radio
9651,play_radio,play_radio,play_radio,play_radio,play_radio,play_radio,play_radio
9656,play_music,play_music,play_music,play_music,play_music,play_music,play_music
9669,play_audiobook,play_music,play_music,play_music,play_music,play_music,play_music
9674,play_audiobook,play_audiobook,play_audiobook,play_audiobook,play_audiobook,play_audiobook,play_audiobook
9676,play_audiobook,play_audiobook,play_audiobook,play_audiobook,play_audiobook,play_audiobook,play_audiobook
9678,play_audiobook,play_radio,play_radio,play_radio,general_quirky,calendar_set,play_radio
9680,play_audiobook,play_audiobook,play_audiobook,play_audiobook,play_audiobook,play_audiobook,play_audiobook
9689,play_audiobook,play_audiobook,play_audiobook,play_audiobook,play_audiobook,play_audiobook,play_audiobook
9691,play_audiobook,play_audiobook,play_audiobook,play_audiobook,play_audiobook,play_audiobook,play_audiobook
9694,play_audiobook,play_audiobook,play_audiobook,play_audiobook,play_audiobook,play_audiobook,play_audiobook
9700,play_audiobook,qa_factoid,qa_factoid,qa_factoid,play_music,play_audiobook,qa_factoid
9706,play_music,play_music,play_music,play_music,play_music,play_music,play_music
9707,play_music,play_music,play_music,play_music,play_music,play_music,play_music
9718,play_audiobook,play_audiobook,play_audiobook,play_audiobook,play_audiobook,play_audiobook,play_audiobook
9720,play_audiobook,play_audiobook,play_audiobook,play_audiobook,play_audiobook,play_audiobook,play_audiobook
9726,play_audiobook,play_audiobook,play_audiobook,play_audiobook,play_audiobook,play_audiobook,play_audiobook
9732,play_audiobook,play_audiobook,play_audiobook,play_audiobook,play_audiobook,play_audiobook,play_audiobook
9738,play_music,play_music,play_music,play_music,play_music,play_music,play_music
9746,play_audiobook,play_audiobook,play_audiobook,play_audiobook,play_music,play_music,play_audiobook
9754,play_audiobook,play_audiobook,play_audiobook,play_audiobook,play_audiobook,play_audiobook,play_audiobook
9760,play_audiobook,play_music,play_music,play_music,play_music,audio_volume_mute,audio_volume_mute
9761,play_audiobook,social_post,audio_volume_mute,general_quirky,general_quirky,audio_volume_mute,audio_volume_up
9767,play_audiobook,play_audiobook,play_audiobook,play_audiobook,play_audiobook,play_audiobook,play_audiobook
9768,play_audiobook,play_audiobook,play_audiobook,play_audiobook,play_audiobook,play_audiobook,play_audiobook
9772,play_audiobook,play_audiobook,play_audiobook,play_audiobook,play_audiobook,play_audiobook,play_audiobook
9793,play_music,play_music,play_music,play_music,play_music,play_music,play_music
9795,play_music,play_music,play_audiobook,play_audiobook,play_audiobook,play_audiobook,play_audiobook
9812,play_audiobook,play_audiobook,play_audiobook,play_audiobook,play_audiobook,play_audiobook,play_audiobook
9815,play_audiobook,play_audiobook,play_audiobook,play_audiobook,play_audiobook,play_audiobook,play_audiobook
9827,play_audiobook,play_audiobook,play_audiobook,play_audiobook,play_audiobook,play_audiobook,play_audiobook
9844,play_audiobook,play_audiobook,play_audiobook,play_audiobook,play_audiobook,play_audiobook,play_audiobook
9851,play_audiobook,play_audiobook,play_audiobook,play_audiobook,play_audiobook,play_audiobook,play_audiobook
9853,play_audiobook,play_audiobook,play_audiobook,play_audiobook,play_audiobook,play_audiobook,play_audiobook
9855,play_audiobook,play_audiobook,play_audiobook,play_audiobook,play_audiobook,play_audiobook,play_audiobook
9856,play_audiobook,play_audiobook,play_audiobook,play_audiobook,play_audiobook,play_audiobook,play_audiobook
9857,play_audiobook,play_music,play_audiobook,play_audiobook,play_audiobook,play_audiobook,play_audiobook
9871,play_audiobook,play_music,play_audiobook,play_audiobook,play_audiobook,play_audiobook,play_audiobook
9875,play_audiobook,play_audiobook,play_audiobook,play_audiobook,transport_taxi,play_audiobook,play_audiobook
9878,play_audiobook,play_audiobook,play_audiobook,play_audiobook,play_audiobook,play_audiobook,play_audiobook
9881,play_audiobook,play_audiobook,play_audiobook,play_audiobook,play_audiobook,play_audiobook,play_audiobook
9885,play_audiobook,play_music,play_music,play_audiobook,play_music,play_audiobook,play_audiobook
9895,play_audiobook,play_audiobook,play_audiobook,play_audiobook,play_game,play_music,play_audiobook
9896,play_audiobook,general_quirky,general_quirky,general_quirky,general_quirky,play_audiobook,play_audiobook
9897,play_audiobook,play_radio,play_radio,general_quirky,general_quirky,play_audiobook,play_audiobook
9902,play_audiobook,general_quirky,play_audiobook,play_audiobook,play_audiobook,play_audiobook,play_audiobook
9909,play_audiobook,play_audiobook,play_audiobook,play_audiobook,play_audiobook,play_audiobook,play_audiobook
9912,cooking_recipe,cooking_recipe,cooking_recipe,cooking_recipe,cooking_recipe,cooking_recipe,cooking_recipe
9918,cooking_recipe,cooking_recipe,cooking_recipe,cooking_recipe,cooking_recipe,cooking_recipe,cooking_recipe
9923,cooking_recipe,cooking_recipe,cooking_recipe,cooking_recipe,cooking_recipe,cooking_recipe,cooking_recipe
9924,cooking_recipe,cooking_recipe,cooking_recipe,cooking_recipe,cooking_recipe,cooking_recipe,cooking_recipe
9930,cooking_recipe,cooking_recipe,cooking_recipe,cooking_recipe,cooking_recipe,cooking_recipe,cooking_recipe
9931,cooking_recipe,cooking_recipe,cooking_recipe,cooking_recipe,cooking_recipe,cooking_recipe,cooking_recipe
9940,cooking_recipe,cooking_recipe,cooking_recipe,cooking_recipe,cooking_recipe,cooking_recipe,cooking_recipe
9941,cooking_recipe,cooking_recipe,cooking_recipe,cooking_recipe,cooking_recipe,cooking_recipe,cooking_recipe
9942,cooking_recipe,cooking_recipe,cooking_recipe,cooking_recipe,general_quirky,cooking_recipe,cooking_recipe
9943,cooking_recipe,cooking_recipe,cooking_recipe,cooking_recipe,cooking_recipe,cooking_recipe,cooking_recipe
9952,cooking_recipe,cooking_recipe,cooking_recipe,cooking_recipe,cooking_recipe,cooking_recipe,cooking_recipe
9955,cooking_recipe,cooking_recipe,cooking_recipe,cooking_recipe,cooking_recipe,general_quirky,cooking_recipe
9956,cooking_recipe,cooking_recipe,cooking_recipe,cooking_recipe,cooking_recipe,cooking_recipe,cooking_recipe
9961,cooking_recipe,cooking_recipe,cooking_recipe,cooking_recipe,weather_query,cooking_recipe,cooking_recipe
9962,cooking_recipe,cooking_recipe,cooking_recipe,cooking_recipe,cooking_recipe,cooking_recipe,cooking_recipe
9964,cooking_recipe,cooking_recipe,cooking_recipe,cooking_recipe,general_quirky,cooking_recipe,cooking_recipe
9966,cooking_recipe,cooking_recipe,cooking_recipe,cooking_recipe,cooking_recipe,cooking_recipe,cooking_recipe
9969,cooking_recipe,general_quirky,general_quirky,general_quirky,qa_factoid,cooking_recipe,cooking_recipe
9971,cooking_recipe,qa_factoid,qa_factoid,qa_factoid,general_quirky,cooking_recipe,general_quirky
9976,cooking_recipe,calendar_query,iot_cleaning,lists_createoradd,lists_createoradd,cooking_recipe,cooking_recipe
9977,cooking_recipe,cooking_recipe,cooking_recipe,cooking_recipe,cooking_recipe,cooking_recipe,cooking_recipe
9979,cooking_recipe,cooking_recipe,cooking_recipe,cooking_recipe,cooking_recipe,cooking_recipe,cooking_recipe
9980,cooking_recipe,general_quirky,general_quirky,general_quirky,weather_query,lists_createoradd,cooking_recipe
9986,cooking_recipe,calendar_set,general_quirky,general_quirky,general_quirky,cooking_recipe,cooking_recipe
9994,cooking_recipe,cooking_recipe,cooking_recipe,cooking_recipe,cooking_recipe,cooking_recipe,cooking_recipe
10016,cooking_recipe,cooking_recipe,cooking_recipe,cooking_recipe,cooking_recipe,cooking_recipe,cooking_recipe
10019,cooking_recipe,cooking_recipe,cooking_recipe,general_quirky,general_quirky,cooking_recipe,cooking_recipe
10023,cooking_recipe,cooking_recipe,cooking_recipe,cooking_recipe,cooking_recipe,cooking_recipe,cooking_recipe
10027,cooking_recipe,cooking_recipe,cooking_recipe,cooking_recipe,cooking_recipe,cooking_recipe,cooking_recipe
10031,cooking_recipe,lists_query,cooking_recipe,lists_query,lists_query,cooking_recipe,cooking_recipe
10038,cooking_recipe,cooking_recipe,cooking_recipe,cooking_recipe,cooking_recipe,cooking_recipe,cooking_recipe
10045,cooking_recipe,cooking_recipe,cooking_recipe,cooking_recipe,cooking_recipe,cooking_recipe,cooking_recipe
10048,cooking_recipe,cooking_recipe,cooking_recipe,cooking_recipe,cooking_recipe,cooking_recipe,cooking_recipe
10049,cooking_recipe,cooking_recipe,cooking_recipe,cooking_recipe,cooking_recipe,cooking_recipe,cooking_recipe
10053,cooking_recipe,cooking_recipe,cooking_recipe,cooking_recipe,cooking_recipe,cooking_recipe,cooking_recipe
10055,cooking_recipe,cooking_recipe,cooking_recipe,cooking_recipe,cooking_recipe,cooking_recipe,cooking_recipe
10061,cooking_recipe,general_quirky,general_quirky,general_quirky,general_quirky,general_quirky,cooking_recipe
10072,cooking_recipe,cooking_recipe,cooking_recipe,news_query,cooking_recipe,cooking_recipe,cooking_recipe
10076,cooking_recipe,cooking_recipe,cooking_recipe,cooking_recipe,general_quirky,cooking_recipe,cooking_recipe
10077,cooking_recipe,cooking_recipe,cooking_recipe,cooking_recipe,cooking_recipe,cooking_recipe,cooking_recipe
10078,cooking_recipe,cooking_recipe,cooking_recipe,cooking_recipe,cooking_recipe,cooking_recipe,cooking_recipe
10080,cooking_recipe,cooking_recipe,cooking_recipe,cooking_recipe,cooking_recipe,cooking_recipe,cooking_recipe
10081,cooking_recipe,cooking_recipe,cooking_recipe,cooking_recipe,cooking_recipe,cooking_recipe,cooking_recipe
10090,cooking_recipe,cooking_recipe,cooking_recipe,cooking_recipe,cooking_recipe,cooking_recipe,cooking_recipe
10093,cooking_recipe,qa_factoid,qa_factoid,qa_factoid,general_greet,cooking_recipe,cooking_recipe
10097,cooking_recipe,general_quirky,general_quirky,general_quirky,general_quirky,takeaway_order,cooking_recipe
10099,cooking_recipe,cooking_recipe,cooking_recipe,cooking_recipe,cooking_recipe,cooking_recipe,cooking_recipe
10100,cooking_recipe,cooking_recipe,cooking_recipe,cooking_recipe,cooking_recipe,cooking_recipe,cooking_recipe
10105,cooking_recipe,cooking_recipe,cooking_recipe,cooking_recipe,cooking_recipe,cooking_recipe,cooking_recipe
10107,cooking_recipe,cooking_recipe,cooking_recipe,cooking_recipe,cooking_recipe,cooking_recipe,cooking_recipe
10119,cooking_recipe,cooking_recipe,cooking_recipe,cooking_recipe,cooking_recipe,cooking_recipe,cooking_recipe
10125,cooking_recipe,qa_currency,datetime_convert,datetime_convert,qa_factoid,cooking_recipe,cooking_recipe
10132,cooking_recipe,cooking_recipe,cooking_recipe,cooking_recipe,cooking_recipe,cooking_recipe,cooking_recipe
10150,cooking_recipe,cooking_recipe,cooking_recipe,cooking_recipe,cooking_recipe,cooking_recipe,cooking_recipe
10156,cooking_recipe,cooking_recipe,cooking_recipe,cooking_recipe,cooking_recipe,cooking_recipe,cooking_recipe
10164,cooking_recipe,cooking_recipe,cooking_recipe,cooking_recipe,cooking_recipe,cooking_recipe,cooking_recipe
10166,cooking_recipe,cooking_recipe,cooking_recipe,cooking_recipe,cooking_recipe,cooking_recipe,cooking_recipe
10171,cooking_recipe,cooking_recipe,cooking_recipe,cooking_recipe,cooking_recipe,cooking_recipe,cooking_recipe
10177,cooking_recipe,cooking_recipe,cooking_recipe,cooking_recipe,cooking_recipe,cooking_recipe,cooking_recipe
10182,cooking_recipe,cooking_recipe,cooking_recipe,cooking_recipe,cooking_recipe,cooking_recipe,cooking_recipe
10197,cooking_recipe,cooking_recipe,cooking_recipe,cooking_recipe,cooking_recipe,cooking_recipe,cooking_recipe
10206,cooking_recipe,cooking_recipe,cooking_recipe,cooking_recipe,general_greet,cooking_recipe,cooking_recipe
10213,cooking_recipe,lists_remove,cooking_recipe,lists_createoradd,lists_createoradd,cooking_recipe,cooking_recipe
10214,cooking_recipe,calendar_set,cooking_recipe,cooking_recipe,weather_query,cooking_recipe,cooking_recipe
10216,cooking_recipe,news_query,lists_query,recommendation_events,news_query,qa_factoid,cooking_query
10217,cooking_recipe,cooking_recipe,cooking_recipe,cooking_recipe,cooking_recipe,cooking_recipe,cooking_recipe
10220,cooking_recipe,cooking_recipe,cooking_recipe,cooking_recipe,cooking_recipe,cooking_recipe,cooking_recipe
10224,cooking_recipe,weather_query,weather_query,weather_query,general_quirky,cooking_recipe,general_quirky
10226,cooking_recipe,cooking_recipe,cooking_recipe,cooking_recipe,cooking_recipe,cooking_recipe,cooking_recipe
10247,play_game,play_game,play_game,play_game,play_game,play_game,play_game
10256,play_game,play_game,play_game,play_game,play_game,play_game,play_game
10260,play_game,play_game,play_game,play_game,play_game,play_game,play_game
10263,play_game,play_game,play_game,play_game,play_game,play_game,play_game
10268,play_game,play_game,play_game,play_game,play_game,play_game,play_game
10276,play_game,play_game,play_game,play_game,play_game,play_game,play_game
10285,play_game,play_music,play_music,play_music,play_music,play_game,play_game
10286,play_game,play_music,iot_coffee,general_quirky,general_quirky,play_game,play_game
10288,play_game,play_game,play_game,play_game,play_game,play_game,play_game
10292,play_game,play_game,play_game,play_game,play_game,play_game,play_game
10296,play_game,play_game,play_game,play_game,play_game,play_game,play_game
10302,play_game,calendar_set,play_game,play_game,play_game,play_game,play_game
10308,play_game,play_music,play_music,play_music,play_music,play_game,play_game
10317,play_game,play_game,play_game,play_game,play_music,play_game,play_game
10319,play_game,play_game,play_game,play_game,play_game,play_game,play_game
10321,play_game,play_music,play_game,play_game,play_game,play_game,play_game
10323,play_game,play_game,play_game,play_game,play_game,play_game,play_game
10333,play_game,play_radio,play_radio,play_radio,transport_taxi,play_audiobook,play_audiobook
10335,play_game,play_game,play_game,play_game,play_game,play_game,play_game
10338,play_game,play_audiobook,play_game,play_game,play_game,play_game,play_game
10339,play_game,play_game,play_game,play_game,play_game,play_game,play_game
10346,play_game,play_game,play_game,play_game,play_game,play_game,play_game
10349,play_game,play_music,play_game,play_music,play_game,play_game,play_game
10350,play_game,play_music,play_music,play_music,play_music,play_music,play_game
10352,play_game,play_music,play_music,play_music,play_music,play_music,play_audiobook
10353,play_game,calendar_set,audio_volume_up,audio_volume_up,audio_volume_up,play_audiobook,play_audiobook
10355,play_game,play_game,play_game,play_game,play_game,play_game,play_game
10357,play_game,play_game,play_game,play_game,play_game,play_game,play_game
10365,play_game,play_game,play_game,play_game,play_game,play_game,play_game
10366,play_game,general_quirky,transport_query,play_music,play_music,play_music,play_game
10381,play_game,play_game,play_game,play_game,iot_cleaning,play_game,play_game
10399,play_game,play_game,play_game,play_game,play_game,play_game,play_game
10403,play_game,play_game,play_game,play_game,play_game,play_game,play_game
10406,play_game,play_game,play_game,play_game,play_game,play_game,play_game
10426,lists_query,calendar_query,calendar_query,calendar_query,qa_factoid,general_quirky,calendar_query
10427,lists_remove,lists_remove,lists_query,lists_query,lists_remove,lists_createoradd,lists_remove
10430,lists_remove,lists_remove,lists_remove,lists_remove,lists_remove,lists_remove,lists_remove
10433,lists_remove,lists_remove,lists_remove,lists_remove,lists_remove,lists_remove,lists_remove
10440,lists_query,lists_query,lists_query,lists_query,lists_query,calendar_query,lists_query
10442,lists_remove,lists_remove,lists_remove,lists_remove,lists_remove,lists_remove,lists_remove
10444,lists_remove,lists_remove,lists_remove,lists_remove,lists_remove,lists_remove,lists_remove
10451,lists_query,general_quirky,weather_query,general_quirky,weather_query,general_quirky,general_quirky
10455,lists_query,lists_query,lists_query,lists_query,lists_query,lists_query,lists_query
10462,lists_remove,lists_remove,lists_remove,lists_remove,lists_remove,lists_remove,lists_remove
10471,lists_createoradd,lists_createoradd,lists_createoradd,lists_createoradd,lists_createoradd,lists_createoradd,lists_createoradd
10472,lists_createoradd,play_music,play_music,play_music,play_music,lists_createoradd,lists_createoradd
10493,lists_query,lists_query,lists_query,lists_query,lists_query,lists_query,lists_query
10494,lists_remove,calendar_remove,lists_remove,lists_remove,lists_remove,lists_remove,lists_remove
10497,qa_factoid,calendar_set,lists_createoradd,lists_createoradd,lists_query,recommendation_locations,recommendation_locations
10501,lists_createoradd,lists_createoradd,lists_createoradd,lists_createoradd,lists_createoradd,lists_createoradd,lists_createoradd
10503,lists_createoradd,lists_createoradd,lists_createoradd,lists_createoradd,lists_createoradd,lists_createoradd,lists_createoradd
10508,lists_remove,lists_remove,lists_remove,lists_remove,lists_remove,lists_remove,lists_remove
10512,lists_query,lists_query,lists_query,lists_query,lists_query,lists_query,lists_query
10513,lists_createoradd,lists_createoradd,lists_createoradd,lists_createoradd,lists_createoradd,lists_createoradd,lists_createoradd
10523,lists_remove,lists_remove,lists_remove,lists_remove,lists_remove,lists_remove,lists_remove
10525,lists_remove,calendar_remove,calendar_remove,calendar_remove,calendar_remove,calendar_remove,calendar_remove
10527,lists_remove,lists_remove,lists_remove,lists_remove,lists_remove,lists_remove,lists_remove
10534,lists_query,lists_query,lists_query,lists_query,lists_query,lists_query,lists_query
10538,lists_query,lists_remove,lists_query,lists_query,lists_remove,lists_query,lists_query
10563,lists_createoradd,lists_createoradd,lists_createoradd,lists_createoradd,lists_createoradd,lists_createoradd,lists_createoradd
10565,lists_remove,calendar_remove,calendar_remove,calendar_remove,calendar_remove,lists_remove,lists_remove
10568,lists_remove,lists_remove,lists_remove,lists_remove,lists_remove,lists_remove,lists_remove
10570,lists_query,lists_query,lists_query,lists_query,lists_query,lists_query,lists_query
10571,lists_query,calendar_set,general_quirky,general_quirky,general_quirky,news_query,general_quirky
10577,lists_query,lists_query,lists_query,lists_query,lists_query,lists_query,lists_query
10579,lists_remove,calendar_query,lists_query,lists_query,lists_query,lists_remove,lists_remove
10588,lists_query,lists_query,lists_query,lists_query,lists_query,lists_query,lists_query
10590,lists_remove,lists_remove,lists_remove,lists_remove,lists_remove,lists_remove,lists_remove
10600,lists_createoradd,lists_createoradd,lists_createoradd,lists_createoradd,lists_createoradd,lists_createoradd,lists_createoradd
10608,lists_createoradd,lists_remove,lists_createoradd,qa_factoid,lists_createoradd,qa_definition,lists_createoradd
10621,lists_createoradd,calendar_set,calendar_set,calendar_set,calendar_set,lists_createoradd,takeaway_order
10636,lists_createoradd,lists_createoradd,lists_createoradd,lists_createoradd,lists_createoradd,lists_createoradd,lists_createoradd
10640,lists_createoradd,lists_createoradd,lists_createoradd,lists_createoradd,lists_createoradd,lists_createoradd,lists_createoradd
10645,lists_createoradd,lists_createoradd,lists_createoradd,lists_createoradd,lists_createoradd,lists_createoradd,lists_createoradd
10655,lists_remove,lists_remove,lists_remove,lists_remove,lists_remove,lists_remove,lists_remove
10667,lists_query,lists_query,lists_query,lists_query,lists_remove,lists_query,lists_query
10673,lists_remove,lists_remove,lists_remove,lists_remove,lists_remove,lists_remove,lists_remove
10674,lists_remove,lists_remove,lists_remove,lists_createoradd,lists_remove,lists_remove,lists_remove
10678,lists_createoradd,calendar_set,lists_createoradd,lists_createoradd,lists_createoradd,lists_createoradd,lists_createoradd
10679,lists_query,lists_query,lists_query,lists_query,lists_query,lists_query,lists_query
10684,lists_query,lists_query,lists_query,lists_query,lists_query,lists_query,lists_query
10687,lists_remove,general_quirky,calendar_remove,calendar_remove,calendar_remove,calendar_remove,calendar_remove
10696,lists_remove,lists_createoradd,lists_createoradd,general_quirky,general_quirky,iot_hue_lightchange,calendar_remove
10699,lists_query,lists_query,lists_query,lists_query,lists_query,lists_query,lists_query
10709,lists_createoradd,lists_createoradd,lists_createoradd,lists_createoradd,lists_createoradd,lists_createoradd,lists_createoradd
10712,lists_createoradd,lists_createoradd,lists_createoradd,lists_createoradd,lists_createoradd,lists_createoradd,lists_createoradd
10718,lists_remove,lists_remove,lists_remove,lists_remove,lists_remove,lists_remove,lists_remove
10731,lists_query,lists_query,lists_query,lists_query,lists_query,lists_query,lists_query
10738,lists_createoradd,lists_createoradd,lists_createoradd,lists_createoradd,lists_createoradd,lists_createoradd,lists_createoradd
10743,lists_remove,lists_remove,lists_remove,lists_remove,lists_remove,lists_remove,lists_remove
10753,lists_query,qa_stock,lists_createoradd,lists_createoradd,lists_query,lists_query,lists_query
10755,lists_remove,lists_remove,lists_query,lists_query,lists_query,lists_remove,lists_remove
10756,lists_remove,lists_remove,lists_query,lists_query,lists_remove,lists_remove,lists_remove
10757,lists_query,lists_query,lists_query,lists_query,lists_query,lists_query,lists_query
10759,lists_query,lists_query,lists_query,lists_query,lists_query,lists_query,lists_query
10760,lists_query,calendar_set,lists_query,lists_query,lists_query,lists_query,lists_query
10770,lists_remove,lists_remove,lists_remove,lists_remove,lists_remove,lists_remove,lists_remove
10772,calendar_remove,calendar_remove,calendar_remove,calendar_remove,calendar_remove,calendar_remove,calendar_remove
10776,lists_query,lists_query,lists_query,lists_query,lists_query,lists_query,lists_query
10786,lists_remove,calendar_remove,calendar_remove,calendar_remove,lists_createoradd,calendar_remove,lists_remove
10790,lists_remove,lists_remove,lists_remove,lists_remove,lists_remove,lists_remove,lists_remove
10792,lists_createoradd,lists_createoradd,lists_createoradd,lists_createoradd,lists_createoradd,lists_createoradd,lists_createoradd
10804,lists_query,lists_query,lists_query,lists_query,lists_query,lists_query,lists_query
10805,lists_query,lists_query,lists_query,lists_query,lists_query,lists_query,lists_query
10808,lists_remove,lists_remove,lists_remove,lists_remove,lists_remove,lists_remove,lists_remove
10812,lists_createoradd,lists_createoradd,lists_createoradd,lists_createoradd,lists_createoradd,lists_createoradd,lists_createoradd
10815,lists_createoradd,lists_createoradd,lists_createoradd,lists_createoradd,lists_createoradd,lists_createoradd,lists_createoradd
10816,lists_createoradd,lists_createoradd,play_music,play_music,play_music,lists_createoradd,lists_createoradd
10824,lists_remove,calendar_remove,lists_query,lists_query,lists_query,lists_remove,lists_remove
10825,lists_remove,lists_remove,lists_query,lists_query,lists_remove,lists_remove,lists_remove
10827,lists_remove,lists_remove,lists_remove,lists_remove,lists_remove,lists_remove,lists_remove
10828,lists_remove,calendar_remove,calendar_remove,calendar_remove,calendar_remove,calendar_remove,calendar_remove
10832,calendar_query,calendar_query,calendar_query,calendar_query,calendar_query,calendar_query,calendar_query
10843,lists_remove,lists_remove,lists_remove,lists_remove,lists_remove,lists_remove,lists_remove
10846,lists_remove,general_quirky,calendar_remove,calendar_remove,calendar_remove,lists_remove,lists_remove
10848,lists_remove,lists_remove,lists_remove,lists_remove,lists_remove,lists_remove,lists_remove
10851,lists_query,lists_query,lists_query,lists_query,lists_query,lists_query,lists_query
10853,lists_remove,general_quirky,iot_hue_lightoff,iot_hue_lightoff,audio_volume_mute,lists_remove,lists_remove
10855,lists_query,email_query,lists_query,lists_query,lists_query,lists_query,lists_query
10858,lists_createoradd,lists_createoradd,lists_createoradd,lists_createoradd,lists_createoradd,lists_createoradd,lists_createoradd
10868,lists_query,lists_query,lists_query,lists_query,lists_query,lists_query,lists_query
10887,lists_remove,lists_remove,lists_remove,lists_remove,lists_remove,lists_remove,lists_remove
10893,lists_createoradd,lists_createoradd,lists_createoradd,lists_createoradd,lists_createoradd,lists_createoradd,lists_createoradd
10895,lists_remove,lists_remove,lists_remove,lists_remove,lists_remove,lists_remove,lists_remove
10898,lists_createoradd,lists_createoradd,lists_createoradd,lists_createoradd,lists_createoradd,lists_createoradd,lists_createoradd
10909,lists_query,lists_query,lists_query,lists_query,lists_query,lists_query,lists_query
10915,lists_createoradd,lists_createoradd,lists_createoradd,lists_createoradd,lists_createoradd,lists_createoradd,lists_createoradd
10927,lists_query,play_music,lists_query,lists_query,lists_query,lists_query,lists_query
10931,lists_query,lists_query,lists_query,lists_query,lists_query,music_query,lists_query
10936,lists_remove,lists_remove,lists_remove,lists_remove,lists_remove,lists_remove,lists_remove
10938,lists_createoradd,lists_createoradd,lists_createoradd,lists_createoradd,lists_createoradd,lists_createoradd,lists_createoradd
10940,lists_createoradd,lists_createoradd,lists_createoradd,lists_createoradd,lists_createoradd,lists_createoradd,lists_createoradd
10954,lists_query,lists_query,lists_query,lists_query,lists_query,lists_query,lists_query
10956,lists_query,lists_query,lists_query,email_querycontact,email_querycontact,email_querycontact,email_querycontact
10957,lists_query,lists_query,lists_query,lists_query,calendar_set,lists_query,lists_query
10960,lists_remove,lists_remove,lists_remove,lists_remove,lists_remove,lists_remove,lists_remove
10970,lists_remove,lists_remove,lists_remove,lists_remove,calendar_remove,lists_remove,lists_remove
10979,lists_query,lists_query,lists_query,lists_query,lists_query,lists_query,lists_query
10981,lists_query,news_query,lists_query,lists_query,lists_query,lists_query,lists_query
10982,lists_createoradd,lists_createoradd,lists_createoradd,lists_createoradd,lists_query,lists_createoradd,lists_createoradd
10985,lists_remove,calendar_remove,calendar_remove,calendar_remove,calendar_remove,lists_remove,calendar_remove
10990,lists_remove,lists_query,iot_wemo_on,calendar_remove,calendar_remove,lists_remove,lists_remove
10996,lists_createoradd,lists_createoradd,lists_createoradd,lists_createoradd,lists_createoradd,email_addcontact,email_querycontact
10999,lists_query,lists_query,lists_query,lists_query,lists_query,lists_query,lists_query
11023,lists_remove,lists_remove,lists_remove,lists_remove,lists_remove,lists_remove,lists_remove
11024,lists_remove,lists_remove,lists_remove,lists_remove,lists_remove,lists_remove,lists_remove
11026,lists_createoradd,lists_createoradd,lists_createoradd,lists_createoradd,lists_createoradd,lists_createoradd,lists_createoradd
11029,lists_createoradd,lists_createoradd,lists_createoradd,lists_createoradd,lists_createoradd,lists_createoradd,lists_createoradd
11053,lists_remove,lists_remove,lists_remove,lists_remove,lists_remove,lists_remove,lists_remove
11067,lists_createoradd,lists_createoradd,lists_createoradd,lists_createoradd,lists_createoradd,lists_createoradd,lists_createoradd
11075,lists_query,lists_query,lists_query,lists_query,lists_query,lists_query,lists_query
11081,lists_query,lists_query,lists_query,lists_query,lists_query,lists_query,lists_query
11085,lists_remove,lists_remove,lists_remove,lists_remove,lists_remove,lists_remove,lists_remove
11098,lists_remove,lists_remove,lists_remove,lists_remove,lists_remove,lists_remove,lists_remove
11107,lists_query,lists_query,lists_query,lists_query,lists_query,lists_query,lists_query
11124,lists_query,lists_query,lists_query,lists_query,lists_query,lists_query,lists_query
11125,lists_query,calendar_query,takeaway_order,takeaway_order,takeaway_order,lists_query,lists_query
11133,lists_remove,lists_remove,lists_remove,lists_remove,lists_remove,lists_remove,lists_remove
11140,lists_createoradd,calendar_set,lists_createoradd,lists_createoradd,lists_query,lists_createoradd,lists_createoradd
11141,lists_createoradd,lists_createoradd,lists_createoradd,lists_createoradd,lists_createoradd,lists_createoradd,lists_createoradd
11146,lists_createoradd,email_querycontact,email_querycontact,email_querycontact,lists_createoradd,email_addcontact,email_addcontact
11154,lists_query,lists_createoradd,lists_query,lists_query,lists_query,lists_query,lists_query
11157,lists_createoradd,lists_createoradd,lists_createoradd,lists_createoradd,lists_createoradd,lists_createoradd,lists_createoradd
11162,lists_remove,lists_remove,lists_remove,lists_remove,lists_remove,lists_remove,lists_remove
11164,lists_remove,lists_remove,lists_remove,lists_remove,lists_remove,lists_remove,lists_remove
11166,lists_query,news_query,news_query,news_query,qa_factoid,news_query,general_quirky
11168,lists_remove,lists_remove,lists_query,lists_query,lists_query,lists_remove,lists_remove
11172,lists_query,lists_query,lists_query,lists_query,lists_query,lists_query,lists_query
11174,lists_query,lists_query,lists_query,lists_query,lists_query,lists_query,lists_query
11177,lists_createoradd,lists_createoradd,lists_createoradd,lists_createoradd,lists_createoradd,lists_createoradd,lists_createoradd
11180,calendar_query,play_music,general_quirky,calendar_query,general_quirky,calendar_set,calendar_query
11186,lists_query,lists_query,lists_query,lists_query,lists_query,lists_query,lists_query
11189,lists_query,lists_remove,lists_query,lists_query,lists_query,lists_query,lists_query
11204,lists_query,general_quirky,general_quirky,general_quirky,calendar_query,general_quirky,general_quirky
11215,lists_query,lists_createoradd,lists_query,lists_query,lists_query,lists_query,lists_query
11238,lists_createoradd,lists_createoradd,lists_createoradd,lists_createoradd,lists_createoradd,lists_createoradd,lists_createoradd
11250,lists_query,lists_query,lists_query,lists_query,lists_query,lists_query,lists_query
11257,play_podcasts,play_podcasts,play_podcasts,play_podcasts,play_podcasts,play_music,play_podcasts
11259,play_podcasts,play_podcasts,play_podcasts,play_podcasts,play_podcasts,play_podcasts,play_podcasts
11261,play_podcasts,calendar_query,calendar_query,play_podcasts,play_podcasts,play_podcasts,play_podcasts
11265,play_podcasts,play_podcasts,play_podcasts,play_podcasts,play_podcasts,play_music,play_podcasts
11266,play_podcasts,play_podcasts,play_podcasts,play_podcasts,play_podcasts,play_podcasts,play_podcasts
11267,play_podcasts,play_podcasts,play_podcasts,play_podcasts,play_podcasts,play_podcasts,play_podcasts
11270,play_podcasts,play_podcasts,play_podcasts,play_podcasts,play_podcasts,play_podcasts,play_podcasts
11272,play_podcasts,play_podcasts,play_podcasts,play_podcasts,play_podcasts,play_music,play_podcasts
11273,play_audiobook,play_podcasts,play_podcasts,play_podcasts,play_podcasts,play_podcasts,play_podcasts
11279,play_podcasts,play_podcasts,play_podcasts,play_podcasts,play_podcasts,play_podcasts,play_podcasts
11286,play_podcasts,play_podcasts,play_podcasts,play_podcasts,play_podcasts,play_podcasts,play_podcasts
11296,play_podcasts,play_podcasts,play_podcasts,play_podcasts,play_podcasts,play_podcasts,play_podcasts
11302,play_podcasts,play_podcasts,play_podcasts,play_podcasts,play_podcasts,play_podcasts,play_podcasts
11303,play_podcasts,play_podcasts,play_podcasts,play_podcasts,play_podcasts,play_podcasts,play_podcasts
11306,play_podcasts,play_podcasts,play_podcasts,play_podcasts,play_podcasts,play_podcasts,play_podcasts
11318,play_podcasts,play_podcasts,play_podcasts,play_podcasts,play_podcasts,play_podcasts,play_podcasts
11322,play_podcasts,news_query,play_podcasts,cooking_recipe,play_music,play_podcasts,play_podcasts
11328,play_podcasts,play_podcasts,play_podcasts,play_podcasts,play_podcasts,play_podcasts,play_podcasts
11331,play_podcasts,play_podcasts,play_podcasts,play_podcasts,play_podcasts,play_podcasts,play_podcasts
11335,play_music,play_music,play_music,play_music,play_music,play_music,play_music
11339,play_podcasts,play_podcasts,play_podcasts,play_podcasts,play_podcasts,play_podcasts,play_podcasts
11340,play_podcasts,email_query,play_podcasts,play_podcasts,play_podcasts,play_podcasts,play_podcasts
11341,play_podcasts,play_podcasts,play_podcasts,play_podcasts,play_podcasts,play_podcasts,play_podcasts
11343,play_podcasts,play_podcasts,play_podcasts,play_podcasts,play_podcasts,play_podcasts,play_podcasts
11345,play_podcasts,play_podcasts,play_podcasts,play_podcasts,play_podcasts,play_podcasts,play_podcasts
11349,play_podcasts,play_podcasts,play_podcasts,play_podcasts,play_podcasts,play_podcasts,play_podcasts
11353,play_podcasts,news_query,play_podcasts,play_podcasts,weather_query,play_podcasts,play_podcasts
11361,play_podcasts,play_podcasts,play_podcasts,play_podcasts,play_podcasts,play_podcasts,play_podcasts
11366,play_podcasts,play_podcasts,play_podcasts,play_podcasts,play_podcasts,play_podcasts,play_podcasts
11368,play_podcasts,play_podcasts,play_podcasts,play_podcasts,play_podcasts,play_podcasts,play_podcasts
11376,play_podcasts,play_music,play_podcasts,play_podcasts,play_podcasts,play_podcasts,play_podcasts
11384,play_podcasts,play_podcasts,play_podcasts,play_podcasts,play_podcasts,play_podcasts,play_podcasts
11409,play_podcasts,play_podcasts,play_podcasts,play_podcasts,play_podcasts,play_podcasts,play_podcasts
11417,play_podcasts,play_podcasts,play_podcasts,play_podcasts,play_podcasts,play_podcasts,play_podcasts
11418,play_podcasts,play_podcasts,play_podcasts,play_podcasts,play_podcasts,play_podcasts,play_podcasts
11420,play_podcasts,play_music,play_podcasts,play_podcasts,play_podcasts,play_podcasts,play_podcasts
11423,play_podcasts,calendar_set,audio_volume_mute,audio_volume_mute,play_game,play_podcasts,calendar_set
11424,play_podcasts,play_radio,play_radio,play_radio,general_quirky,play_radio,play_radio
11426,lists_query,play_music,lists_query,lists_query,lists_query,social_query,lists_query
11427,play_podcasts,play_podcasts,play_podcasts,play_podcasts,iot_wemo_on,play_game,play_game
11437,play_podcasts,play_podcasts,play_podcasts,play_podcasts,play_podcasts,play_podcasts,play_podcasts
11438,play_podcasts,play_podcasts,play_podcasts,play_podcasts,play_podcasts,play_podcasts,play_podcasts
11442,play_podcasts,play_podcasts,play_podcasts,play_podcasts,play_podcasts,play_podcasts,play_podcasts
11451,play_podcasts,play_podcasts,play_podcasts,play_podcasts,play_podcasts,play_podcasts,play_podcasts
11453,play_podcasts,play_podcasts,play_podcasts,play_podcasts,iot_wemo_on,play_podcasts,play_podcasts
11455,play_podcasts,play_podcasts,play_podcasts,play_podcasts,play_podcasts,play_podcasts,play_podcasts
11458,play_podcasts,play_podcasts,play_podcasts,play_podcasts,play_podcasts,play_podcasts,play_podcasts
11459,play_podcasts,play_podcasts,play_podcasts,play_podcasts,play_podcasts,play_podcasts,play_podcasts
11460,play_podcasts,play_radio,play_podcasts,play_podcasts,play_podcasts,play_podcasts,play_podcasts
11467,play_podcasts,play_podcasts,play_podcasts,play_podcasts,play_podcasts,play_podcasts,play_podcasts
11470,play_podcasts,play_podcasts,play_podcasts,play_podcasts,play_podcasts,play_podcasts,play_podcasts
11474,play_podcasts,play_podcasts,play_podcasts,play_podcasts,play_podcasts,play_podcasts,play_podcasts
11476,play_podcasts,play_podcasts,play_podcasts,play_podcasts,play_podcasts,play_podcasts,play_podcasts
11483,play_podcasts,play_music,play_music,play_music,play_music,play_radio,play_radio
11490,play_podcasts,play_podcasts,play_podcasts,play_podcasts,play_podcasts,play_podcasts,play_podcasts
11502,play_podcasts,calendar_query,iot_wemo_on,calendar_query,play_podcasts,play_podcasts,play_podcasts
11505,play_podcasts,play_podcasts,play_podcasts,play_podcasts,play_podcasts,play_podcasts,play_podcasts
11514,play_podcasts,email_sendemail,play_podcasts,play_podcasts,play_podcasts,play_podcasts,play_podcasts
11515,play_podcasts,play_podcasts,play_podcasts,play_podcasts,play_podcasts,play_podcasts,play_podcasts
11525,play_podcasts,play_podcasts,play_podcasts,play_podcasts,play_podcasts,play_podcasts,play_podcasts
11529,play_podcasts,play_podcasts,play_podcasts,play_podcasts,play_podcasts,play_podcasts,play_podcasts
11536,play_podcasts,play_music,play_podcasts,play_podcasts,play_podcasts,play_podcasts,play_podcasts
11539,play_podcasts,play_podcasts,play_podcasts,play_podcasts,play_podcasts,play_podcasts,play_podcasts
11546,play_podcasts,play_podcasts,play_music,play_music,play_music,play_music,play_music
11554,play_podcasts,play_podcasts,play_podcasts,play_podcasts,play_podcasts,play_podcasts,play_podcasts
11563,recommendation_events,recommendation_events,recommendation_events,recommendation_events,recommendation_events,recommendation_events,recommendation_events
11570,recommendation_events,recommendation_events,recommendation_events,recommendation_events,recommendation_events,recommendation_events,recommendation_events
11582,recommendation_events,calendar_query,calendar_query,calendar_query,calendar_query,recommendation_events,recommendation_events
11585,recommendation_events,recommendation_events,recommendation_events,recommendation_events,recommendation_events,recommendation_events,recommendation_events
11598,recommendation_events,news_query,recommendation_events,news_query,recommendation_events,recommendation_events,recommendation_events
11600,recommendation_events,recommendation_movies,recommendation_movies,recommendation_movies,recommendation_movies,recommendation_movies,recommendation_movies
11607,recommendation_locations,lists_query,lists_createoradd,lists_query,lists_query,recommendation_movies,recommendation_events
11610,recommendation_events,news_query,news_query,news_query,lists_query,recommendation_events,recommendation_events
11612,recommendation_events,recommendation_events,recommendation_events,recommendation_events,cooking_recipe,recommendation_events,recommendation_events
11616,recommendation_events,recommendation_events,recommendation_events,recommendation_events,recommendation_events,recommendation_events,recommendation_events
11628,recommendation_locations,qa_factoid,qa_factoid,qa_factoid,qa_factoid,recommendation_locations,recommendation_locations
11633,recommendation_movies,recommendation_movies,recommendation_movies,recommendation_movies,recommendation_movies,recommendation_movies,recommendation_movies
11634,recommendation_movies,recommendation_movies,recommendation_movies,recommendation_movies,recommendation_movies,recommendation_movies,recommendation_movies
11636,recommendation_movies,recommendation_events,recommendation_movies,recommendation_movies,recommendation_movies,recommendation_movies,recommendation_movies
11643,recommendation_events,recommendation_events,recommendation_events,recommendation_events,recommendation_events,recommendation_events,recommendation_events
11644,recommendation_events,recommendation_events,recommendation_events,recommendation_events,recommendation_events,recommendation_events,recommendation_events
11650,recommendation_events,general_quirky,social_post,general_quirky,general_quirky,general_quirky,qa_factoid
11664,recommendation_locations,recommendation_locations,recommendation_locations,recommendation_locations,recommendation_locations,recommendation_locations,recommendation_locations
11665,recommendation_locations,recommendation_locations,recommendation_locations,recommendation_locations,recommendation_locations,recommendation_locations,recommendation_locations
11677,recommendation_locations,recommendation_locations,recommendation_locations,recommendation_locations,recommendation_locations,recommendation_locations,recommendation_locations
11678,recommendation_locations,recommendation_locations,recommendation_locations,recommendation_locations,general_quirky,recommendation_locations,recommendation_locations
11681,recommendation_events,recommendation_events,recommendation_locations,recommendation_locations,recommendation_locations,recommendation_locations,recommendation_events
11685,recommendation_events,general_quirky,recommendation_events,recommendation_events,recommendation_events,calendar_set,recommendation_events
11695,recommendation_movies,general_quirky,general_quirky,general_quirky,general_quirky,recommendation_movies,recommendation_movies
11700,recommendation_locations,general_quirky,takeaway_query,general_quirky,general_quirky,recommendation_locations,takeaway_query
11705,recommendation_events,recommendation_events,recommendation_events,recommendation_events,recommendation_events,recommendation_events,recommendation_events
11706,recommendation_locations,recommendation_locations,recommendation_locations,recommendation_locations,recommendation_locations,recommendation_locations,recommendation_locations
11720,recommendation_events,weather_query,weather_query,general_quirky,general_quirky,general_quirky,general_quirky
11733,recommendation_movies,qa_factoid,recommendation_movies,recommendation_movies,recommendation_movies,recommendation_movies,recommendation_movies
11744,recommendation_movies,recommendation_events,recommendation_events,recommendation_events,recommendation_events,recommendation_movies,recommendation_movies
11751,recommendation_locations,recommendation_locations,recommendation_locations,recommendation_locations,recommendation_locations,recommendation_locations,recommendation_locations
11764,recommendation_movies,general_quirky,general_quirky,general_quirky,general_quirky,qa_definition,iot_wemo_on
11767,recommendation_events,recommendation_events,recommendation_events,recommendation_events,recommendation_events,recommendation_events,recommendation_events
11770,recommendation_events,recommendation_events,recommendation_events,recommendation_events,recommendation_events,recommendation_events,recommendation_events
11773,recommendation_movies,transport_taxi,recommendation_movies,recommendation_movies,recommendation_movies,recommendation_movies,recommendation_movies
11778,recommendation_locations,recommendation_locations,recommendation_locations,recommendation_locations,recommendation_locations,recommendation_locations,recommendation_locations
11782,recommendation_events,recommendation_events,recommendation_events,recommendation_events,recommendation_events,recommendation_events,recommendation_events
11796,recommendation_locations,recommendation_locations,recommendation_locations,recommendation_locations,recommendation_locations,recommendation_locations,recommendation_locations
11798,recommendation_events,calendar_set,calendar_remove,calendar_remove,calendar_query,calendar_query,calendar_query
11802,recommendation_locations,recommendation_locations,recommendation_events,recommendation_locations,takeaway_query,recommendation_locations,recommendation_locations
11812,recommendation_movies,recommendation_movies,recommendation_movies,recommendation_movies,recommendation_movies,recommendation_movies,recommendation_movies
11825,recommendation_locations,general_quirky,recommendation_locations,general_quirky,recommendation_locations,recommendation_locations,recommendation_locations
11827,recommendation_events,recommendation_events,recommendation_events,recommendation_events,recommendation_locations,recommendation_events,recommendation_events
11839,recommendation_events,recommendation_events,recommendation_events,recommendation_events,recommendation_locations,recommendation_events,recommendation_events
11841,recommendation_events,recommendation_events,recommendation_events,recommendation_events,recommendation_events,recommendation_events,recommendation_events
11844,recommendation_events,recommendation_events,recommendation_events,recommendation_events,recommendation_events,recommendation_events,recommendation_events
11845,recommendation_events,recommendation_events,recommendation_events,recommendation_events,recommendation_events,calendar_set,recommendation_events
11858,recommendation_movies,general_quirky,general_quirky,general_quirky,general_quirky,recommendation_movies,recommendation_movies
11860,recommendation_events,recommendation_events,recommendation_events,recommendation_events,recommendation_events,recommendation_events,recommendation_events
11861,recommendation_movies,qa_factoid,recommendation_movies,recommendation_movies,qa_factoid,recommendation_movies,recommendation_movies
11862,recommendation_movies,recommendation_movies,recommendation_movies,recommendation_movies,recommendation_movies,recommendation_movies,recommendation_movies
11867,recommendation_events,recommendation_events,recommendation_events,recommendation_events,recommendation_events,recommendation_events,recommendation_events
11871,recommendation_movies,recommendation_movies,recommendation_movies,recommendation_movies,recommendation_movies,recommendation_movies,recommendation_movies
11875,recommendation_events,recommendation_locations,recommendation_locations,recommendation_events,recommendation_events,recommendation_events,recommendation_events
11903,recommendation_locations,recommendation_locations,recommendation_locations,recommendation_locations,recommendation_locations,recommendation_locations,recommendation_locations
11904,recommendation_events,recommendation_events,recommendation_events,recommendation_events,recommendation_events,recommendation_events,news_query
11905,recommendation_events,recommendation_events,recommendation_events,recommendation_events,recommendation_events,recommendation_events,recommendation_events
11911,recommendation_events,recommendation_events,recommendation_events,recommendation_events,recommendation_events,recommendation_events,recommendation_events
11914,iot_coffee,iot_coffee,calendar_set,calendar_set,general_quirky,iot_coffee,iot_coffee
11915,iot_coffee,iot_coffee,weather_query,weather_query,general_quirky,iot_coffee,lists_createoradd
11916,recommendation_events,recommendation_locations,recommendation_locations,recommendation_locations,recommendation_locations,recommendation_locations,recommendation_events
11920,recommendation_movies,recommendation_movies,recommendation_movies,recommendation_movies,recommendation_movies,recommendation_movies,recommendation_movies
11922,recommendation_locations,recommendation_locations,recommendation_locations,recommendation_locations,recommendation_locations,recommendation_locations,recommendation_locations
11932,recommendation_movies,general_quirky,recommendation_movies,general_quirky,general_quirky,recommendation_movies,recommendation_movies
11942,recommendation_locations,recommendation_locations,recommendation_locations,recommendation_locations,recommendation_locations,recommendation_locations,recommendation_locations
11947,recommendation_locations,recommendation_locations,recommendation_locations,recommendation_locations,recommendation_locations,recommendation_locations,recommendation_locations
11953,recommendation_locations,recommendation_locations,recommendation_locations,recommendation_locations,recommendation_locations,recommendation_locations,recommendation_locations
11954,recommendation_locations,recommendation_events,recommendation_events,recommendation_events,qa_factoid,recommendation_locations,recommendation_events
11959,recommendation_locations,recommendation_locations,recommendation_locations,recommendation_locations,recommendation_locations,recommendation_locations,recommendation_locations
11969,recommendation_events,recommendation_events,calendar_query,calendar_query,calendar_query,recommendation_events,recommendation_events
11987,recommendation_movies,general_quirky,recommendation_locations,recommendation_locations,recommendation_locations,recommendation_movies,recommendation_movies
11990,recommendation_movies,recommendation_movies,recommendation_movies,recommendation_movies,recommendation_movies,recommendation_movies,recommendation_movies
11999,recommendation_events,calendar_query,calendar_query,calendar_query,calendar_remove,calendar_query,calendar_query
12004,recommendation_locations,recommendation_locations,recommendation_locations,recommendation_locations,recommendation_locations,recommendation_locations,recommendation_locations
12008,recommendation_events,recommendation_events,recommendation_events,recommendation_events,recommendation_events,recommendation_events,recommendation_events
12019,recommendation_locations,recommendation_events,recommendation_locations,recommendation_locations,recommendation_locations,recommendation_locations,recommendation_locations
12020,recommendation_locations,recommendation_locations,recommendation_locations,recommendation_locations,qa_factoid,recommendation_locations,recommendation_locations
12051,recommendation_locations,recommendation_locations,recommendation_locations,recommendation_locations,general_quirky,recommendation_locations,recommendation_locations
12054,recommendation_events,recommendation_events,recommendation_events,recommendation_events,recommendation_events,recommendation_events,recommendation_events
12066,recommendation_locations,recommendation_locations,recommendation_locations,recommendation_locations,recommendation_locations,recommendation_locations,recommendation_locations
12070,recommendation_events,transport_query,recommendation_locations,qa_factoid,takeaway_query,calendar_query,recommendation_locations
12073,recommendation_events,recommendation_events,recommendation_events,recommendation_events,recommendation_events,news_query,recommendation_events
12098,recommendation_events,recommendation_events,calendar_query,recommendation_events,calendar_query,recommendation_events,recommendation_events
12104,recommendation_movies,calendar_set,qa_maths,qa_maths,general_quirky,play_game,play_music
12121,transport_taxi,transport_taxi,transport_taxi,transport_taxi,transport_taxi,transport_taxi,transport_taxi
12127,transport_ticket,calendar_set,transport_query,transport_query,transport_query,transport_ticket,transport_query
12150,transport_ticket,transport_ticket,transport_ticket,transport_ticket,transport_ticket,transport_ticket,transport_ticket
12159,transport_taxi,transport_taxi,transport_taxi,transport_taxi,transport_taxi,transport_taxi,transport_taxi
12160,transport_taxi,transport_taxi,transport_taxi,transport_taxi,transport_taxi,transport_taxi,transport_taxi
12161,transport_taxi,transport_taxi,transport_taxi,transport_taxi,transport_taxi,transport_taxi,transport_taxi
12162,transport_ticket,transport_ticket,transport_ticket,transport_ticket,transport_ticket,transport_ticket,transport_ticket
12166,transport_ticket,transport_ticket,transport_ticket,transport_ticket,transport_ticket,transport_ticket,transport_ticket
12182,transport_traffic,play_radio,transport_traffic,transport_traffic,transport_traffic,transport_traffic,transport_traffic
12189,transport_query,transport_query,transport_query,transport_query,transport_query,transport_query,transport_query
12212,transport_taxi,transport_taxi,transport_taxi,transport_taxi,transport_taxi,transport_taxi,transport_taxi
12213,transport_taxi,transport_taxi,transport_taxi,transport_taxi,transport_taxi,transport_taxi,transport_taxi
12233,transport_ticket,transport_query,transport_query,transport_query,transport_query,transport_ticket,transport_query
12235,transport_ticket,transport_ticket,transport_ticket,transport_ticket,transport_ticket,transport_ticket,transport_ticket
12240,transport_query,transport_traffic,transport_traffic,transport_traffic,transport_traffic,transport_traffic,transport_traffic
12244,transport_taxi,transport_taxi,transport_taxi,transport_taxi,transport_taxi,transport_taxi,transport_taxi
12245,transport_query,transport_query,transport_query,transport_query,transport_query,transport_query,transport_query
12248,transport_taxi,transport_taxi,transport_taxi,transport_taxi,transport_taxi,transport_taxi,transport_taxi
12251,transport_query,transport_query,transport_query,transport_query,transport_query,transport_query,transport_query
12252,transport_query,transport_query,transport_query,transport_query,transport_query,transport_query,transport_query
12254,transport_traffic,qa_factoid,transport_traffic,transport_traffic,transport_traffic,transport_traffic,transport_traffic
12256,transport_traffic,transport_traffic,transport_traffic,transport_traffic,transport_traffic,transport_traffic,transport_traffic
12261,transport_query,transport_ticket,transport_query,transport_ticket,transport_query,transport_query,transport_query
12263,transport_query,qa_factoid,qa_factoid,qa_factoid,general_quirky,qa_factoid,qa_factoid
12264,transport_query,datetime_query,news_query,news_query,datetime_query,qa_factoid,datetime_query
12281,transport_ticket,transport_ticket,transport_ticket,transport_ticket,transport_ticket,transport_ticket,transport_ticket
12289,transport_traffic,transport_traffic,transport_traffic,transport_traffic,transport_traffic,transport_traffic,transport_traffic
12291,transport_ticket,transport_ticket,transport_ticket,transport_ticket,transport_ticket,transport_ticket,transport_ticket
12293,transport_ticket,transport_ticket,transport_ticket,transport_ticket,transport_ticket,transport_ticket,transport_ticket
12294,transport_query,transport_query,transport_query,transport_query,transport_query,transport_query,transport_query
12299,transport_taxi,transport_taxi,transport_taxi,transport_taxi,transport_taxi,transport_taxi,transport_taxi
12306,transport_ticket,transport_ticket,transport_ticket,transport_ticket,transport_ticket,transport_ticket,transport_ticket
12308,transport_ticket,transport_ticket,transport_ticket,transport_ticket,transport_ticket,transport_ticket,transport_ticket
12310,transport_query,transport_query,transport_ticket,transport_query,transport_query,transport_query,transport_query
12329,transport_taxi,transport_taxi,transport_taxi,transport_taxi,transport_taxi,transport_taxi,transport_taxi
12339,transport_ticket,transport_ticket,transport_ticket,transport_ticket,transport_ticket,transport_ticket,transport_ticket
12340,transport_ticket,transport_ticket,transport_ticket,transport_ticket,transport_ticket,transport_ticket,transport_ticket
12343,transport_query,transport_query,transport_query,transport_query,transport_query,transport_query,transport_query
12354,transport_query,transport_query,transport_query,transport_query,transport_query,transport_query,transport_query
12366,transport_query,transport_query,transport_query,transport_query,transport_query,transport_query,transport_query
12367,transport_query,cooking_recipe,cooking_recipe,cooking_recipe,cooking_recipe,recommendation_locations,transport_traffic
12376,transport_query,qa_factoid,transport_query,transport_query,qa_factoid,transport_query,transport_query
12377,transport_taxi,transport_taxi,transport_taxi,transport_taxi,transport_taxi,transport_taxi,transport_taxi
12381,transport_ticket,transport_ticket,transport_ticket,transport_ticket,transport_ticket,transport_ticket,transport_ticket
12383,transport_taxi,transport_taxi,transport_taxi,transport_taxi,transport_taxi,transport_taxi,transport_taxi
12392,transport_query,datetime_query,transport_query,general_quirky,general_quirky,transport_query,transport_query
12402,transport_query,transport_query,transport_query,transport_query,transport_query,transport_query,transport_query
12409,recommendation_locations,recommendation_locations,recommendation_locations,recommendation_locations,recommendation_locations,recommendation_locations,recommendation_locations
12413,transport_traffic,transport_traffic,transport_traffic,transport_traffic,transport_traffic,transport_traffic,transport_traffic
12419,transport_query,transport_query,transport_query,transport_query,transport_query,transport_query,transport_query
12430,transport_query,transport_query,transport_query,transport_query,transport_query,transport_query,transport_query
12436,transport_query,transport_query,transport_traffic,transport_traffic,transport_traffic,transport_query,transport_query
12437,transport_query,transport_query,recommendation_movies,transport_query,datetime_query,transport_query,transport_query
12442,transport_traffic,transport_traffic,transport_traffic,transport_traffic,transport_traffic,transport_traffic,transport_traffic
12446,transport_query,transport_query,transport_query,transport_query,transport_query,transport_query,transport_query
12452,transport_taxi,transport_taxi,transport_taxi,transport_taxi,transport_taxi,transport_taxi,transport_taxi
12453,transport_ticket,transport_ticket,transport_ticket,transport_ticket,transport_ticket,transport_ticket,transport_ticket
12468,transport_ticket,transport_query,transport_query,transport_query,transport_ticket,transport_query,transport_ticket
12469,transport_ticket,transport_ticket,transport_ticket,transport_ticket,transport_ticket,transport_ticket,transport_ticket
12473,transport_query,transport_query,transport_query,transport_query,transport_query,transport_query,transport_query
12511,transport_ticket,transport_ticket,transport_ticket,transport_ticket,transport_ticket,transport_ticket,transport_ticket
12526,transport_query,transport_query,transport_query,transport_query,transport_traffic,transport_query,transport_query
12532,transport_query,transport_query,iot_hue_lightup,transport_query,general_quirky,transport_query,transport_query
12536,transport_ticket,transport_ticket,transport_ticket,transport_ticket,transport_ticket,transport_ticket,transport_ticket
12537,transport_ticket,transport_ticket,transport_ticket,transport_ticket,transport_ticket,transport_ticket,transport_ticket
12548,transport_taxi,transport_taxi,transport_taxi,transport_taxi,general_quirky,transport_taxi,transport_taxi
12553,transport_taxi,transport_taxi,transport_taxi,transport_taxi,transport_taxi,transport_taxi,transport_taxi
12558,transport_taxi,transport_taxi,transport_taxi,transport_taxi,transport_taxi,transport_taxi,transport_taxi
12581,transport_query,transport_query,transport_query,transport_query,transport_query,transport_query,transport_query
12582,transport_query,datetime_query,datetime_query,datetime_query,datetime_query,transport_query,transport_query
12604,transport_query,transport_ticket,transport_ticket,transport_ticket,transport_ticket,transport_ticket,transport_query
12606,transport_ticket,transport_query,transport_ticket,transport_ticket,transport_ticket,transport_ticket,transport_ticket
12607,transport_ticket,transport_query,transport_ticket,transport_ticket,transport_ticket,transport_ticket,transport_ticket
12608,transport_taxi,calendar_set,calendar_set,calendar_set,transport_taxi,transport_taxi,transport_taxi
12618,transport_query,transport_query,transport_query,transport_query,transport_ticket,transport_query,transport_query
12623,transport_query,transport_query,transport_query,transport_query,transport_query,transport_query,transport_query
12629,transport_query,transport_query,transport_query,transport_query,transport_query,transport_query,transport_query
12634,transport_query,transport_query,transport_query,transport_query,transport_query,transport_query,transport_query
12672,transport_traffic,transport_traffic,transport_traffic,transport_traffic,transport_traffic,transport_traffic,transport_traffic
12675,transport_traffic,transport_traffic,transport_traffic,transport_traffic,transport_traffic,transport_traffic,transport_traffic
12685,transport_traffic,transport_traffic,transport_traffic,transport_traffic,transport_traffic,transport_traffic,transport_traffic
12689,transport_ticket,transport_query,transport_ticket,transport_ticket,transport_ticket,transport_ticket,transport_ticket
12693,transport_traffic,transport_traffic,transport_traffic,transport_traffic,transport_traffic,transport_traffic,transport_traffic
12707,transport_query,news_query,qa_factoid,qa_factoid,email_query,transport_query,play_podcasts
12710,transport_taxi,transport_taxi,transport_taxi,transport_taxi,transport_taxi,transport_taxi,transport_taxi
12716,transport_taxi,calendar_set,alarm_set,transport_taxi,calendar_set,transport_taxi,transport_taxi
12717,transport_traffic,transport_traffic,transport_traffic,transport_traffic,transport_traffic,transport_traffic,transport_traffic
12722,transport_ticket,transport_ticket,transport_ticket,transport_ticket,transport_ticket,transport_ticket,transport_ticket
12723,transport_ticket,transport_ticket,transport_ticket,transport_ticket,transport_ticket,transport_ticket,transport_ticket
12724,transport_ticket,transport_ticket,transport_ticket,transport_ticket,transport_ticket,transport_ticket,transport_query
12736,transport_traffic,transport_traffic,transport_traffic,transport_traffic,transport_traffic,transport_traffic,transport_traffic
12745,transport_taxi,transport_taxi,transport_taxi,transport_taxi,transport_taxi,transport_taxi,transport_taxi
12759,transport_query,transport_ticket,datetime_convert,datetime_convert,datetime_convert,transport_query,transport_ticket
12779,transport_taxi,transport_taxi,transport_taxi,transport_taxi,transport_taxi,transport_taxi,transport_taxi
12789,transport_traffic,general_quirky,transport_traffic,transport_traffic,transport_traffic,transport_traffic,transport_traffic
12797,transport_query,transport_query,transport_query,transport_query,transport_query,transport_query,transport_query
12800,transport_query,qa_factoid,qa_factoid,qa_factoid,qa_factoid,qa_factoid,qa_factoid
12802,transport_ticket,transport_ticket,transport_ticket,transport_ticket,transport_ticket,transport_ticket,transport_ticket
12813,transport_ticket,transport_ticket,transport_ticket,transport_query,transport_ticket,transport_ticket,transport_ticket
12814,transport_ticket,transport_ticket,transport_ticket,transport_ticket,transport_ticket,transport_ticket,transport_ticket
12817,transport_query,general_quirky,transport_query,transport_query,transport_query,transport_query,transport_query
12818,transport_query,transport_query,transport_query,transport_query,transport_query,transport_query,transport_query
12824,transport_query,transport_query,transport_query,transport_query,transport_query,transport_query,transport_query
12835,transport_query,transport_query,transport_query,transport_query,transport_query,transport_query,transport_query
12838,transport_traffic,transport_traffic,transport_traffic,transport_traffic,transport_traffic,transport_traffic,transport_traffic
12839,transport_query,calendar_set,transport_query,transport_query,transport_query,transport_query,transport_query
12844,transport_taxi,transport_taxi,transport_taxi,transport_taxi,transport_taxi,transport_taxi,transport_taxi
12846,transport_ticket,transport_ticket,transport_ticket,transport_ticket,transport_ticket,transport_ticket,transport_ticket
12851,transport_query,transport_query,transport_query,transport_query,general_quirky,transport_query,transport_query
12856,transport_query,transport_query,transport_query,transport_query,transport_query,transport_query,transport_query
12866,transport_query,qa_factoid,qa_factoid,qa_factoid,qa_factoid,transport_query,transport_query
12869,transport_traffic,transport_traffic,transport_traffic,transport_traffic,transport_traffic,transport_traffic,transport_traffic
12873,transport_ticket,transport_ticket,transport_ticket,transport_ticket,transport_ticket,transport_ticket,transport_ticket
12874,transport_ticket,transport_ticket,transport_ticket,transport_ticket,transport_ticket,transport_ticket,transport_ticket
12883,transport_ticket,transport_ticket,transport_ticket,transport_ticket,transport_ticket,transport_ticket,transport_ticket
12905,transport_taxi,transport_taxi,transport_taxi,transport_taxi,transport_taxi,transport_taxi,transport_taxi
12908,transport_query,transport_query,transport_query,transport_query,transport_query,transport_query,transport_query
12930,transport_query,recommendation_locations,recommendation_locations,recommendation_locations,recommendation_locations,transport_query,recommendation_locations
12932,transport_query,transport_query,transport_query,transport_query,transport_query,transport_query,transport_query
12951,qa_factoid,qa_factoid,qa_factoid,qa_factoid,qa_factoid,qa_factoid,qa_factoid
12957,qa_definition,qa_definition,qa_definition,qa_definition,qa_definition,qa_definition,qa_definition
12961,qa_definition,qa_definition,qa_definition,qa_definition,qa_definition,qa_definition,qa_definition
12963,qa_definition,qa_definition,qa_definition,qa_definition,qa_definition,qa_definition,qa_definition
12972,qa_factoid,qa_factoid,qa_factoid,qa_factoid,qa_factoid,qa_factoid,qa_factoid
12982,qa_definition,qa_definition,qa_definition,qa_definition,qa_definition,qa_definition,qa_definition
12986,qa_definition,qa_definition,qa_definition,qa_definition,qa_definition,qa_definition,qa_definition
12987,general_quirky,play_music,qa_factoid,qa_factoid,weather_query,general_quirky,general_quirky
12999,qa_factoid,qa_factoid,qa_factoid,qa_factoid,qa_factoid,qa_factoid,qa_factoid
13016,qa_definition,qa_definition,qa_definition,qa_definition,qa_definition,qa_definition,qa_definition
13023,cooking_recipe,cooking_recipe,cooking_recipe,cooking_recipe,weather_query,cooking_recipe,cooking_recipe
13031,recommendation_locations,recommendation_locations,recommendation_locations,recommendation_locations,qa_factoid,recommendation_locations,recommendation_locations
13035,qa_maths,qa_maths,qa_maths,qa_maths,qa_maths,qa_maths,qa_maths
13040,qa_maths,qa_maths,qa_maths,qa_maths,qa_maths,qa_maths,qa_maths
13043,lists_createoradd,takeaway_order,cooking_recipe,cooking_recipe,lists_remove,takeaway_query,takeaway_order
13044,general_quirky,calendar_set,calendar_set,calendar_set,calendar_set,transport_ticket,calendar_set
13064,general_quirky,general_quirky,general_quirky,general_quirky,general_quirky,general_quirky,general_quirky
13067,general_quirky,lists_createoradd,lists_createoradd,lists_createoradd,lists_createoradd,lists_createoradd,lists_createoradd
13069,qa_definition,general_quirky,qa_definition,general_quirky,qa_factoid,qa_definition,qa_definition
13074,qa_factoid,general_quirky,general_quirky,general_quirky,general_joke,general_quirky,general_joke
13077,qa_factoid,qa_factoid,qa_factoid,qa_factoid,qa_definition,qa_factoid,qa_factoid
13078,qa_factoid,calendar_query,email_querycontact,email_querycontact,general_joke,email_querycontact,email_querycontact
13083,general_quirky,play_radio,play_radio,general_quirky,general_quirky,general_quirky,general_quirky
13099,qa_factoid,qa_factoid,qa_factoid,qa_factoid,qa_factoid,qa_factoid,qa_factoid
13101,qa_maths,qa_maths,qa_maths,qa_maths,qa_maths,qa_maths,qa_maths
13102,qa_maths,qa_maths,qa_maths,qa_maths,qa_currency,qa_maths,qa_maths
13115,qa_factoid,qa_factoid,qa_factoid,qa_factoid,qa_factoid,qa_factoid,qa_factoid
13122,qa_maths,qa_factoid,qa_factoid,qa_factoid,qa_factoid,qa_maths,qa_maths
13124,qa_factoid,qa_factoid,qa_factoid,qa_factoid,qa_factoid,qa_factoid,qa_factoid
13135,qa_factoid,qa_factoid,qa_factoid,qa_factoid,datetime_query,qa_factoid,qa_factoid
13140,qa_definition,news_query,news_query,general_quirky,qa_factoid,general_quirky,general_quirky
13150,general_quirky,general_quirky,general_quirky,general_quirky,cooking_recipe,general_quirky,general_quirky
13154,qa_factoid,email_querycontact,email_querycontact,email_querycontact,email_querycontact,email_querycontact,email_querycontact
13165,qa_definition,qa_definition,qa_definition,qa_definition,qa_definition,qa_definition,qa_definition
13166,qa_definition,qa_definition,qa_definition,qa_definition,qa_definition,qa_definition,qa_definition
13172,qa_maths,qa_maths,qa_maths,qa_maths,qa_maths,qa_maths,qa_maths
13175,general_quirky,general_quirky,general_quirky,general_quirky,general_quirky,qa_factoid,qa_factoid
13177,calendar_set,calendar_set,calendar_set,calendar_set,calendar_set,calendar_set,calendar_set
13178,calendar_set,calendar_set,calendar_set,calendar_set,calendar_set,calendar_set,calendar_set
13181,recommendation_movies,general_quirky,recommendation_movies,recommendation_movies,recommendation_movies,recommendation_movies,recommendation_movies
13186,general_quirky,email_sendemail,email_sendemail,email_sendemail,weather_query,general_quirky,email_querycontact
13188,news_query,general_quirky,weather_query,qa_factoid,general_quirky,news_query,news_query
13192,qa_maths,qa_maths,qa_maths,qa_maths,qa_maths,qa_maths,qa_maths
13197,general_quirky,calendar_set,calendar_set,calendar_set,general_quirky,general_quirky,general_quirky
13199,qa_maths,general_quirky,qa_maths,general_quirky,qa_factoid,general_quirky,general_quirky
13206,qa_definition,transport_query,transport_query,transport_query,general_quirky,recommendation_locations,calendar_set
13215,transport_query,transport_traffic,transport_traffic,transport_traffic,transport_traffic,transport_traffic,transport_traffic
13221,general_quirky,general_quirky,qa_definition,qa_definition,qa_definition,qa_factoid,qa_factoid
13222,general_quirky,general_quirky,general_quirky,general_quirky,qa_factoid,qa_factoid,recommendation_locations
13223,general_quirky,general_quirky,general_quirky,general_quirky,general_quirky,qa_factoid,qa_factoid
13242,general_quirky,cooking_recipe,cooking_recipe,cooking_recipe,general_quirky,cooking_recipe,general_quirky
13252,qa_factoid,qa_factoid,qa_factoid,qa_factoid,qa_factoid,qa_factoid,qa_factoid
13255,qa_factoid,qa_factoid,qa_factoid,qa_factoid,qa_factoid,qa_factoid,qa_factoid
13283,qa_factoid,qa_factoid,qa_factoid,qa_factoid,qa_factoid,qa_factoid,qa_factoid
13288,qa_definition,qa_definition,qa_definition,qa_definition,qa_definition,qa_definition,qa_definition
13297,qa_factoid,qa_factoid,qa_factoid,qa_factoid,qa_factoid,qa_factoid,qa_factoid
13298,qa_factoid,general_quirky,general_quirky,general_quirky,qa_definition,general_quirky,general_quirky
13303,general_quirky,calendar_set,calendar_set,general_quirky,general_quirky,general_quirky,cooking_recipe
13310,qa_maths,qa_maths,qa_maths,qa_maths,qa_maths,qa_maths,qa_maths
13312,qa_maths,qa_maths,qa_maths,qa_maths,qa_maths,general_quirky,qa_maths
13318,recommendation_locations,general_quirky,general_quirky,general_quirky,qa_stock,recommendation_locations,recommendation_locations
13330,qa_factoid,qa_factoid,qa_factoid,qa_factoid,qa_factoid,qa_factoid,qa_factoid
13340,general_quirky,general_quirky,general_quirky,general_quirky,general_quirky,general_quirky,general_quirky
13341,general_quirky,calendar_set,calendar_set,calendar_set,calendar_set,general_quirky,general_quirky
13342,general_quirky,general_quirky,general_quirky,general_quirky,general_quirky,general_quirky,general_quirky
13346,general_quirky,calendar_remove,calendar_remove,general_quirky,general_quirky,general_quirky,general_quirky
13348,general_quirky,general_quirky,qa_factoid,qa_factoid,qa_factoid,general_quirky,qa_factoid
13359,qa_maths,qa_maths,qa_maths,qa_maths,qa_maths,qa_maths,qa_maths
13361,qa_definition,qa_definition,qa_definition,qa_definition,qa_definition,qa_definition,qa_definition
13363,general_quirky,qa_factoid,qa_factoid,qa_factoid,qa_factoid,general_quirky,qa_factoid
13370,qa_maths,qa_maths,qa_maths,qa_maths,qa_maths,qa_maths,qa_maths
13372,general_quirky,calendar_query,recommendation_events,calendar_query,datetime_query,calendar_query,calendar_query
13383,qa_factoid,qa_factoid,qa_factoid,qa_factoid,qa_factoid,qa_factoid,qa_factoid
13391,qa_maths,general_quirky,qa_maths,qa_maths,iot_hue_lightoff,qa_maths,qa_maths
13400,social_post,social_post,email_sendemail,email_sendemail,email_sendemail,social_post,email_sendemail
13404,general_quirky,general_quirky,calendar_query,calendar_query,calendar_query,recommendation_locations,recommendation_locations
13407,general_quirky,qa_factoid,qa_factoid,qa_factoid,qa_definition,qa_factoid,qa_definition
13411,qa_maths,qa_maths,qa_maths,qa_maths,qa_maths,qa_maths,qa_maths
13412,qa_maths,qa_maths,qa_maths,qa_maths,qa_maths,qa_maths,qa_maths
13439,qa_factoid,qa_factoid,qa_factoid,qa_factoid,qa_factoid,qa_factoid,qa_factoid
13451,general_quirky,general_quirky,general_quirky,general_quirky,general_quirky,general_quirky,general_quirky
13457,calendar_set,calendar_query,calendar_query,calendar_query,calendar_set,calendar_set,calendar_set
13459,qa_maths,qa_maths,qa_maths,qa_maths,qa_maths,qa_maths,qa_maths
13460,qa_maths,calendar_query,calendar_query,calendar_query,qa_factoid,qa_maths,qa_maths
13464,general_quirky,general_quirky,general_quirky,general_quirky,general_quirky,general_quirky,general_quirky
13467,general_quirky,general_quirky,general_quirky,general_quirky,cooking_recipe,general_quirky,general_quirky
13473,qa_factoid,qa_factoid,qa_factoid,qa_factoid,qa_factoid,qa_factoid,qa_factoid
13486,general_quirky,calendar_query,calendar_query,calendar_query,calendar_query,lists_query,lists_query
13487,qa_factoid,qa_factoid,qa_factoid,qa_factoid,qa_factoid,qa_factoid,qa_factoid
13491,general_quirky,news_query,general_quirky,calendar_query,recommendation_events,general_quirky,general_quirky
13494,qa_definition,qa_definition,qa_definition,qa_definition,qa_definition,qa_definition,qa_definition
13506,datetime_query,datetime_query,datetime_query,datetime_query,datetime_query,datetime_query,datetime_query
13513,qa_factoid,qa_factoid,general_quirky,general_quirky,qa_factoid,qa_factoid,qa_factoid
13516,qa_factoid,qa_factoid,qa_factoid,qa_factoid,general_quirky,general_quirky,general_quirky
13521,general_quirky,qa_factoid,qa_factoid,qa_factoid,qa_factoid,general_quirky,qa_factoid
13524,general_quirky,general_quirky,general_quirky,general_quirky,general_quirky,general_quirky,general_quirky
13536,general_quirky,general_quirky,general_quirky,general_quirky,transport_ticket,general_quirky,play_music
13546,qa_factoid,qa_factoid,qa_factoid,qa_factoid,qa_factoid,qa_factoid,qa_factoid
13547,general_quirky,qa_factoid,qa_factoid,qa_factoid,qa_factoid,qa_factoid,qa_factoid
13548,iot_wemo_on,play_radio,iot_wemo_on,iot_wemo_on,iot_wemo_on,iot_wemo_on,play_radio
13552,qa_maths,qa_maths,qa_maths,qa_maths,qa_maths,qa_maths,qa_maths
13554,qa_factoid,qa_factoid,qa_factoid,qa_factoid,qa_factoid,qa_factoid,qa_factoid
13567,qa_currency,qa_currency,qa_currency,qa_currency,audio_volume_mute,qa_currency,qa_currency
13575,qa_factoid,qa_factoid,general_quirky,general_quirky,qa_factoid,qa_factoid,qa_factoid
13580,qa_factoid,qa_factoid,qa_factoid,qa_factoid,qa_factoid,qa_factoid,qa_factoid
13591,qa_factoid,qa_definition,qa_definition,qa_definition,qa_factoid,qa_factoid,qa_factoid
13592,qa_factoid,qa_factoid,qa_factoid,qa_factoid,qa_factoid,qa_factoid,qa_factoid
13604,qa_factoid,qa_factoid,qa_factoid,qa_factoid,qa_factoid,qa_factoid,qa_factoid
13607,qa_factoid,general_quirky,alarm_query,general_quirky,qa_factoid,qa_factoid,qa_factoid
13616,qa_factoid,general_quirky,general_quirky,general_quirky,qa_factoid,qa_factoid,qa_factoid
13618,general_quirky,general_quirky,general_quirky,general_quirky,general_quirky,general_quirky,general_quirky
13619,recommendation_events,recommendation_events,recommendation_events,recommendation_events,recommendation_events,recommendation_events,recommendation_events
13625,qa_definition,qa_factoid,qa_factoid,qa_factoid,qa_factoid,qa_definition,qa_factoid
13630,recommendation_locations,recommendation_locations,recommendation_locations,recommendation_locations,recommendation_locations,recommendation_locations,recommendation_locations
13636,qa_factoid,qa_factoid,qa_factoid,qa_factoid,qa_definition,qa_factoid,qa_factoid
13639,qa_stock,datetime_query,qa_stock,qa_stock,qa_stock,qa_stock,qa_stock
13666,qa_currency,news_query,qa_currency,cooking_recipe,general_quirky,qa_currency,qa_currency
13679,qa_factoid,general_quirky,qa_factoid,qa_factoid,general_quirky,qa_factoid,qa_factoid
13681,qa_factoid,qa_factoid,qa_factoid,qa_factoid,qa_factoid,qa_factoid,qa_factoid
13683,qa_factoid,qa_factoid,news_query,qa_factoid,news_query,qa_factoid,general_quirky
13684,qa_currency,qa_currency,qa_currency,qa_currency,qa_currency,qa_currency,qa_currency
13685,qa_currency,qa_currency,qa_currency,qa_currency,qa_currency,qa_currency,qa_currency
13688,qa_currency,qa_currency,qa_currency,qa_currency,qa_currency,qa_currency,qa_currency
13689,qa_definition,qa_definition,qa_definition,qa_definition,qa_definition,qa_definition,qa_definition
13690,qa_factoid,qa_factoid,general_quirky,qa_factoid,general_quirky,iot_hue_lightchange,qa_factoid
13693,qa_factoid,qa_factoid,qa_factoid,qa_factoid,calendar_query,qa_factoid,qa_factoid
13694,general_quirky,qa_factoid,qa_factoid,qa_factoid,general_quirky,general_quirky,qa_factoid
13705,qa_definition,qa_definition,qa_definition,qa_definition,qa_definition,qa_definition,qa_definition
13706,qa_definition,qa_definition,qa_definition,qa_definition,qa_definition,qa_definition,qa_definition
13714,qa_definition,qa_factoid,qa_definition,qa_definition,qa_definition,qa_definition,qa_definition
13717,qa_factoid,general_quirky,general_quirky,general_quirky,general_quirky,qa_factoid,general_quirky
13722,qa_currency,qa_currency,qa_currency,qa_currency,qa_currency,qa_currency,qa_currency
13734,qa_stock,qa_stock,qa_stock,qa_stock,qa_stock,qa_stock,qa_stock
13738,qa_currency,qa_currency,qa_currency,qa_currency,qa_currency,qa_currency,qa_currency
13740,qa_currency,qa_currency,qa_currency,qa_currency,qa_currency,qa_currency,qa_currency
13741,qa_currency,qa_currency,qa_currency,qa_currency,qa_currency,qa_currency,qa_currency
13744,general_quirky,news_query,news_query,news_query,news_query,news_query,news_query
13754,qa_stock,qa_stock,qa_stock,qa_stock,qa_stock,qa_stock,qa_stock
13758,qa_factoid,qa_factoid,qa_factoid,qa_factoid,qa_factoid,qa_factoid,qa_factoid
13761,qa_factoid,calendar_query,qa_definition,qa_definition,qa_definition,qa_definition,qa_definition
13762,general_quirky,general_quirky,general_quirky,general_quirky,general_quirky,general_quirky,qa_factoid
13766,qa_maths,qa_maths,qa_maths,qa_maths,qa_maths,play_game,qa_maths
13774,qa_factoid,qa_factoid,qa_factoid,qa_factoid,qa_factoid,qa_factoid,qa_factoid
13777,qa_definition,general_quirky,qa_definition,qa_definition,qa_definition,qa_definition,qa_definition
13780,qa_factoid,qa_factoid,qa_factoid,qa_factoid,qa_factoid,qa_factoid,qa_factoid
13796,qa_currency,qa_currency,qa_currency,qa_currency,qa_currency,qa_currency,qa_currency
13798,qa_factoid,qa_factoid,qa_factoid,qa_factoid,qa_factoid,qa_factoid,qa_factoid
13799,qa_definition,qa_definition,qa_definition,qa_definition,qa_definition,qa_definition,qa_definition
13819,qa_stock,general_quirky,qa_stock,general_quirky,general_quirky,qa_stock,qa_stock
13823,qa_factoid,qa_factoid,qa_factoid,qa_factoid,qa_factoid,qa_factoid,qa_factoid
13847,qa_currency,qa_currency,qa_currency,qa_currency,qa_currency,qa_currency,qa_currency
13853,qa_factoid,qa_factoid,qa_factoid,qa_factoid,qa_factoid,qa_factoid,qa_factoid
13854,qa_factoid,qa_factoid,qa_factoid,qa_factoid,qa_factoid,qa_factoid,qa_factoid
13855,music_query,play_music,play_music,music_query,play_music,music_query,music_query
13858,qa_stock,qa_stock,qa_stock,qa_stock,qa_stock,qa_stock,qa_stock
13863,qa_definition,qa_definition,qa_definition,qa_definition,qa_definition,qa_definition,qa_definition
13867,qa_factoid,qa_factoid,qa_factoid,qa_factoid,qa_factoid,qa_factoid,qa_factoid
13869,qa_factoid,qa_factoid,qa_factoid,qa_factoid,qa_factoid,qa_factoid,qa_factoid
13871,qa_definition,qa_definition,qa_definition,qa_definition,qa_definition,general_quirky,qa_definition
13881,qa_factoid,qa_factoid,qa_factoid,qa_factoid,qa_factoid,qa_factoid,qa_factoid
13888,qa_factoid,weather_query,weather_query,weather_query,weather_query,weather_query,weather_query
13895,qa_factoid,general_quirky,qa_factoid,qa_definition,calendar_query,qa_factoid,qa_factoid
13896,qa_currency,qa_currency,qa_currency,qa_currency,qa_currency,qa_currency,qa_currency
13900,qa_definition,qa_definition,general_quirky,general_quirky,qa_definition,qa_definition,general_quirky
13907,qa_definition,qa_definition,qa_definition,qa_definition,qa_definition,qa_definition,qa_definition
13908,qa_definition,qa_definition,qa_definition,qa_definition,qa_definition,qa_definition,qa_definition
13926,qa_factoid,qa_factoid,qa_factoid,qa_factoid,qa_factoid,qa_factoid,qa_factoid
13927,qa_factoid,qa_currency,qa_currency,qa_currency,qa_currency,qa_factoid,qa_factoid
13929,general_quirky,qa_factoid,weather_query,qa_factoid,weather_query,recommendation_locations,weather_query
13934,qa_stock,qa_stock,qa_stock,qa_stock,qa_stock,qa_stock,qa_stock
13966,qa_currency,qa_currency,qa_currency,qa_factoid,qa_factoid,qa_currency,qa_currency
13974,qa_factoid,qa_factoid,qa_factoid,qa_factoid,qa_factoid,qa_factoid,qa_factoid
13982,qa_currency,qa_currency,qa_currency,qa_currency,qa_currency,qa_currency,qa_currency
13983,qa_definition,calendar_set,general_quirky,general_quirky,general_quirky,general_quirky,general_quirky
13984,qa_definition,calendar_set,transport_query,transport_query,qa_currency,general_quirky,qa_factoid
13986,general_quirky,news_query,news_query,news_query,general_quirky,general_quirky,general_quirky
13997,qa_factoid,qa_factoid,qa_currency,qa_factoid,qa_factoid,general_quirky,general_quirky
14000,qa_definition,qa_definition,qa_definition,qa_definition,qa_definition,qa_definition,qa_definition
14001,qa_factoid,qa_factoid,qa_factoid,qa_factoid,qa_factoid,qa_factoid,qa_factoid
14011,qa_factoid,qa_factoid,qa_factoid,qa_factoid,qa_factoid,qa_factoid,qa_factoid
14015,qa_factoid,news_query,qa_factoid,qa_factoid,qa_factoid,qa_factoid,qa_factoid
14023,qa_definition,qa_definition,qa_definition,qa_definition,qa_definition,qa_definition,qa_definition
14025,qa_maths,qa_maths,qa_maths,qa_maths,qa_maths,qa_maths,qa_maths
14026,qa_maths,qa_maths,qa_maths,qa_maths,play_audiobook,qa_maths,general_quirky
14029,qa_currency,qa_currency,qa_currency,qa_currency,qa_currency,qa_currency,qa_currency
14033,qa_factoid,qa_factoid,qa_factoid,qa_factoid,qa_factoid,qa_factoid,qa_factoid
14038,qa_factoid,qa_factoid,qa_factoid,qa_factoid,qa_factoid,qa_factoid,qa_factoid
14040,qa_factoid,qa_factoid,qa_factoid,qa_factoid,qa_factoid,qa_factoid,qa_factoid
14044,qa_currency,qa_currency,qa_currency,qa_currency,qa_currency,qa_currency,qa_currency
14053,qa_factoid,qa_factoid,qa_factoid,qa_factoid,qa_factoid,qa_factoid,qa_factoid
14063,qa_factoid,qa_factoid,qa_factoid,qa_factoid,qa_factoid,qa_factoid,qa_factoid
14071,general_quirky,news_query,qa_definition,qa_definition,qa_definition,general_quirky,general_quirky
14074,qa_currency,qa_currency,qa_currency,qa_currency,recommendation_locations,qa_currency,qa_currency
14083,qa_factoid,qa_factoid,qa_factoid,qa_factoid,qa_factoid,qa_factoid,qa_factoid
14090,qa_stock,qa_stock,qa_stock,qa_stock,qa_stock,qa_stock,qa_stock
14096,qa_factoid,qa_factoid,qa_factoid,qa_factoid,qa_factoid,qa_factoid,qa_factoid
14101,general_quirky,general_quirky,qa_stock,qa_stock,qa_stock,qa_stock,email_querycontact
14115,qa_definition,qa_factoid,qa_factoid,qa_factoid,play_music,qa_factoid,qa_definition
14116,qa_definition,qa_definition,qa_definition,qa_definition,qa_definition,qa_definition,qa_definition
14117,qa_factoid,qa_factoid,qa_factoid,qa_factoid,qa_factoid,qa_factoid,qa_factoid
14118,qa_factoid,qa_factoid,qa_factoid,qa_factoid,qa_factoid,qa_factoid,qa_factoid
14126,qa_factoid,qa_factoid,general_quirky,general_quirky,news_query,qa_factoid,qa_factoid
14130,qa_stock,qa_stock,qa_stock,news_query,qa_definition,qa_stock,qa_stock
14138,qa_definition,qa_definition,qa_definition,qa_definition,qa_definition,qa_definition,qa_definition
14142,qa_currency,qa_currency,qa_currency,qa_currency,qa_currency,qa_currency,qa_currency
14147,qa_definition,qa_definition,qa_definition,qa_definition,qa_definition,qa_definition,qa_definition
14150,qa_definition,calendar_query,cooking_recipe,cooking_recipe,cooking_recipe,qa_definition,qa_definition
14151,qa_factoid,weather_query,qa_factoid,qa_factoid,qa_factoid,qa_definition,qa_factoid
14154,qa_factoid,qa_factoid,qa_factoid,qa_factoid,qa_factoid,qa_factoid,qa_factoid
14163,qa_factoid,qa_factoid,qa_factoid,qa_factoid,qa_factoid,recommendation_locations,qa_factoid
14169,qa_factoid,qa_factoid,qa_factoid,qa_factoid,qa_factoid,qa_factoid,qa_factoid
14170,qa_factoid,qa_factoid,qa_factoid,qa_factoid,weather_query,qa_factoid,qa_factoid
14179,qa_factoid,transport_query,transport_query,transport_query,qa_factoid,qa_factoid,transport_query
14189,qa_stock,qa_stock,qa_stock,qa_stock,qa_stock,qa_stock,qa_stock
14190,qa_stock,qa_stock,qa_stock,qa_stock,qa_stock,qa_stock,qa_stock
14214,transport_query,news_query,qa_factoid,qa_factoid,cooking_recipe,transport_query,transport_query
14223,qa_maths,qa_maths,qa_maths,qa_maths,qa_maths,qa_maths,qa_maths
14228,qa_currency,qa_currency,qa_currency,qa_currency,qa_currency,qa_currency,qa_currency
14229,qa_factoid,qa_factoid,qa_factoid,qa_factoid,qa_factoid,qa_factoid,qa_factoid
14239,qa_currency,qa_currency,qa_currency,qa_currency,qa_currency,qa_currency,qa_currency
14241,qa_currency,qa_currency,qa_currency,qa_currency,qa_currency,qa_currency,qa_currency
14243,qa_factoid,general_quirky,general_quirky,general_quirky,iot_wemo_on,general_quirky,general_quirky
14246,general_quirky,general_quirky,general_quirky,general_quirky,general_quirky,qa_factoid,general_quirky
14253,qa_stock,qa_stock,qa_stock,qa_stock,qa_stock,qa_stock,qa_stock
14268,qa_maths,qa_maths,qa_maths,qa_maths,qa_maths,qa_maths,qa_maths
14272,qa_definition,qa_definition,play_audiobook,general_quirky,play_audiobook,qa_factoid,qa_definition
14283,qa_factoid,news_query,qa_factoid,qa_factoid,qa_factoid,qa_factoid,qa_factoid
14304,qa_currency,qa_currency,qa_currency,qa_currency,qa_currency,qa_currency,qa_currency
14306,qa_factoid,qa_factoid,qa_factoid,qa_factoid,general_quirky,qa_factoid,qa_factoid
14308,qa_factoid,qa_factoid,qa_definition,qa_definition,qa_definition,qa_factoid,qa_factoid
14315,general_quirky,general_quirky,general_quirky,general_quirky,general_quirky,general_quirky,general_quirky
14316,qa_factoid,qa_factoid,qa_factoid,qa_factoid,qa_factoid,qa_factoid,qa_factoid
14317,qa_factoid,qa_factoid,qa_factoid,qa_factoid,qa_factoid,qa_factoid,qa_factoid
14323,qa_factoid,qa_factoid,qa_factoid,qa_factoid,qa_factoid,qa_definition,qa_factoid
14330,qa_factoid,qa_factoid,qa_factoid,qa_factoid,qa_factoid,qa_factoid,qa_factoid
14339,general_quirky,qa_factoid,qa_factoid,qa_factoid,qa_factoid,qa_factoid,general_quirky
14342,qa_stock,qa_stock,qa_stock,qa_stock,qa_stock,qa_stock,qa_stock
14347,qa_definition,qa_factoid,qa_definition,qa_definition,qa_definition,qa_definition,qa_definition
14348,general_quirky,general_quirky,qa_definition,cooking_recipe,general_quirky,general_quirky,general_quirky
14354,qa_factoid,general_quirky,qa_factoid,qa_factoid,qa_factoid,general_quirky,qa_factoid
14355,qa_factoid,qa_factoid,qa_factoid,qa_factoid,qa_factoid,general_quirky,recommendation_locations
14356,general_quirky,general_quirky,general_quirky,general_quirky,general_quirky,general_quirky,general_quirky
14367,general_quirky,weather_query,weather_query,weather_query,weather_query,news_query,general_quirky
14368,general_quirky,qa_factoid,qa_factoid,qa_factoid,general_quirky,qa_factoid,qa_factoid
14370,qa_factoid,news_query,general_quirky,general_quirky,datetime_query,qa_factoid,qa_factoid
14378,qa_definition,qa_definition,qa_definition,qa_definition,qa_definition,qa_definition,qa_definition
14382,qa_factoid,qa_factoid,qa_factoid,qa_factoid,qa_factoid,qa_factoid,qa_factoid
14395,qa_factoid,qa_factoid,qa_factoid,qa_factoid,qa_factoid,qa_factoid,qa_factoid
14406,qa_stock,qa_stock,qa_stock,qa_stock,qa_stock,qa_stock,qa_stock
14412,general_quirky,qa_definition,play_game,qa_definition,qa_definition,general_quirky,news_query
14414,qa_definition,qa_definition,qa_definition,general_quirky,qa_definition,qa_definition,qa_definition
14417,qa_factoid,qa_factoid,qa_factoid,qa_factoid,calendar_set,qa_factoid,qa_factoid
14418,general_quirky,general_quirky,general_quirky,general_quirky,general_quirky,qa_factoid,general_quirky
14419,qa_factoid,general_quirky,recommendation_movies,general_quirky,recommendation_movies,recommendation_movies,recommendation_movies
14429,qa_definition,qa_factoid,qa_definition,qa_definition,qa_definition,qa_definition,qa_definition
14437,qa_currency,qa_currency,qa_currency,qa_currency,qa_currency,qa_currency,qa_currency
14440,qa_factoid,qa_factoid,qa_factoid,qa_factoid,qa_factoid,qa_factoid,qa_factoid
14442,qa_factoid,qa_factoid,qa_factoid,qa_factoid,qa_factoid,qa_factoid,qa_factoid
14444,qa_factoid,qa_factoid,qa_factoid,qa_factoid,qa_factoid,qa_factoid,qa_factoid
14449,qa_factoid,email_query,qa_factoid,qa_factoid,email_query,general_quirky,general_quirky
14453,qa_currency,qa_currency,qa_currency,qa_currency,qa_currency,qa_currency,qa_currency
14457,qa_factoid,transport_query,transport_query,transport_query,qa_factoid,transport_query,transport_query
14461,general_quirky,qa_stock,qa_factoid,qa_factoid,general_quirky,qa_definition,qa_definition
14465,transport_query,transport_query,transport_query,transport_query,transport_query,transport_query,transport_query
14473,qa_stock,qa_stock,qa_stock,qa_stock,qa_stock,qa_stock,qa_stock
14475,qa_stock,qa_stock,qa_stock,qa_stock,qa_stock,qa_stock,qa_stock
14481,general_quirky,general_quirky,weather_query,weather_query,news_query,general_quirky,weather_query
14490,qa_factoid,qa_factoid,qa_factoid,qa_factoid,qa_factoid,qa_factoid,qa_factoid
14498,qa_definition,qa_definition,qa_definition,qa_definition,qa_definition,qa_definition,qa_definition
14504,qa_factoid,qa_factoid,qa_factoid,qa_factoid,qa_factoid,qa_factoid,qa_factoid
14505,qa_factoid,qa_factoid,qa_factoid,qa_factoid,qa_factoid,qa_factoid,qa_factoid
14508,qa_factoid,news_query,news_query,news_query,news_query,general_quirky,play_audiobook
14509,qa_factoid,qa_factoid,qa_factoid,qa_factoid,qa_factoid,qa_factoid,qa_factoid
14526,qa_currency,qa_stock,qa_currency,qa_currency,qa_stock,qa_currency,qa_currency
14530,qa_currency,calendar_set,calendar_set,calendar_set,qa_currency,qa_stock,qa_stock
14539,qa_factoid,qa_factoid,qa_factoid,qa_factoid,qa_factoid,qa_factoid,qa_factoid
14544,qa_stock,qa_stock,qa_stock,qa_stock,qa_stock,qa_stock,qa_stock
14545,qa_factoid,qa_factoid,qa_factoid,qa_factoid,qa_factoid,qa_factoid,qa_factoid
14549,lists_createoradd,qa_factoid,qa_factoid,lists_createoradd,lists_createoradd,lists_query,lists_createoradd
14553,general_quirky,weather_query,weather_query,weather_query,qa_factoid,weather_query,weather_query
14555,qa_stock,qa_stock,qa_stock,qa_stock,qa_stock,qa_stock,qa_stock
14564,general_quirky,general_quirky,qa_factoid,qa_factoid,qa_factoid,general_quirky,general_quirky
14567,qa_factoid,qa_factoid,qa_factoid,qa_factoid,qa_factoid,qa_factoid,qa_factoid
14585,qa_factoid,transport_query,transport_query,transport_query,transport_traffic,transport_query,transport_query
14591,qa_definition,qa_definition,qa_definition,qa_definition,qa_definition,qa_definition,qa_definition
14592,qa_definition,qa_definition,qa_definition,qa_definition,qa_definition,qa_definition,qa_definition
14597,qa_factoid,qa_factoid,qa_factoid,qa_factoid,qa_factoid,qa_factoid,qa_factoid
14599,qa_currency,qa_currency,qa_currency,qa_currency,qa_currency,qa_currency,qa_currency
14601,qa_factoid,qa_factoid,qa_factoid,qa_factoid,qa_factoid,qa_factoid,qa_factoid
14605,qa_factoid,qa_factoid,qa_factoid,qa_factoid,qa_factoid,qa_factoid,qa_factoid
14608,qa_factoid,qa_factoid,recommendation_movies,recommendation_movies,recommendation_movies,recommendation_movies,qa_factoid
14615,qa_maths,qa_maths,qa_maths,qa_maths,qa_maths,qa_maths,qa_maths
14620,qa_currency,qa_currency,qa_currency,qa_currency,qa_currency,qa_currency,qa_currency
14622,qa_definition,qa_definition,qa_definition,qa_definition,qa_definition,qa_definition,qa_definition
14644,qa_stock,qa_stock,qa_stock,qa_stock,qa_stock,qa_stock,qa_stock
14646,transport_ticket,general_quirky,general_quirky,general_quirky,general_quirky,transport_ticket,transport_query
14648,cooking_recipe,cooking_recipe,cooking_recipe,cooking_recipe,cooking_recipe,cooking_recipe,cooking_recipe
14653,qa_factoid,qa_factoid,qa_factoid,qa_factoid,qa_factoid,qa_factoid,qa_factoid
14658,qa_currency,qa_currency,qa_currency,qa_currency,qa_currency,qa_currency,qa_currency
14661,qa_factoid,qa_factoid,qa_factoid,qa_factoid,qa_factoid,qa_factoid,qa_factoid
14668,qa_definition,qa_definition,qa_definition,qa_definition,qa_definition,qa_definition,qa_definition
14673,general_quirky,general_quirky,qa_factoid,general_quirky,qa_factoid,qa_factoid,general_quirky
14683,qa_factoid,qa_factoid,qa_factoid,qa_factoid,qa_factoid,qa_factoid,qa_factoid
14684,qa_factoid,qa_factoid,qa_factoid,qa_factoid,qa_factoid,qa_factoid,qa_factoid
14690,qa_definition,qa_factoid,qa_factoid,qa_factoid,qa_definition,qa_definition,qa_factoid
14700,qa_definition,qa_factoid,qa_definition,qa_factoid,qa_definition,qa_definition,qa_definition
14701,qa_definition,qa_definition,qa_definition,qa_definition,qa_definition,play_game,qa_definition
14705,qa_factoid,qa_factoid,email_querycontact,qa_factoid,qa_factoid,qa_factoid,qa_factoid
14706,qa_factoid,qa_factoid,qa_factoid,qa_factoid,email_querycontact,qa_factoid,qa_factoid
14742,qa_currency,datetime_query,qa_currency,qa_currency,qa_currency,qa_currency,qa_currency
14746,qa_factoid,qa_factoid,qa_factoid,qa_factoid,qa_factoid,qa_factoid,qa_factoid
14757,qa_maths,general_quirky,qa_maths,qa_maths,social_post,qa_maths,qa_maths
14761,qa_definition,qa_definition,qa_definition,qa_definition,qa_definition,qa_definition,qa_definition
14762,qa_currency,qa_currency,qa_currency,qa_currency,qa_currency,qa_currency,qa_currency
14763,qa_currency,qa_currency,qa_currency,qa_currency,qa_currency,qa_currency,qa_currency
14767,qa_definition,qa_definition,qa_definition,qa_definition,qa_definition,qa_definition,qa_definition
14770,qa_factoid,qa_factoid,qa_factoid,qa_factoid,qa_factoid,qa_factoid,qa_factoid
14787,qa_factoid,qa_currency,datetime_convert,calendar_query,qa_factoid,qa_factoid,datetime_convert
14791,qa_factoid,qa_definition,qa_factoid,qa_factoid,qa_factoid,qa_definition,qa_factoid
14792,recommendation_locations,recommendation_locations,recommendation_locations,recommendation_locations,qa_factoid,recommendation_locations,qa_factoid
14794,qa_factoid,qa_factoid,qa_factoid,qa_factoid,qa_definition,general_quirky,qa_factoid
14817,general_quirky,qa_factoid,qa_factoid,qa_factoid,qa_factoid,qa_definition,general_quirky
14820,qa_stock,qa_stock,qa_stock,qa_stock,qa_stock,qa_stock,qa_stock
14822,qa_factoid,general_quirky,general_quirky,general_quirky,qa_currency,general_quirky,general_quirky
14838,qa_factoid,qa_currency,general_quirky,general_quirky,general_quirky,general_quirky,general_quirky
14857,qa_definition,qa_definition,qa_definition,qa_definition,qa_definition,qa_definition,qa_definition
14859,qa_currency,qa_currency,qa_currency,qa_currency,qa_currency,qa_currency,qa_currency
14874,qa_stock,qa_stock,qa_stock,qa_stock,qa_stock,qa_stock,qa_stock
14877,qa_factoid,general_quirky,qa_factoid,qa_factoid,recommendation_events,weather_query,weather_query
14879,qa_definition,qa_definition,qa_definition,qa_definition,qa_definition,qa_definition,qa_definition
14884,qa_factoid,qa_factoid,qa_factoid,qa_factoid,qa_factoid,qa_factoid,qa_factoid
14889,qa_definition,qa_definition,qa_definition,qa_definition,qa_definition,qa_definition,qa_definition
14891,qa_factoid,qa_factoid,qa_factoid,qa_factoid,takeaway_query,qa_factoid,general_quirky
14904,qa_stock,qa_stock,qa_stock,qa_stock,qa_stock,qa_stock,qa_stock
14912,qa_factoid,qa_factoid,qa_factoid,qa_factoid,qa_factoid,qa_factoid,qa_factoid
14917,qa_factoid,calendar_set,music_query,calendar_set,play_podcasts,qa_factoid,qa_factoid
14919,qa_stock,calendar_query,qa_stock,calendar_query,general_quirky,qa_stock,qa_stock
14925,qa_stock,qa_stock,qa_stock,qa_stock,qa_stock,qa_stock,qa_stock
14926,qa_stock,qa_stock,qa_stock,qa_stock,qa_stock,qa_stock,qa_stock
14928,qa_currency,qa_currency,qa_currency,qa_currency,qa_currency,qa_currency,qa_currency
14933,qa_factoid,qa_factoid,qa_factoid,qa_factoid,qa_factoid,qa_factoid,qa_factoid
14939,qa_factoid,calendar_query,iot_hue_lightchange,iot_hue_lightchange,iot_hue_lightchange,qa_factoid,qa_factoid
14958,general_quirky,qa_definition,qa_definition,qa_definition,email_sendemail,qa_definition,audio_volume_up
14963,general_quirky,qa_factoid,qa_factoid,qa_factoid,qa_factoid,qa_definition,news_query
14967,general_quirky,general_quirky,general_quirky,general_quirky,cooking_recipe,general_quirky,qa_factoid
14973,qa_currency,qa_currency,qa_currency,qa_currency,qa_currency,qa_currency,qa_currency
14981,qa_definition,qa_definition,qa_definition,qa_definition,qa_definition,qa_definition,qa_definition
14994,qa_factoid,qa_factoid,recommendation_movies,recommendation_movies,qa_definition,qa_factoid,qa_factoid
14995,qa_definition,qa_definition,qa_definition,qa_definition,qa_definition,qa_definition,qa_definition
15010,qa_currency,qa_currency,qa_currency,qa_currency,qa_currency,qa_currency,qa_currency
15020,qa_factoid,qa_factoid,qa_factoid,qa_factoid,qa_factoid,qa_factoid,qa_factoid
15032,qa_currency,qa_currency,qa_currency,qa_currency,qa_currency,qa_currency,qa_currency
15039,qa_factoid,qa_factoid,qa_factoid,qa_factoid,qa_factoid,qa_factoid,qa_factoid
15055,qa_factoid,qa_factoid,qa_factoid,qa_factoid,qa_factoid,qa_factoid,qa_factoid
15056,qa_factoid,qa_factoid,qa_factoid,qa_factoid,qa_factoid,qa_factoid,qa_factoid
15062,qa_factoid,qa_factoid,qa_factoid,qa_factoid,qa_factoid,qa_factoid,qa_factoid
15075,qa_factoid,qa_factoid,general_quirky,general_quirky,qa_factoid,qa_factoid,qa_factoid
15092,qa_definition,qa_definition,qa_definition,qa_definition,qa_definition,qa_definition,qa_definition
15094,qa_factoid,email_querycontact,email_querycontact,qa_factoid,email_querycontact,qa_factoid,qa_factoid
15095,qa_factoid,qa_factoid,qa_factoid,qa_factoid,qa_factoid,qa_factoid,qa_factoid
15109,qa_currency,qa_currency,qa_currency,qa_currency,qa_currency,qa_currency,qa_currency
15113,general_quirky,transport_query,transport_query,transport_query,qa_factoid,qa_factoid,qa_factoid
15124,qa_currency,qa_currency,qa_currency,qa_currency,qa_currency,qa_currency,qa_currency
15127,qa_definition,qa_definition,qa_definition,qa_definition,qa_definition,qa_definition,qa_definition
15133,qa_stock,qa_factoid,qa_factoid,qa_factoid,general_greet,qa_stock,qa_stock
15137,general_quirky,qa_factoid,qa_factoid,qa_factoid,general_quirky,general_quirky,qa_definition
15138,social_query,social_query,calendar_query,calendar_query,calendar_query,social_query,social_query
15155,social_post,social_post,social_post,social_post,social_post,social_post,social_post
15166,social_post,social_post,social_post,social_post,social_post,social_post,social_post
15177,social_post,social_post,social_post,social_post,social_post,social_post,social_post
15181,social_query,email_query,email_query,email_query,email_query,social_query,social_query
15185,social_post,email_sendemail,calendar_set,calendar_set,calendar_set,general_quirky,calendar_set
15186,social_post,calendar_set,general_quirky,general_quirky,general_quirky,general_quirky,calendar_set
15187,social_post,social_post,social_post,social_post,social_post,social_post,social_post
15197,social_post,social_post,social_post,social_post,social_post,social_post,social_post
15199,social_query,news_query,news_query,news_query,recommendation_events,news_query,recommendation_events
15200,social_query,news_query,news_query,news_query,news_query,social_query,social_query
15203,social_query,news_query,news_query,news_query,news_query,news_query,news_query
15205,social_query,social_query,social_query,social_query,social_query,social_query,social_query
15208,social_post,social_post,social_post,social_post,social_post,social_post,social_post
15213,news_query,news_query,news_query,news_query,qa_maths,news_query,news_query
15214,news_query,news_query,news_query,news_query,news_query,news_query,news_query
15216,social_post,social_post,social_post,social_post,social_post,social_post,social_post
15225,social_query,news_query,news_query,general_quirky,news_query,calendar_query,social_query
15229,social_query,email_query,social_query,social_query,social_post,social_query,social_query
15231,social_post,social_post,social_post,social_post,social_post,social_post,social_post
15249,social_query,social_query,social_query,general_quirky,general_quirky,social_query,social_query
15271,social_post,social_post,social_post,social_post,social_post,social_post,social_post
15274,social_query,social_query,social_query,social_query,social_query,social_query,social_query
15275,social_post,social_post,social_post,social_post,social_post,social_post,social_post
15276,social_post,social_post,social_post,social_post,social_post,social_post,social_post
15280,social_query,social_post,social_query,social_query,social_query,social_query,social_query
15289,social_post,social_post,social_post,social_post,social_post,social_post,social_post
15296,social_query,news_query,social_query,social_query,social_post,social_query,social_query
15298,social_query,social_query,social_query,social_query,social_query,social_query,social_query
15304,social_query,social_query,social_query,social_query,social_query,social_query,social_query
15305,calendar_query,social_query,social_query,social_query,email_query,social_query,social_query
15311,social_query,news_query,social_query,social_query,news_query,social_query,social_query
15318,social_post,email_sendemail,calendar_query,calendar_query,calendar_set,general_quirky,general_quirky
15321,social_query,social_post,social_post,social_post,social_post,social_query,social_query
15326,social_query,social_query,social_query,social_query,social_query,social_query,social_query
15333,social_query,social_query,news_query,news_query,email_query,social_query,social_query
15337,social_post,social_post,social_post,social_post,social_post,social_post,social_post
15345,social_query,social_query,social_query,social_query,social_post,social_query,social_query
15348,social_query,qa_factoid,qa_factoid,qa_factoid,qa_factoid,social_query,social_query
15350,social_post,general_quirky,general_quirky,general_quirky,general_quirky,social_post,social_post
15358,social_post,social_post,social_post,social_post,social_post,social_post,social_post
15359,social_post,social_post,social_post,social_post,social_post,social_post,social_post
15364,social_post,general_quirky,social_post,general_quirky,general_quirky,social_post,social_post
15382,social_post,social_post,audio_volume_up,email_querycontact,email_querycontact,social_post,social_post
15387,social_post,social_post,social_post,social_post,social_post,social_post,social_post
15399,social_post,social_post,social_post,social_post,social_post,social_post,social_post
15401,social_post,social_post,social_post,social_post,social_post,social_post,social_post
15402,social_post,social_post,social_post,social_post,social_post,social_post,social_post
15409,social_post,social_post,social_post,social_post,social_post,social_post,social_post
15413,social_post,email_query,general_quirky,general_quirky,news_query,email_querycontact,general_quirky
15444,social_post,social_post,audio_volume_down,calendar_set,calendar_set,social_post,social_post
15445,social_query,social_query,social_query,social_query,calendar_query,social_query,social_query
15448,social_post,social_post,social_post,social_post,social_post,social_post,social_post
15454,social_post,social_post,social_post,social_post,social_post,social_post,social_post
15456,social_post,social_post,social_post,social_post,social_post,social_post,social_post
15457,social_post,social_post,social_post,social_post,social_post,social_post,social_post
15459,social_post,social_post,social_post,social_post,social_post,social_post,social_post
15464,social_post,social_post,social_post,social_post,social_post,social_post,social_post
15467,social_post,social_post,social_post,social_post,social_post,social_post,social_post
15472,social_post,social_post,social_post,social_post,social_post,social_post,social_post
15487,social_post,social_post,social_post,social_post,social_post,social_post,social_post
15488,social_post,social_post,social_post,social_post,social_post,social_post,social_post
15503,social_post,social_post,social_post,social_post,social_post,social_post,social_post
15508,social_post,social_post,social_post,social_post,social_post,social_post,social_post
15511,social_query,social_query,social_query,social_query,social_query,social_query,social_query
15513,social_query,social_query,social_query,social_query,social_query,social_query,social_query
15518,social_post,social_post,social_post,social_post,social_post,social_post,social_post
15532,social_post,social_post,social_post,social_post,social_post,social_post,social_post
15546,social_post,takeaway_order,social_post,social_post,social_post,social_post,social_post
15548,social_post,social_post,social_post,social_post,social_post,social_post,social_post
15553,social_post,social_post,social_post,social_post,social_post,social_post,social_post
15554,social_post,social_post,social_post,social_post,social_post,social_post,social_post
15556,social_post,social_post,social_post,social_post,social_post,social_post,social_post
15557,social_post,social_post,social_post,social_post,social_post,social_post,social_post
15560,social_post,social_post,social_post,social_post,social_post,social_post,social_post
15561,general_quirky,general_quirky,general_quirky,general_quirky,play_radio,general_quirky,general_quirky
15563,general_quirky,calendar_remove,calendar_remove,calendar_remove,calendar_remove,calendar_remove,lists_remove
15565,social_post,social_post,social_post,social_post,general_quirky,lists_remove,social_post
15587,social_post,social_post,social_post,social_post,social_post,social_query,social_post
15592,social_post,social_post,social_post,social_post,social_post,social_post,social_post
15593,social_post,social_post,social_post,social_post,social_post,social_post,social_post
15598,social_post,social_post,social_post,social_post,social_post,social_post,social_post
15610,social_post,social_post,social_post,social_post,social_post,social_post,social_post
15618,social_post,social_post,social_post,social_post,social_post,social_post,social_post
15626,social_post,social_post,social_post,social_post,social_post,social_post,social_post
15634,social_post,social_post,social_post,social_post,social_post,social_post,social_post
15635,social_post,social_post,social_post,social_post,social_post,social_post,social_post
15647,social_post,social_post,social_post,social_post,social_post,social_post,social_post
15651,social_post,social_post,social_post,social_post,social_post,social_post,social_post
15652,social_post,social_post,social_post,social_post,social_post,social_post,social_post
15655,social_post,social_post,social_post,social_post,social_post,social_post,social_post
15656,social_post,social_post,social_post,social_post,social_post,social_post,social_post
15661,social_post,social_post,social_post,social_post,social_post,social_post,social_post
15670,social_post,social_post,social_post,social_post,social_post,social_post,social_post
15672,social_post,social_post,social_post,social_post,social_post,social_post,social_post
15676,social_post,social_post,social_post,social_post,social_post,social_post,social_post
15686,social_post,general_quirky,takeaway_order,takeaway_order,takeaway_order,social_post,social_post
15693,social_post,general_quirky,social_post,social_post,social_post,social_post,social_post
15700,social_post,social_post,social_post,social_post,social_post,social_post,social_post
15703,social_post,social_post,social_post,social_post,social_post,social_post,social_post
15706,social_post,social_post,social_post,social_post,social_post,social_post,social_post
15707,social_post,social_post,social_post,social_post,social_post,social_post,social_post
15708,social_post,social_post,social_post,social_post,social_post,social_post,social_post
15721,social_post,social_post,social_post,social_post,social_post,social_post,social_post
15723,social_post,social_post,social_post,social_post,calendar_set,social_post,social_post
15731,social_post,social_post,social_post,social_post,social_post,social_post,social_post
15732,social_post,social_post,social_post,social_post,social_post,social_post,social_post
15736,social_post,social_post,social_post,social_post,social_post,social_post,social_post
15747,email_addcontact,calendar_set,email_addcontact,email_query,email_addcontact,email_addcontact,email_addcontact
15756,email_sendemail,email_sendemail,email_sendemail,email_sendemail,email_sendemail,email_sendemail,email_sendemail
15763,email_query,email_query,email_query,email_query,email_query,email_query,email_query
15765,email_sendemail,email_sendemail,email_sendemail,email_sendemail,email_sendemail,email_sendemail,email_sendemail
15777,email_query,email_query,email_query,email_query,email_query,email_query,email_query
15785,email_query,email_query,email_query,email_query,email_query,email_query,email_query
15789,email_query,email_query,email_query,email_query,email_query,email_query,email_query
15792,calendar_query,calendar_query,calendar_query,calendar_query,calendar_query,calendar_query,calendar_query
15794,email_querycontact,qa_factoid,qa_factoid,qa_factoid,qa_factoid,qa_factoid,qa_factoid
15796,email_sendemail,email_sendemail,email_query,email_sendemail,email_query,email_sendemail,email_sendemail
15802,email_sendemail,email_sendemail,email_sendemail,email_sendemail,email_sendemail,email_sendemail,email_sendemail
15809,email_query,email_query,email_query,email_query,email_query,email_query,email_query
15815,email_querycontact,email_querycontact,email_querycontact,email_querycontact,email_querycontact,email_querycontact,email_querycontact
15825,email_sendemail,email_sendemail,email_sendemail,email_sendemail,email_sendemail,email_sendemail,email_sendemail
15828,email_sendemail,email_sendemail,email_sendemail,email_sendemail,email_sendemail,email_addcontact,email_addcontact
15829,email_sendemail,email_sendemail,email_sendemail,email_sendemail,email_sendemail,email_addcontact,email_sendemail
15839,email_query,news_query,news_query,news_query,general_quirky,general_quirky,news_query
15841,email_sendemail,email_sendemail,email_sendemail,email_sendemail,email_sendemail,email_sendemail,email_sendemail
15845,email_sendemail,qa_factoid,email_sendemail,email_sendemail,email_sendemail,general_quirky,email_sendemail
15847,email_sendemail,general_quirky,general_quirky,general_quirky,general_quirky,general_quirky,general_quirky
15849,email_sendemail,email_sendemail,email_sendemail,email_sendemail,email_sendemail,email_sendemail,email_sendemail
15857,email_sendemail,email_sendemail,email_sendemail,email_sendemail,email_sendemail,email_sendemail,email_sendemail
15862,email_query,email_query,email_query,email_query,email_query,email_query,email_query
15880,email_query,email_query,email_query,email_query,email_query,email_query,email_query
15890,email_query,email_query,email_query,email_query,email_query,email_query,email_query
15904,email_query,email_query,email_query,email_query,email_query,email_query,email_query
15906,email_sendemail,email_sendemail,email_sendemail,email_sendemail,email_sendemail,email_sendemail,email_sendemail
15911,email_sendemail,email_sendemail,email_sendemail,email_sendemail,email_sendemail,email_sendemail,email_sendemail
15933,email_query,email_query,email_query,email_query,email_query,email_query,email_query
15942,email_sendemail,email_sendemail,email_sendemail,email_sendemail,email_sendemail,email_sendemail,email_sendemail
15946,email_querycontact,email_querycontact,email_querycontact,email_querycontact,email_querycontact,email_querycontact,email_querycontact
15948,email_querycontact,email_querycontact,email_querycontact,email_querycontact,email_querycontact,email_querycontact,email_querycontact
15950,email_sendemail,email_sendemail,email_sendemail,email_sendemail,email_sendemail,email_sendemail,email_sendemail
15957,email_sendemail,email_sendemail,email_sendemail,email_sendemail,email_sendemail,email_sendemail,email_sendemail
15963,email_query,email_query,email_query,email_query,email_query,email_query,email_query
15966,email_query,general_quirky,email_sendemail,general_quirky,email_sendemail,email_sendemail,email_sendemail
15968,email_query,calendar_set,datetime_convert,general_quirky,general_quirky,calendar_set,general_quirky
15970,email_query,email_query,email_query,email_query,email_query,email_query,email_query
15971,email_query,email_query,email_query,email_query,email_query,email_query,email_query
15982,email_querycontact,email_querycontact,email_querycontact,email_querycontact,email_querycontact,email_querycontact,email_querycontact
15983,email_querycontact,email_querycontact,email_querycontact,email_querycontact,email_query,email_querycontact,email_querycontact
15987,email_addcontact,email_addcontact,email_addcontact,email_addcontact,email_addcontact,email_addcontact,email_addcontact
15994,email_sendemail,email_sendemail,email_sendemail,email_sendemail,email_sendemail,email_sendemail,email_sendemail
15995,email_sendemail,news_query,email_query,email_query,email_sendemail,email_sendemail,email_sendemail
15998,email_query,email_query,email_query,email_query,email_query,email_query,email_query
16002,email_query,email_query,email_query,email_query,email_query,email_query,email_query
16005,email_sendemail,email_sendemail,email_sendemail,email_sendemail,email_sendemail,email_sendemail,email_sendemail
16010,email_query,email_query,email_query,email_query,email_query,email_query,email_query
16024,email_sendemail,email_sendemail,email_sendemail,email_sendemail,email_sendemail,email_sendemail,email_sendemail
16028,email_sendemail,email_sendemail,email_sendemail,email_sendemail,email_sendemail,email_sendemail,email_sendemail
16029,email_sendemail,email_sendemail,email_sendemail,email_sendemail,email_sendemail,email_sendemail,email_sendemail
16032,email_sendemail,email_sendemail,email_sendemail,email_sendemail,email_sendemail,email_sendemail,email_sendemail
16038,email_query,email_query,email_query,email_query,email_query,email_query,email_query
16045,email_sendemail,email_sendemail,email_sendemail,email_sendemail,email_sendemail,email_sendemail,email_sendemail
16048,email_query,email_query,email_query,email_query,email_query,email_query,email_query
16049,email_sendemail,email_sendemail,email_sendemail,email_sendemail,email_sendemail,email_sendemail,email_sendemail
16050,email_query,email_query,email_query,email_query,general_quirky,email_query,email_query
16052,email_query,email_query,email_query,email_query,general_quirky,email_query,email_query
16056,email_sendemail,email_sendemail,email_sendemail,email_sendemail,email_sendemail,email_sendemail,email_sendemail
16061,email_query,email_query,email_query,email_query,email_query,email_query,email_query
16072,email_sendemail,email_sendemail,email_sendemail,email_sendemail,email_sendemail,email_sendemail,email_sendemail
16075,email_query,email_query,email_query,email_query,email_query,email_query,email_query
16082,email_sendemail,email_sendemail,email_sendemail,email_sendemail,email_sendemail,email_sendemail,email_sendemail
16089,email_query,email_query,email_query,email_query,email_query,email_query,email_query
16096,email_query,email_query,email_query,email_query,email_query,email_query,email_query
16098,email_query,email_query,email_query,email_query,email_query,email_query,email_query
16100,email_query,email_query,email_query,email_query,email_query,email_query,email_query
16103,email_sendemail,email_sendemail,email_sendemail,email_sendemail,email_sendemail,email_sendemail,email_sendemail
16120,email_sendemail,email_sendemail,email_sendemail,email_sendemail,weather_query,email_sendemail,email_sendemail
16131,email_sendemail,email_sendemail,email_addcontact,email_addcontact,email_sendemail,email_addcontact,email_addcontact
16145,email_query,email_query,email_query,email_query,email_query,email_query,email_query
16146,news_query,news_query,news_query,news_query,social_query,news_query,news_query
16148,email_sendemail,email_sendemail,email_sendemail,email_sendemail,email_sendemail,email_sendemail,email_sendemail
16151,email_query,calendar_query,calendar_query,calendar_query,calendar_set,calendar_query,calendar_query
16158,email_addcontact,email_sendemail,email_sendemail,email_sendemail,email_sendemail,calendar_set,email_addcontact
16162,email_sendemail,email_sendemail,email_sendemail,email_sendemail,email_sendemail,email_sendemail,email_sendemail
16163,email_query,email_query,music_query,music_query,qa_factoid,email_query,email_query
16165,email_query,email_query,email_query,email_query,news_query,email_query,email_query
16166,email_sendemail,email_sendemail,email_sendemail,email_sendemail,email_sendemail,email_sendemail,email_sendemail
16168,email_query,email_query,email_query,email_query,email_query,email_query,email_query
16170,email_query,email_query,email_query,email_query,email_query,email_query,email_query
16178,email_query,email_query,email_query,email_query,email_query,email_query,email_query
16183,email_query,email_query,email_query,email_query,email_query,email_query,email_query
16201,email_sendemail,email_sendemail,email_sendemail,email_sendemail,email_sendemail,email_sendemail,email_sendemail
16221,email_sendemail,email_sendemail,email_sendemail,email_sendemail,email_sendemail,email_sendemail,email_sendemail
16222,email_querycontact,email_querycontact,email_querycontact,email_querycontact,qa_factoid,qa_factoid,email_querycontact
16225,email_addcontact,email_querycontact,email_querycontact,email_querycontact,email_querycontact,email_querycontact,email_querycontact
16228,email_querycontact,datetime_query,calendar_set,calendar_set,weather_query,calendar_query,calendar_query
16229,email_querycontact,email_query,email_querycontact,email_querycontact,email_querycontact,email_querycontact,email_querycontact
16245,email_sendemail,email_sendemail,email_sendemail,email_sendemail,email_sendemail,email_sendemail,email_sendemail
16248,email_query,email_query,email_query,email_query,email_query,email_query,email_query
16263,email_query,email_query,email_query,email_query,email_query,email_query,email_query
16266,email_sendemail,email_sendemail,email_sendemail,email_sendemail,email_sendemail,email_sendemail,email_sendemail
16271,email_query,email_query,email_query,email_query,email_query,email_query,email_query
16273,email_querycontact,general_quirky,email_querycontact,general_quirky,cooking_recipe,email_querycontact,email_querycontact
16275,email_query,email_query,email_query,email_query,email_query,email_query,email_query
16276,email_query,email_query,email_query,email_query,email_query,email_query,email_query
16280,email_sendemail,email_sendemail,email_sendemail,email_sendemail,email_sendemail,email_sendemail,email_sendemail
16282,email_sendemail,email_sendemail,email_sendemail,email_sendemail,email_sendemail,email_sendemail,email_sendemail
16296,email_sendemail,email_sendemail,email_sendemail,email_sendemail,email_sendemail,email_sendemail,email_sendemail
16297,email_sendemail,email_sendemail,email_sendemail,email_sendemail,email_sendemail,email_sendemail,email_sendemail
16314,email_sendemail,email_sendemail,email_sendemail,email_sendemail,email_sendemail,email_sendemail,email_sendemail
16317,email_query,email_query,email_query,email_query,email_query,email_query,email_query
16318,email_sendemail,email_sendemail,email_sendemail,email_sendemail,email_sendemail,email_sendemail,email_sendemail
16320,email_sendemail,email_sendemail,email_sendemail,email_sendemail,email_sendemail,email_sendemail,email_sendemail
16353,email_query,email_query,email_query,email_query,email_query,email_query,email_query
16354,email_query,email_query,email_query,email_query,email_query,email_query,email_query
16356,email_query,email_query,email_query,email_query,email_query,email_query,email_query
16357,email_query,email_query,email_query,email_query,email_query,email_query,email_query
16361,email_query,email_query,email_query,email_query,email_query,email_query,email_query
16373,email_query,email_query,email_query,email_query,email_query,email_query,email_query
16375,email_sendemail,email_sendemail,email_sendemail,email_sendemail,email_sendemail,email_sendemail,email_sendemail
16376,email_sendemail,email_sendemail,email_sendemail,email_sendemail,email_sendemail,email_sendemail,email_sendemail
16377,email_sendemail,email_sendemail,email_sendemail,email_sendemail,email_sendemail,email_sendemail,email_sendemail
16384,email_query,email_query,email_query,email_query,email_query,email_query,email_query
16385,email_query,email_query,email_query,email_query,email_query,email_query,email_query
16398,email_sendemail,email_sendemail,email_sendemail,email_sendemail,email_sendemail,email_sendemail,email_sendemail
16399,email_query,email_query,email_query,email_query,email_query,email_query,email_query
16401,email_sendemail,general_quirky,general_quirky,general_quirky,email_sendemail,email_sendemail,email_sendemail
16402,email_sendemail,calendar_query,email_sendemail,email_sendemail,email_sendemail,email_sendemail,email_sendemail
16406,email_sendemail,email_sendemail,email_sendemail,email_sendemail,email_query,email_sendemail,email_sendemail
16410,email_sendemail,email_sendemail,email_sendemail,email_sendemail,email_sendemail,email_sendemail,email_sendemail
16413,email_query,email_query,email_query,email_query,email_query,email_query,email_query
16419,email_sendemail,email_sendemail,email_sendemail,email_sendemail,email_sendemail,email_sendemail,email_sendemail
16427,email_query,email_query,email_query,email_query,email_query,email_query,email_query
16430,email_sendemail,email_sendemail,email_sendemail,email_sendemail,email_sendemail,email_sendemail,email_sendemail
16437,email_sendemail,email_sendemail,email_sendemail,email_sendemail,email_sendemail,email_sendemail,email_sendemail
16438,email_sendemail,email_sendemail,email_query,email_query,email_sendemail,email_sendemail,email_sendemail
16446,email_query,email_query,email_query,email_query,email_query,email_query,email_query
16455,email_addcontact,email_addcontact,email_addcontact,email_addcontact,email_addcontact,email_addcontact,email_addcontact
16459,email_sendemail,email_sendemail,email_sendemail,email_sendemail,email_sendemail,email_query,email_sendemail
16461,email_query,email_query,email_query,email_query,email_query,email_query,email_query
16467,email_query,email_query,email_query,email_query,email_query,email_query,email_query
16470,email_addcontact,email_addcontact,email_addcontact,email_addcontact,email_addcontact,email_addcontact,email_addcontact
16471,email_query,email_query,email_query,email_query,email_query,email_query,email_query
16496,email_sendemail,email_sendemail,email_sendemail,email_sendemail,email_sendemail,email_sendemail,email_sendemail
16501,email_sendemail,email_sendemail,email_sendemail,email_sendemail,email_sendemail,email_sendemail,email_sendemail
16506,email_sendemail,email_sendemail,email_sendemail,email_sendemail,email_sendemail,email_sendemail,email_sendemail
16518,email_sendemail,email_sendemail,email_addcontact,email_sendemail,email_addcontact,email_addcontact,email_addcontact
16519,email_sendemail,email_addcontact,email_addcontact,email_addcontact,email_addcontact,email_addcontact,email_addcontact
16523,email_querycontact,email_querycontact,email_querycontact,email_querycontact,email_querycontact,email_querycontact,email_querycontact
16529,email_querycontact,email_query,email_querycontact,email_querycontact,email_querycontact,email_querycontact,email_querycontact
16532,email_querycontact,calendar_set,calendar_set,calendar_set,calendar_set,transport_taxi,email_querycontact
16535,email_sendemail,email_sendemail,email_sendemail,email_sendemail,email_sendemail,email_sendemail,email_sendemail
16559,email_sendemail,email_sendemail,email_sendemail,email_sendemail,email_sendemail,email_sendemail,email_sendemail
16560,email_sendemail,email_sendemail,email_sendemail,email_sendemail,email_sendemail,email_sendemail,email_sendemail
16563,email_query,email_query,email_query,email_query,email_query,email_query,email_query
16583,email_querycontact,email_querycontact,email_querycontact,email_querycontact,email_querycontact,email_querycontact,email_querycontact
16589,email_querycontact,music_query,email_querycontact,email_querycontact,qa_factoid,email_querycontact,email_querycontact
16591,email_sendemail,email_sendemail,email_sendemail,email_sendemail,email_sendemail,email_sendemail,email_sendemail
16593,email_sendemail,email_sendemail,email_sendemail,email_sendemail,email_sendemail,email_sendemail,email_sendemail
16603,email_query,email_query,email_query,email_query,email_query,email_query,email_query
16605,email_sendemail,email_sendemail,email_sendemail,email_sendemail,email_sendemail,email_sendemail,email_sendemail
16609,email_query,email_query,email_query,email_query,email_query,email_query,email_query
16613,email_sendemail,email_sendemail,email_sendemail,email_sendemail,email_sendemail,email_sendemail,email_sendemail
16622,email_sendemail,email_sendemail,email_sendemail,email_sendemail,email_sendemail,email_sendemail,email_sendemail
16624,email_sendemail,email_sendemail,email_sendemail,email_sendemail,email_sendemail,email_sendemail,email_sendemail
16627,email_query,email_query,email_query,email_query,email_query,email_query,email_query
16630,email_sendemail,email_sendemail,email_sendemail,email_sendemail,email_sendemail,email_sendemail,email_sendemail
16642,email_query,email_query,email_query,email_query,email_query,email_query,email_query
16648,email_query,email_query,email_query,email_query,email_query,email_query,email_query
16652,email_query,email_query,email_query,email_query,email_query,email_query,email_query
16662,email_query,email_query,email_query,email_query,email_query,email_query,email_query
16666,email_query,email_query,email_query,email_query,email_query,email_query,email_query
16668,email_query,email_query,email_query,email_query,email_query,email_query,email_query
16669,email_query,email_query,email_query,email_query,email_query,email_query,email_query
16672,email_query,email_query,email_query,qa_factoid,social_post,email_query,email_querycontact
16677,email_query,email_query,email_query,email_query,email_query,email_query,email_query
16693,email_addcontact,email_addcontact,email_addcontact,email_addcontact,email_query,email_addcontact,email_addcontact
16694,email_addcontact,email_sendemail,email_sendemail,email_sendemail,email_sendemail,email_addcontact,email_addcontact
16698,email_sendemail,email_sendemail,email_sendemail,email_sendemail,email_sendemail,email_sendemail,email_sendemail
16701,email_sendemail,email_sendemail,email_sendemail,email_sendemail,email_sendemail,email_sendemail,email_sendemail
16703,email_sendemail,email_sendemail,email_sendemail,email_sendemail,email_sendemail,email_sendemail,email_sendemail
16710,email_querycontact,general_quirky,email_querycontact,email_querycontact,qa_factoid,email_querycontact,email_querycontact
16711,email_querycontact,email_query,email_addcontact,email_addcontact,email_addcontact,email_querycontact,email_querycontact
16712,email_query,email_query,email_query,email_query,email_query,email_query,email_query
16713,email_query,email_query,email_query,email_query,email_query,email_query,email_query
16717,email_sendemail,email_sendemail,email_sendemail,email_sendemail,email_sendemail,email_sendemail,email_sendemail
16719,email_query,email_query,email_query,email_query,email_query,email_query,email_query
16729,email_sendemail,email_sendemail,email_sendemail,email_sendemail,email_query,email_sendemail,email_sendemail
16730,email_query,email_query,email_query,email_query,email_query,email_query,email_query
16733,email_query,email_query,email_query,email_query,email_query,email_query,email_query
16749,email_query,email_query,email_query,email_query,email_query,email_query,email_query
16754,email_sendemail,email_sendemail,email_query,email_sendemail,email_query,email_sendemail,email_sendemail
16758,email_query,email_query,email_query,email_query,email_query,email_query,email_query
16763,email_query,email_query,email_query,email_query,email_query,email_query,email_query
16765,email_query,news_query,email_query,email_query,email_query,calendar_query,email_query
16766,email_query,email_query,email_query,email_query,email_query,email_query,email_query
16772,email_query,email_query,email_query,email_query,email_query,email_query,email_query
16777,email_querycontact,email_querycontact,email_querycontact,email_querycontact,email_querycontact,email_querycontact,email_querycontact
16780,email_sendemail,email_sendemail,email_sendemail,email_sendemail,email_sendemail,email_sendemail,email_sendemail
16781,email_addcontact,email_sendemail,email_sendemail,email_sendemail,email_sendemail,email_addcontact,email_sendemail
16791,email_sendemail,email_sendemail,email_sendemail,email_sendemail,email_sendemail,email_sendemail,email_sendemail
16797,email_querycontact,email_querycontact,email_querycontact,email_querycontact,email_querycontact,email_querycontact,email_querycontact
16799,email_query,email_query,email_query,email_query,email_query,email_query,email_query
16801,email_query,email_query,email_query,email_query,email_query,email_query,email_query
16813,email_query,email_query,email_query,email_query,email_query,email_query,email_query
16814,email_query,email_query,email_query,email_query,email_query,email_query,email_query
16838,email_sendemail,email_sendemail,email_sendemail,email_sendemail,email_sendemail,email_sendemail,email_sendemail
16846,email_addcontact,email_addcontact,email_addcontact,email_addcontact,email_addcontact,email_addcontact,email_addcontact
16851,email_query,email_query,email_query,email_query,email_query,email_query,email_query
16859,email_query,email_query,email_query,email_query,email_query,email_query,email_query
16872,email_sendemail,email_sendemail,email_sendemail,email_sendemail,email_sendemail,email_sendemail,email_sendemail
16873,email_sendemail,email_sendemail,email_sendemail,email_sendemail,email_sendemail,email_sendemail,email_sendemail
16874,email_querycontact,calendar_query,calendar_query,calendar_query,calendar_query,email_querycontact,email_querycontact
16880,email_sendemail,email_sendemail,email_query,email_query,email_sendemail,email_sendemail,email_sendemail
16883,email_sendemail,email_sendemail,email_sendemail,email_sendemail,email_sendemail,email_sendemail,email_sendemail
16886,email_sendemail,email_sendemail,email_sendemail,email_sendemail,email_sendemail,email_sendemail,email_sendemail
16888,email_query,email_query,email_query,email_query,email_query,email_query,email_query
16890,email_query,email_query,email_query,email_query,email_query,email_query,email_query
16891,email_sendemail,email_sendemail,email_sendemail,email_sendemail,email_sendemail,email_sendemail,email_sendemail
16892,email_sendemail,email_sendemail,email_sendemail,email_sendemail,email_sendemail,email_sendemail,email_sendemail
16899,email_query,email_query,email_query,email_query,email_query,email_query,email_query
16907,email_querycontact,email_querycontact,email_querycontact,email_querycontact,email_querycontact,email_querycontact,email_querycontact
16911,email_addcontact,email_sendemail,email_sendemail,email_sendemail,email_sendemail,email_addcontact,email_sendemail
16914,email_query,email_query,email_query,email_query,email_query,email_query,email_query
16916,email_sendemail,email_sendemail,email_sendemail,email_sendemail,email_sendemail,email_query,email_sendemail
16924,email_query,email_query,email_query,email_query,email_query,email_query,email_query
16930,email_query,email_query,email_query,email_query,email_query,email_query,email_query
16938,email_sendemail,email_sendemail,email_sendemail,email_sendemail,email_sendemail,email_sendemail,email_sendemail
16944,email_sendemail,email_sendemail,email_sendemail,email_sendemail,email_sendemail,email_sendemail,email_sendemail
16947,email_sendemail,email_sendemail,email_sendemail,email_sendemail,email_sendemail,email_sendemail,email_sendemail
16955,email_sendemail,email_sendemail,email_sendemail,email_sendemail,email_sendemail,email_sendemail,email_sendemail
16956,email_sendemail,email_sendemail,email_sendemail,email_sendemail,email_sendemail,email_sendemail,email_sendemail
16961,email_sendemail,email_sendemail,email_sendemail,email_sendemail,general_quirky,email_sendemail,email_sendemail
16974,email_query,email_query,email_query,email_query,email_query,email_query,email_query
16975,email_querycontact,email_querycontact,email_querycontact,email_querycontact,email_querycontact,email_querycontact,email_querycontact
16983,email_querycontact,general_quirky,email_querycontact,email_querycontact,email_querycontact,email_querycontact,email_querycontact
16987,email_query,email_query,email_query,email_query,email_query,email_query,email_query
16989,email_sendemail,email_sendemail,email_sendemail,email_sendemail,email_sendemail,email_sendemail,email_sendemail
16992,email_query,email_query,email_query,email_query,email_query,email_query,email_query
16995,email_sendemail,email_sendemail,email_sendemail,email_sendemail,email_sendemail,email_sendemail,email_sendemail
17005,email_query,email_query,email_query,email_query,email_query,email_query,email_query
17011,email_sendemail,email_sendemail,email_sendemail,email_sendemail,email_sendemail,email_sendemail,email_sendemail
17015,email_sendemail,email_sendemail,email_sendemail,email_sendemail,email_sendemail,email_sendemail,email_sendemail
17019,email_sendemail,email_sendemail,email_sendemail,email_sendemail,email_sendemail,email_sendemail,email_sendemail
17020,email_sendemail,email_sendemail,email_sendemail,email_sendemail,email_sendemail,email_sendemail,email_sendemail
17023,email_sendemail,email_sendemail,email_sendemail,email_sendemail,email_sendemail,email_sendemail,email_sendemail
17042,email_sendemail,email_sendemail,email_sendemail,email_sendemail,email_sendemail,email_sendemail,email_sendemail
17043,email_sendemail,email_sendemail,email_sendemail,email_sendemail,email_sendemail,email_sendemail,email_sendemail
17051,email_query,email_query,email_query,email_query,email_query,email_query,email_query
17052,email_query,news_query,qa_factoid,qa_factoid,email_query,general_quirky,play_music
17054,email_addcontact,email_addcontact,email_addcontact,email_addcontact,email_addcontact,email_addcontact,email_addcontact
17069,email_query,email_query,email_query,email_query,email_query,email_query,email_query
17075,email_query,email_query,email_query,email_query,email_query,email_query,email_query
17081,email_sendemail,email_sendemail,email_sendemail,email_sendemail,email_sendemail,email_sendemail,email_sendemail
17087,email_query,email_query,email_query,email_query,email_query,email_query,email_query
17090,email_querycontact,email_sendemail,email_querycontact,email_addcontact,email_querycontact,email_querycontact,email_querycontact
17095,email_querycontact,email_query,email_query,email_query,email_query,email_querycontact,email_querycontact
17098,email_query,email_query,email_query,email_query,email_query,email_query,email_query
17107,email_query,email_query,email_query,email_query,email_query,email_query,email_query
17108,email_query,email_query,email_query,email_query,email_query,email_query,email_query
17111,email_querycontact,email_query,email_querycontact,email_querycontact,email_querycontact,email_querycontact,email_querycontact
17113,email_sendemail,email_sendemail,email_sendemail,email_sendemail,email_sendemail,email_sendemail,email_sendemail
17115,email_query,email_query,email_query,email_query,email_query,email_query,email_query
17116,email_query,email_query,email_query,email_query,email_query,email_query,email_query
17119,email_query,email_query,email_query,email_query,email_query,email_query,email_query
17123,email_sendemail,email_query,email_sendemail,email_sendemail,email_sendemail,email_sendemail,email_sendemail
17135,email_query,email_query,email_query,email_query,email_query,email_query,email_query
17136,email_query,email_query,email_query,email_query,email_query,email_query,email_query
17138,email_query,email_query,email_query,email_query,general_quirky,email_query,email_query
17142,email_query,email_query,email_query,email_query,email_query,email_query,email_query
17143,email_sendemail,email_sendemail,email_sendemail,email_sendemail,email_sendemail,email_sendemail,email_sendemail
17144,email_query,email_query,email_query,email_query,email_query,email_query,email_query
17147,email_sendemail,email_sendemail,email_sendemail,email_sendemail,email_sendemail,email_sendemail,email_sendemail
17148,email_sendemail,email_sendemail,email_sendemail,email_sendemail,email_sendemail,email_sendemail,email_sendemail
17151,email_sendemail,email_sendemail,email_sendemail,email_sendemail,email_sendemail,email_sendemail,email_sendemail
17156,email_query,email_query,email_query,email_query,email_query,email_query,email_query
17157,email_query,email_query,email_query,email_query,email_query,email_query,email_query
17170,email_query,calendar_set,email_query,email_query,email_query,email_query,email_query
17179,email_query,email_query,email_query,email_query,email_query,email_query,email_query
